<?xml version="1.0" encoding="UTF-8"?>

<Observation xmlns="http://hl7.org/fhir">
  <id value="FRCoreObservationBodyHeightExample"/>
  <meta>
    <profile value="https://hl7.fr/ig/fhir/core/StructureDefinition/fr-core-observation-body-height"/>
  </meta>
  <text>
    <status value="generated"/><div xmlns="http://www.w3.org/1999/xhtml"><p class="res-header-id"><b>Narratif généré : Observation FRCoreObservationBodyHeightExample</b></p><a name="FRCoreObservationBodyHeightExample"> </a><a name="hcFRCoreObservationBodyHeightExample"> </a><div style="display: inline-block; background-color: #d9e0e7; padding: 6px; margin: 4px; border: 1px solid #8da1b4; border-radius: 5px; line-height: 60%"><p style="margin-bottom: 0px"/><p style="margin-bottom: 0px">Profil: <a href="StructureDefinition-fr-core-observation-body-height.html">FR Core Observation Body Height Profile</a></p></div><p><b>status</b>: Final</p><p><b>category</b>: <span title="Codes :{http://terminology.hl7.org/CodeSystem/observation-category vital-signs}">Vital Signs</span></p><p><b>code</b>: <span title="Codes :{http://loinc.org 8302-2}">Taille du patient [Longueur] Patient ; Numérique</span></p><p><b>subject</b>: <a href="Patient-FRCorePatientExample.html">Pierre Durand (official) Male, Date de Naissance :1974-12-25 ( NIR définitif (use: official, ))</a></p><p><b>effective</b>: 1999-07-02</p><p><b>performer</b>: <a href="Practitioner-FRCorePractitionerExample.html">Practitioner Leclerc Sophie</a></p><p><b>value</b>: 185 cm<span style="background: LightGoldenRodYellow"> (Détails : code UCUMcm = 'cm')</span></p></div>
  </text>
  <status value="final"/>
  <category>
    <coding>
      <system value="http://terminology.hl7.org/CodeSystem/observation-category"/>
      <code value="vital-signs"/>
    </coding>
  </category>
  <code>
    <coding>
      <system value="http://loinc.org"/>
      <code value="8302-2"/>
    </coding>
  </code>
  <subject>
    <reference value="Patient/FRCorePatientExample"/>
  </subject>
  <effectiveDateTime value="1999-07-02"/>
  <performer>
    <reference value="Practitioner/FRCorePractitionerExample"/>
  </performer>
  <valueQuantity>
    <value value="185"/>
    <unit value="cm"/>
    <system value="http://unitsofmeasure.org"/>
    <code value="cm"/>
  </valueQuantity>
</Observation>