<?xml version="1.0" encoding="UTF-8"?><ValueSet xmlns="http://hl7.org/fhir"><id value="fr-core-vs-bp-meas-method"/><meta><profile value="http://hl7.org/fhir/StructureDefinition/shareablevalueset|4.0.1"/></meta><text><status value="generated"/><div xmlns="http://www.w3.org/1999/xhtml"><p class="res-header-id"><b>Narratif généré : EnsembleValeurs fr-core-vs-bp-meas-method</b></p><a name="fr-core-vs-bp-meas-method"> </a><a name="hcfr-core-vs-bp-meas-method"> </a><div style="display: inline-block; background-color: #d9e0e7; padding: 6px; margin: 4px; border: 1px solid #8da1b4; border-radius: 5px; line-height: 60%"><p style="margin-bottom: 0px"/><p style="margin-bottom: 0px">Profil: <a href="http://hl7.org/fhir/R4/shareablevalueset.html">Shareable ValueSetversion : null4.0.1)</a></p></div><ul><li>Include ce(s) code(s) tel quil(s) est (sont) défini(s) dans <a href="http://www.snomed.org/"><code>http://snomed.info/sct</code></a><span title="La version nest pas explicitement indiquée. Aucun {0} correspondant trouvé"> version Non précisé (utilise la dernière version provenant du serveur de terminologie)</span><table class="none"><tr><td style="white-space:nowrap"><b>Code</b></td><td><b>Affichage</b></td></tr><tr><td><a href="http://snomed.info/id/77938009">77938009</a></td><td>Arterial pressure monitoring, invasive method (regime/therapy)</td></tr><tr><td><a href="http://snomed.info/id/17146006">17146006</a></td><td>Arterial pressure monitoring, non-invasive method (regime/therapy)</td></tr><tr><td><a href="http://snomed.info/id/37931006">37931006</a></td><td>Auscultation (procedure)</td></tr><tr><td><a href="http://snomed.info/id/765172009">765172009</a></td><td>Doppler ultrasound (procedure)</td></tr><tr><td><a href="http://snomed.info/id/13385008">13385008</a></td><td>Mediate auscultation (procedure)</td></tr><tr><td><a href="http://snomed.info/id/113011001">113011001</a></td><td>Palpation (procedure)</td></tr><tr><td><a href="http://snomed.info/id/31813000">31813000</a></td><td>Vascular oscillometry (procedure)</td></tr></table></li></ul></div></text><url value="https://hl7.fr/ig/fhir/core/ValueSet/fr-core-vs-bp-meas-method"/><version value="2.2.0-ballot"/><name value="FRCoreValueSetBloodPressureMeasurementMethod"/><title value="Blood Pressure Measurement Method value set"/><status value="active"/><experimental value="false"/><date value="2025-12-17T15:20:57+00:00"/><publisher value="Interop'Santé"/><contact><name value="Interop'Santé"/><telecom><system value="url"/><value value="http://interopsante.org/"/></telecom></contact><contact><name value="InteropSanté"/><telecom><system value="email"/><value value="fhir@interopsante.org"/><use value="work"/></telecom></contact><description value="SELECT SNOMED CT code system values that describe how a blood pressure was measured."/><jurisdiction><coding><system value="urn:iso:std:iso:3166"/><code value="FR"/><display value="France"/></coding></jurisdiction><compose><include><system value="http://snomed.info/sct"/><concept><code value="77938009"/><display value="Arterial pressure monitoring, invasive method (regime/therapy)"/></concept><concept><code value="17146006"/><display value="Arterial pressure monitoring, non-invasive method (regime/therapy)"/></concept><concept><code value="37931006"/><display value="Auscultation (procedure)"/></concept><concept><code value="765172009"/><display value="Doppler ultrasound (procedure)"/></concept><concept><code value="13385008"/><display value="Mediate auscultation (procedure)"/></concept><concept><code value="113011001"/><display value="Palpation (procedure)"/></concept><concept><code value="31813000"/><display value="Vascular oscillometry (procedure)"/></concept></include></compose></ValueSet>