<?xml version="1.0" encoding="UTF-8"?><ValueSet xmlns="http://hl7.org/fhir"><id value="fr-core-vs-schedule-unavailability-reason"/><meta><profile value="http://hl7.org/fhir/StructureDefinition/shareablevalueset|4.0.1"/></meta><text><status value="extensions"/><div xmlns="http://www.w3.org/1999/xhtml"><p class="res-header-id"><b>Narratif généré : EnsembleValeurs fr-core-vs-schedule-unavailability-reason</b></p><a name="fr-core-vs-schedule-unavailability-reason"> </a><a name="hcfr-core-vs-schedule-unavailability-reason"> </a><div style="display: inline-block; background-color: #d9e0e7; padding: 6px; margin: 4px; border: 1px solid #8da1b4; border-radius: 5px; line-height: 60%"><p style="margin-bottom: 0px"/><p style="margin-bottom: 0px">Profil: <a href="http://hl7.org/fhir/R4/shareablevalueset.html">Shareable ValueSetversion : null4.0.1)</a></p></div><ul><li>Include ce(s) code(s) tel quil(s) est (sont) défini(s) dans <a href="CodeSystem-fr-core-cs-schedule-type.html"><code>https://hl7.fr/ig/fhir/core/CodeSystem/fr-core-cs-schedule-type</code></a><span title="La version nest pas explicitement indiquée, ce qui signifie quelle est fixée à la version fournie dans cette spécification"> version 📦2.2.0-ballot</span><table class="none"><tr><td style="white-space:nowrap"><b>Code</b></td><td><b>Affichage</b></td><td><b>Définition</b></td></tr><tr><td><a href="CodeSystem-fr-core-cs-schedule-type.html#fr-core-cs-schedule-type-busy-unavailable">busy-unavailable</a></td><td>Indisponibilité</td><td>Indisponibilité</td></tr></table></li></ul></div></text><extension url="http://hl7.org/fhir/StructureDefinition/valueset-warning"><valueMarkdown value="Unavailability-reason"/></extension><extension url="http://hl7.org/fhir/StructureDefinition/structuredefinition-standards-status"><valueCode value="informative"/></extension><extension url="http://hl7.org/fhir/StructureDefinition/structuredefinition-fmm"><valueInteger value="1"/></extension><extension url="http://hl7.org/fhir/StructureDefinition/structuredefinition-wg"><valueCode value="fhir"/></extension><url value="https://hl7.fr/ig/fhir/core/ValueSet/fr-core-vs-schedule-unavailability-reason"/><version value="2.2.0-ballot"/><name value="FRCoreValueSetUnavailabilityReason"/><title value="FR Core ValueSet Unavailability Reason"/><status value="active"/><experimental value="false"/><date value="2025-12-29T14:07:05+00:00"/><publisher value="Interop'Santé"/><contact><name value="Interop'Santé"/><telecom><system value="url"/><value value="http://interopsante.org/"/></telecom></contact><contact><name value="InteropSanté"/><telecom><system value="email"/><value value="fhir@interopsante.org"/><use value="work"/></telecom></contact><description value="Raison d'indisponibilité"/><jurisdiction><coding><system value="urn:iso:std:iso:3166"/><code value="FR"/><display value="France"/></coding></jurisdiction><compose><include><system value="https://hl7.fr/ig/fhir/core/CodeSystem/fr-core-cs-schedule-type"/><concept><code value="busy-unavailable"/><display value="Indisponibilité"/></concept></include></compose></ValueSet>