{
  "resourceType" : "ValueSet",
  "id" : "fr-core-vs-practitioner-role-exercice",
  "meta" : {
    "profile" : ["http://hl7.org/fhir/StructureDefinition/shareablevalueset"]
  },
  "text" : {
    "status" : "generated",
    "div" : "<div xmlns=\"http://www.w3.org/1999/xhtml\"><p class=\"res-header-id\"><b>Narratif généré : EnsembleValeurs fr-core-vs-practitioner-role-exercice</b></p><a name=\"fr-core-vs-practitioner-role-exercice\"> </a><a name=\"hcfr-core-vs-practitioner-role-exercice\"> </a><div style=\"display: inline-block; background-color: #d9e0e7; padding: 6px; margin: 4px; border: 1px solid #8da1b4; border-radius: 5px; line-height: 60%\"><p style=\"margin-bottom: 0px\"/><p style=\"margin-bottom: 0px\">Profil: <a href=\"http://hl7.org/fhir/R4/shareablevalueset.html\">Shareable ValueSet</a></p></div><p>Ce jeu de valeur (ValueSet) inclut les codes selon les règles suivantes :</p><ul><li>Inclut tous les codes définis dans <a href=\"https://interop.esante.gouv.fr/terminologies/1.4.0/CodeSystem-TRE-R21-Fonction.html\"><code>https://mos.esante.gouv.fr/NOS/TRE_R21-Fonction/FHIR/TRE-R21-Fonction</code></a><span title=\"La version nest pas explicitement indiquée, ce qui signifie quelle est fixée à 20251023120000, la version trouvée via les références de package\"> version &#x1F4E6;20251023120000</span></li><li>Inclut tous les codes définis dans <a href=\"https://interop.esante.gouv.fr/terminologies/1.4.0/CodeSystem-TRE-R96-AutreFonctionSanitaire.html\"><code>https://mos.esante.gouv.fr/NOS/TRE_R96-AutreFonctionSanitaire/FHIR/TRE-R96-AutreFonctionSanitaire</code></a><span title=\"La version nest pas explicitement indiquée, ce qui signifie quelle est fixée à 20231215120000, la version trouvée via les références de package\"> version &#x1F4E6;20231215120000</span></li><li>Inclut tous les codes définis dans <a href=\"https://interop.esante.gouv.fr/terminologies/1.4.0/CodeSystem-TRE-R85-RolePriseCharge.html\"><code>https://mos.esante.gouv.fr/NOS/TRE_R85-RolePriseCharge/FHIR/TRE-R85-RolePriseCharge</code></a><span title=\"La version nest pas explicitement indiquée, ce qui signifie quelle est fixée à 20250919120000, la version trouvée via les références de package\"> version &#x1F4E6;20250919120000</span></li><li>Inclut tous les codes définis dans <a href=\"https://interop.esante.gouv.fr/terminologies/1.4.0/CodeSystem-TRE-R22-GenreActivite.html\"><code>https://mos.esante.gouv.fr/NOS/TRE_R22-GenreActivite/FHIR/TRE-R22-GenreActivite</code></a><span title=\"La version nest pas explicitement indiquée, ce qui signifie quelle est fixée à 20240329120000, la version trouvée via les références de package\"> version &#x1F4E6;20240329120000</span></li><li>Inclut tous les codes définis dans <a href=\"https://interop.esante.gouv.fr/terminologies/1.4.0/CodeSystem-TRE-R23-ModeExercice.html\"><code>https://mos.esante.gouv.fr/NOS/TRE_R23-ModeExercice/FHIR/TRE-R23-ModeExercice</code></a><span title=\"La version nest pas explicitement indiquée, ce qui signifie quelle est fixée à 20231215120000, la version trouvée via les références de package\"> version &#x1F4E6;20231215120000</span></li><li>Inclut tous les codes définis dans <a href=\"https://interop.esante.gouv.fr/terminologies/1.4.0/CodeSystem-TRE-R24-TypeActiviteLiberale.html\"><code>https://mos.esante.gouv.fr/NOS/TRE_R24-TypeActiviteLiberale/FHIR/TRE-R24-TypeActiviteLiberale</code></a><span title=\"La version nest pas explicitement indiquée, ce qui signifie quelle est fixée à 20231215120000, la version trouvée via les références de package\"> version &#x1F4E6;20231215120000</span></li><li>Inclut tous les codes définis dans <a href=\"https://interop.esante.gouv.fr/terminologies/1.4.0/CodeSystem-TRE-R32-StatutHospitalier.html\"><code>https://mos.esante.gouv.fr/NOS/TRE_R32-StatutHospitalier/FHIR/TRE-R32-StatutHospitalier</code></a><span title=\"La version nest pas explicitement indiquée, ce qui signifie quelle est fixée à 20231215120000, la version trouvée via les références de package\"> version &#x1F4E6;20231215120000</span></li><li>Inclut tous les codes définis dans <a href=\"https://interop.esante.gouv.fr/terminologies/1.4.0/CodeSystem-TRE-R24-TypeActiviteLiberale.html\"><code>https://mos.esante.gouv.fr/NOS/TRE_R24-TypeActiviteLiberale/FHIR/TRE-R24-TypeActiviteLiberale</code></a><span title=\"La version nest pas explicitement indiquée, ce qui signifie quelle est fixée à 20231215120000, la version trouvée via les références de package\"> version &#x1F4E6;20231215120000</span></li><li>Inclut tous les codes définis dans <a href=\"https://interop.esante.gouv.fr/terminologies/1.4.0/CodeSystem-TRE-G05-SousSectionTableauCNOP.html\"><code>https://mos.esante.gouv.fr/NOS/TRE_G05-SousSectionTableauCNOP/FHIR/TRE-G05-SousSectionTableauCNOP</code></a><span title=\"La version nest pas explicitement indiquée, ce qui signifie quelle est fixée à 20231215120000, la version trouvée via les références de package\"> version &#x1F4E6;20231215120000</span></li><li>Inclut tous les codes définis dans <a href=\"https://interop.esante.gouv.fr/terminologies/1.4.0/CodeSystem-TRE-R06-SectionTableauCNOP.html\"><code>https://mos.esante.gouv.fr/NOS/TRE_R06-SectionTableauCNOP/FHIR/TRE-R06-SectionTableauCNOP</code></a><span title=\"La version nest pas explicitement indiquée, ce qui signifie quelle est fixée à 20231215120000, la version trouvée via les références de package\"> version &#x1F4E6;20231215120000</span></li></ul></div>"
  },
  "url" : "https://hl7.fr/ig/fhir/core/ValueSet/fr-core-vs-practitioner-role-exercice",
  "version" : "2.2.0-ballot",
  "name" : "FRCoreValueSetPractitionerRoleExercice",
  "title" : "FR Core ValueSet PractitionerRole Exercice",
  "status" : "active",
  "experimental" : false,
  "date" : "2025-12-29T10:57:12+00:00",
  "publisher" : "Interop'Santé",
  "contact" : [{
    "name" : "Interop'Santé",
    "telecom" : [{
      "system" : "url",
      "value" : "http://interopsante.org/"
    }]
  },
  {
    "name" : "InteropSanté",
    "telecom" : [{
      "system" : "email",
      "value" : "fhir@interopsante.org",
      "use" : "work"
    }]
  }],
  "description" : "The exercice(s) of the practitioner.",
  "jurisdiction" : [{
    "coding" : [{
      "system" : "urn:iso:std:iso:3166",
      "code" : "FR",
      "display" : "France"
    }]
  }],
  "immutable" : true,
  "compose" : {
    "include" : [{
      "system" : "https://mos.esante.gouv.fr/NOS/TRE_R21-Fonction/FHIR/TRE-R21-Fonction"
    },
    {
      "system" : "https://mos.esante.gouv.fr/NOS/TRE_R96-AutreFonctionSanitaire/FHIR/TRE-R96-AutreFonctionSanitaire"
    },
    {
      "system" : "https://mos.esante.gouv.fr/NOS/TRE_R85-RolePriseCharge/FHIR/TRE-R85-RolePriseCharge"
    },
    {
      "system" : "https://mos.esante.gouv.fr/NOS/TRE_R22-GenreActivite/FHIR/TRE-R22-GenreActivite"
    },
    {
      "system" : "https://mos.esante.gouv.fr/NOS/TRE_R23-ModeExercice/FHIR/TRE-R23-ModeExercice"
    },
    {
      "system" : "https://mos.esante.gouv.fr/NOS/TRE_R24-TypeActiviteLiberale/FHIR/TRE-R24-TypeActiviteLiberale"
    },
    {
      "system" : "https://mos.esante.gouv.fr/NOS/TRE_R32-StatutHospitalier/FHIR/TRE-R32-StatutHospitalier"
    },
    {
      "system" : "https://mos.esante.gouv.fr/NOS/TRE_R24-TypeActiviteLiberale/FHIR/TRE-R24-TypeActiviteLiberale"
    },
    {
      "system" : "https://mos.esante.gouv.fr/NOS/TRE_G05-SousSectionTableauCNOP/FHIR/TRE-G05-SousSectionTableauCNOP"
    },
    {
      "system" : "https://mos.esante.gouv.fr/NOS/TRE_R06-SectionTableauCNOP/FHIR/TRE-R06-SectionTableauCNOP"
    }]
  }
}