<?xml version="1.0" encoding="UTF-8"?><ValueSet xmlns="http://hl7.org/fhir"><id value="fr-core-vs-spo2-body-location"/><meta><profile value="http://hl7.org/fhir/StructureDefinition/shareablevalueset"/></meta><text><status value="generated"/><div xmlns="http://www.w3.org/1999/xhtml"><p class="res-header-id"><b>Narratif généré : EnsembleValeurs fr-core-vs-spo2-body-location</b></p><a name="fr-core-vs-spo2-body-location"> </a><a name="hcfr-core-vs-spo2-body-location"> </a><div style="display: inline-block; background-color: #d9e0e7; padding: 6px; margin: 4px; border: 1px solid #8da1b4; border-radius: 5px; line-height: 60%"><p style="margin-bottom: 0px"/><p style="margin-bottom: 0px">Profil: <a href="http://hl7.org/fhir/R4/shareablevalueset.html">Shareable ValueSet</a></p></div><ul><li>Include les codes sont définis dans <a href="http://www.snomed.org/"><code>http://snomed.info/sct</code></a><table class="none"><tr><td style="white-space:nowrap"><b>Code</b></td><td><b>Display</b></td></tr><tr><td><a href="http://snomed.info/id/48800003">48800003</a></td><td>Ear lobule structure (body structure)</td></tr><tr><td><a href="http://snomed.info/id/7569003">7569003</a></td><td>Finger structure (body structure)</td></tr><tr><td><a href="http://snomed.info/id/52795006">52795006</a></td><td>Forehead structure (body structure)</td></tr><tr><td><a href="http://snomed.info/id/29707007">29707007</a></td><td>Toe structure (body structure)</td></tr></table></li></ul></div></text><url value="https://hl7.fr/ig/fhir/core/ValueSet/fr-core-vs-spo2-body-location"/><version value="2.2.0-ballot"/><name value="FRCoreValueSetSPO2BodyLocation"/><title value="Oxygen Saturation Body Location value set"/><status value="active"/><experimental value="false"/><date value="2025-10-22T07:20:28+00:00"/><publisher value="Interop'Santé"/><contact><name value="Interop'Santé"/><telecom><system value="url"/><value value="http://interopsante.org/"/></telecom></contact><contact><name value="InteropSanté"/><telecom><system value="email"/><value value="fhir@interopsante.org"/><use value="work"/></telecom></contact><description value="Select SNOMED CT codes. An set of codes for the location at which oxygen saturation was assessed."/><jurisdiction><coding><system value="urn:iso:std:iso:3166"/><code value="FR"/><display value="France"/></coding></jurisdiction><compose><include><system value="http://snomed.info/sct"/><concept><code value="48800003"/><display value="Ear lobule structure (body structure)"/></concept><concept><code value="7569003"/><display value="Finger structure (body structure)"/></concept><concept><code value="52795006"/><display value="Forehead structure (body structure)"/></concept><concept><code value="29707007"/><display value="Toe structure (body structure)"/></concept></include></compose></ValueSet>