{"resourceType":"CodeSystem","id":"fr-core-cs-v2-0445","meta":{"profile":["http://hl7.org/fhir/StructureDefinition/shareablecodesystem|4.0.1"]},"text":{"status":"generated","div":"<div xmlns=\"http://www.w3.org/1999/xhtml\"><p class=\"res-header-id\"><b>Narratif généré : CodeSystem fr-core-cs-v2-0445</b></p><a name=\"fr-core-cs-v2-0445\"> </a><a name=\"hcfr-core-cs-v2-0445\"> </a><div style=\"display: inline-block; background-color: #d9e0e7; padding: 6px; margin: 4px; border: 1px solid #8da1b4; border-radius: 5px; line-height: 60%\"><p style=\"margin-bottom: 0px\"/><p style=\"margin-bottom: 0px\">Profil: <a href=\"http://hl7.org/fhir/R4/shareablecodesystem.html\">Shareable CodeSystemversion : null4.0.1)</a></p></div><p>This case-sensitive code system <code>https://hl7.fr/ig/fhir/core/CodeSystem/fr-core-cs-v2-0445</code> defines the following codes:</p><table class=\"codes\"><tr><td style=\"white-space:nowrap\"><b>Code</b></td><td><b>Affichage</b></td><td><b>Définition</b></td></tr><tr><td style=\"white-space:nowrap\">VIDE<a name=\"fr-core-cs-v2-0445-VIDE\"> </a></td><td>Identité non encore qualifiée</td><td>Identité non encore qualifiée</td></tr><tr><td style=\"white-space:nowrap\">PROV<a name=\"fr-core-cs-v2-0445-PROV\"> </a></td><td>Identité provisoire</td><td>Identité provisoire</td></tr><tr><td style=\"white-space:nowrap\">VALI<a name=\"fr-core-cs-v2-0445-VALI\"> </a></td><td>Identité validée</td><td>Identité validée</td></tr><tr><td style=\"white-space:nowrap\">DOUB<a name=\"fr-core-cs-v2-0445-DOUB\"> </a></td><td>Doublon</td><td>Doublon</td></tr><tr><td style=\"white-space:nowrap\">DESA<a name=\"fr-core-cs-v2-0445-DESA\"> </a></td><td>Identité désactivée</td><td>Identité désactivée</td></tr><tr><td style=\"white-space:nowrap\">DPOT<a name=\"fr-core-cs-v2-0445-DPOT\"> </a></td><td>Doublon potentiel</td><td>Doublon potentiel</td></tr><tr><td style=\"white-space:nowrap\">DOUA<a name=\"fr-core-cs-v2-0445-DOUA\"> </a></td><td>Doublon avéré</td><td>Doublon avéré</td></tr><tr><td style=\"white-space:nowrap\">COLP<a name=\"fr-core-cs-v2-0445-COLP\"> </a></td><td>Collision potentielle</td><td>Collision potentielle</td></tr><tr><td style=\"white-space:nowrap\">COLV<a name=\"fr-core-cs-v2-0445-COLV\"> </a></td><td>Collision avérée</td><td>Collision avérée</td></tr><tr><td style=\"white-space:nowrap\">FILI<a name=\"fr-core-cs-v2-0445-FILI\"> </a></td><td>Filiation</td><td>Filiation</td></tr><tr><td style=\"white-space:nowrap\">CACH<a name=\"fr-core-cs-v2-0445-CACH\"> </a></td><td>Identité cachée</td><td>Identité cachée</td></tr><tr><td style=\"white-space:nowrap\">ANOM<a name=\"fr-core-cs-v2-0445-ANOM\"> </a></td><td>Anonyme</td><td>Anonyme</td></tr><tr><td style=\"white-space:nowrap\">IDVER<a name=\"fr-core-cs-v2-0445-IDVER\"> </a></td><td>Identité vérifiée par le patient</td><td>Identité vérifiée par le patient</td></tr><tr><td style=\"white-space:nowrap\">RECD<a name=\"fr-core-cs-v2-0445-RECD\"> </a></td><td>Identité reçue d'un autre domaine</td><td>Identité reçue d'un autre domaine</td></tr><tr><td style=\"white-space:nowrap\">IDRA<a name=\"fr-core-cs-v2-0445-IDRA\"> </a></td><td>Identité rapprochée dans un autre domaine</td><td>Identité rapprochée dans un autre domaine</td></tr><tr><td style=\"white-space:nowrap\">USUR<a name=\"fr-core-cs-v2-0445-USUR\"> </a></td><td>Identité usurpée</td><td>Identité usurpée</td></tr><tr><td style=\"white-space:nowrap\">HOMD<a name=\"fr-core-cs-v2-0445-HOMD\"> </a></td><td>Homonyme détecté</td><td>Homonyme détecté</td></tr><tr><td style=\"white-space:nowrap\">HOMA<a name=\"fr-core-cs-v2-0445-HOMA\"> </a></td><td>Homonyme avéré</td><td>Homonyme avéré</td></tr><tr><td style=\"white-space:nowrap\">INVA<a name=\"fr-core-cs-v2-0445-INVA\"> </a></td><td>Identité invalidée</td><td>Identité invalidée</td></tr><tr><td style=\"white-space:nowrap\">FICT<a name=\"fr-core-cs-v2-0445-FICT\"> </a></td><td>Identité fictive (Attribut d’identité « fictive »)</td><td>Identité fictive (Attribut d’identité « fictive »)</td></tr><tr><td style=\"white-space:nowrap\">DOUT<a name=\"fr-core-cs-v2-0445-DOUT\"> </a></td><td>Identité douteuse (Attribut d’identité « douteuse »)</td><td>Identité douteuse (Attribut d’identité « douteuse »)</td></tr></table></div>"},"url":"https://hl7.fr/ig/fhir/core/CodeSystem/fr-core-cs-v2-0445","version":"2.2.0-ballot","name":"FRCoreCodeSystemv2_0445","title":"FR Core CodeSystem v2-0445","status":"draft","experimental":false,"date":"2026-01-28T10:29:57+00:00","publisher":"Interop'Santé","contact":[{"name":"Interop'Santé","telecom":[{"system":"url","value":"http://interopsante.org/"}]},{"name":"InteropSanté","telecom":[{"system":"email","value":"fhir@interopsante.org","use":"work"}]}],"description":"HL7 v2 - Table 0445","jurisdiction":[{"coding":[{"system":"urn:iso:std:iso:3166","code":"FR","display":"France"}]}],"caseSensitive":true,"content":"complete","count":21,"concept":[{"code":"VIDE","display":"Identité non encore qualifiée","definition":"Identité non encore qualifiée","designation":[{"use":{"system":"http://terminology.hl7.org/CodeSystem/hl7TermMaintInfra","code":"preferredForLanguage"},"value":"Identité non encore qualifiée"}]},{"code":"PROV","display":"Identité provisoire","definition":"Identité provisoire","designation":[{"use":{"system":"http://terminology.hl7.org/CodeSystem/hl7TermMaintInfra","code":"preferredForLanguage"},"value":"Identité provisoire"}]},{"code":"VALI","display":"Identité validée","definition":"Identité validée","designation":[{"use":{"system":"http://terminology.hl7.org/CodeSystem/hl7TermMaintInfra","code":"preferredForLanguage"},"value":"Identité validée"}]},{"code":"DOUB","display":"Doublon","definition":"Doublon","designation":[{"use":{"system":"http://terminology.hl7.org/CodeSystem/hl7TermMaintInfra","code":"preferredForLanguage"},"value":"Doublon"}]},{"code":"DESA","display":"Identité désactivée","definition":"Identité désactivée","designation":[{"use":{"system":"http://terminology.hl7.org/CodeSystem/hl7TermMaintInfra","code":"preferredForLanguage"},"value":"Identité désactivée"}]},{"code":"DPOT","display":"Doublon potentiel","definition":"Doublon potentiel","designation":[{"use":{"system":"http://terminology.hl7.org/CodeSystem/hl7TermMaintInfra","code":"preferredForLanguage"},"value":"Doublon potentiel"}]},{"code":"DOUA","display":"Doublon avéré","definition":"Doublon avéré","designation":[{"use":{"system":"http://terminology.hl7.org/CodeSystem/hl7TermMaintInfra","code":"preferredForLanguage"},"value":"Doublon avéré"}]},{"code":"COLP","display":"Collision potentielle","definition":"Collision potentielle","designation":[{"use":{"system":"http://terminology.hl7.org/CodeSystem/hl7TermMaintInfra","code":"preferredForLanguage"},"value":"Collision potentielle"}]},{"code":"COLV","display":"Collision avérée","definition":"Collision avérée","designation":[{"use":{"system":"http://terminology.hl7.org/CodeSystem/hl7TermMaintInfra","code":"preferredForLanguage"},"value":"Collision avérée"}]},{"code":"FILI","display":"Filiation","definition":"Filiation","designation":[{"use":{"system":"http://terminology.hl7.org/CodeSystem/hl7TermMaintInfra","code":"preferredForLanguage"},"value":"Filiation"}]},{"code":"CACH","display":"Identité cachée","definition":"Identité cachée","designation":[{"use":{"system":"http://terminology.hl7.org/CodeSystem/hl7TermMaintInfra","code":"preferredForLanguage"},"value":"Identité cachée"}]},{"code":"ANOM","display":"Anonyme","definition":"Anonyme","designation":[{"use":{"system":"http://terminology.hl7.org/CodeSystem/hl7TermMaintInfra","code":"preferredForLanguage"},"value":"Anonyme"}]},{"code":"IDVER","display":"Identité vérifiée par le patient","definition":"Identité vérifiée par le patient","designation":[{"use":{"system":"http://terminology.hl7.org/CodeSystem/hl7TermMaintInfra","code":"preferredForLanguage"},"value":"Identité vérifiée par le patient"}]},{"code":"RECD","display":"Identité reçue d'un autre domaine","definition":"Identité reçue d'un autre domaine","designation":[{"use":{"system":"http://terminology.hl7.org/CodeSystem/hl7TermMaintInfra","code":"preferredForLanguage"},"value":"Identité reçue d'un autre domaine"}]},{"code":"IDRA","display":"Identité rapprochée dans un autre domaine","definition":"Identité rapprochée dans un autre domaine","designation":[{"use":{"system":"http://terminology.hl7.org/CodeSystem/hl7TermMaintInfra","code":"preferredForLanguage"},"value":"Identité rapprochée dans un autre domaine"}]},{"code":"USUR","display":"Identité usurpée","definition":"Identité usurpée","designation":[{"use":{"system":"http://terminology.hl7.org/CodeSystem/hl7TermMaintInfra","code":"preferredForLanguage"},"value":"Identité usurpée"}]},{"code":"HOMD","display":"Homonyme détecté","definition":"Homonyme détecté","designation":[{"use":{"system":"http://terminology.hl7.org/CodeSystem/hl7TermMaintInfra","code":"preferredForLanguage"},"value":"Homonyme détecté"}]},{"code":"HOMA","display":"Homonyme avéré","definition":"Homonyme avéré","designation":[{"use":{"system":"http://terminology.hl7.org/CodeSystem/hl7TermMaintInfra","code":"preferredForLanguage"},"value":"Homonyme avéré"}]},{"code":"INVA","display":"Identité invalidée","definition":"Identité invalidée","designation":[{"use":{"system":"http://terminology.hl7.org/CodeSystem/hl7TermMaintInfra","code":"preferredForLanguage"},"value":"Identité invalidée"}]},{"code":"FICT","display":"Identité fictive (Attribut d’identité « fictive »)","definition":"Identité fictive (Attribut d’identité « fictive »)","designation":[{"use":{"system":"http://terminology.hl7.org/CodeSystem/hl7TermMaintInfra","code":"preferredForLanguage"},"value":"Identité fictive (Attribut d’identité « fictive »)"}]},{"code":"DOUT","display":"Identité douteuse (Attribut d’identité « douteuse »)","definition":"Identité douteuse (Attribut d’identité « douteuse »)","designation":[{"use":{"system":"http://terminology.hl7.org/CodeSystem/hl7TermMaintInfra","code":"preferredForLanguage"},"value":"Identité douteuse (Attribut d’identité « douteuse »)"}]}]}