{"resourceType":"ValueSet","id":"fr-core-vs-height-body-position","meta":{"profile":["http://hl7.org/fhir/StructureDefinition/shareablevalueset"]},"text":{"status":"generated","div":"<div xmlns=\"http://www.w3.org/1999/xhtml\"><p class=\"res-header-id\"><b>Narratif généré : EnsembleValeurs fr-core-vs-height-body-position</b></p><a name=\"fr-core-vs-height-body-position\"> </a><a name=\"hcfr-core-vs-height-body-position\"> </a><div style=\"display: inline-block; background-color: #d9e0e7; padding: 6px; margin: 4px; border: 1px solid #8da1b4; border-radius: 5px; line-height: 60%\"><p style=\"margin-bottom: 0px\"/><p style=\"margin-bottom: 0px\">Profil: <a href=\"http://hl7.org/fhir/R4/shareablevalueset.html\">Shareable ValueSet</a></p></div><p>Ce jeu de valeur (ValueSet) inclut les codes selon les règles suivantes :</p><ul><li>Inclut codes provenant de<a href=\"http://www.snomed.org/\"><code>http://snomed.info/sct</code></a> où concept  is-a 10904000 (position debout)</li><li>Inclut codes provenant de<a href=\"http://www.snomed.org/\"><code>http://snomed.info/sct</code></a> où concept  is-a 102538003 (position allongée)</li></ul></div>"},"url":"https://hl7.fr/ig/fhir/core/ValueSet/fr-core-vs-height-body-position","version":"2.2.0-ballot","name":"FRCoreValueSetHeightBodyPosition","title":"FR Core ValueSet BodyPosition","status":"active","experimental":false,"date":"2025-10-15T15:07:51+00:00","publisher":"Interop'Santé","contact":[{"name":"Interop'Santé","telecom":[{"system":"url","value":"http://interopsante.org/"}]},{"name":"InteropSanté","telecom":[{"system":"email","value":"fhir@interopsante.org","use":"work"}]}],"description":"ValueSet Body Position","jurisdiction":[{"coding":[{"system":"urn:iso:std:iso:3166","code":"FR","display":"France"}]}],"compose":{"include":[{"system":"http://snomed.info/sct","filter":[{"property":"concept","op":"is-a","value":"10904000"}]},{"system":"http://snomed.info/sct","filter":[{"property":"concept","op":"is-a","value":"102538003"}]}]}}