{"resourceType":"ValueSet","id":"fr-core-vs-encounter-discharge-disposition","meta":{"profile":["http://hl7.org/fhir/StructureDefinition/shareablevalueset|4.0.1"]},"text":{"status":"generated","div":"<div xmlns=\"http://www.w3.org/1999/xhtml\"><p class=\"res-header-id\"><b>Narratif généré : EnsembleValeurs fr-core-vs-encounter-discharge-disposition</b></p><a name=\"fr-core-vs-encounter-discharge-disposition\"> </a><a name=\"hcfr-core-vs-encounter-discharge-disposition\"> </a><div style=\"display: inline-block; background-color: #d9e0e7; padding: 6px; margin: 4px; border: 1px solid #8da1b4; border-radius: 5px; line-height: 60%\"><p style=\"margin-bottom: 0px\"/><p style=\"margin-bottom: 0px\">Profil: <a href=\"http://hl7.org/fhir/R4/shareablevalueset.html\">Shareable ValueSetversion : null4.0.1)</a></p></div><p>Ce jeu de valeur (ValueSet) inclut les codes selon les règles suivantes :</p><ul><li>Inclut tous les codes définis dans <a href=\"CodeSystem-fr-core-cs-circonstances-sortie.html\"><code>https://hl7.fr/ig/fhir/core/CodeSystem/fr-core-cs-circonstances-sortie</code></a><span title=\"La version nest pas explicitement indiquée, ce qui signifie quelle est fixée à la version fournie dans cette spécification\"> version &#x1F4E6;2.2.0-ballot</span></li><li>Inclut tous les codes définis dans <a href=\"http://terminology.hl7.org/7.0.1/CodeSystem-discharge-disposition.html\"><code>http://terminology.hl7.org/CodeSystem/discharge-disposition</code></a><span title=\"La version nest pas explicitement indiquée, ce qui signifie quelle est fixée à 1.0.1, la version trouvée via les références de package\"> version &#x1F4E6;1.0.1</span></li></ul></div>"},"extension":[{"url":"http://hl7.org/fhir/StructureDefinition/valueset-warning","valueMarkdown":"Types are for general categories of identifiers. See [the identifier registry](identifier-registry.h     tml) for a list of common identifier systems"},{"url":"http://hl7.org/fhir/StructureDefinition/structuredefinition-standards-status","valueCode":"informative"},{"url":"http://hl7.org/fhir/StructureDefinition/structuredefinition-fmm","valueInteger":1},{"url":"http://hl7.org/fhir/StructureDefinition/structuredefinition-wg","valueCode":"fhir"}],"url":"https://hl7.fr/ig/fhir/core/ValueSet/fr-core-vs-encounter-discharge-disposition","version":"2.2.0-ballot","name":"FRCoreValueSetEncounterDischargeDisposition","title":"FR Core ValueSet Encounter discharge disposition","status":"active","experimental":false,"date":"2025-12-17T08:23:32+00:00","publisher":"Interop'Santé","contact":[{"name":"Interop'Santé","telecom":[{"system":"url","value":"http://interopsante.org/"}]},{"name":"InteropSanté","telecom":[{"system":"email","value":"fhir@interopsante.org","use":"work"}]}],"description":"Circonstances de sortie de l'hôpital.\r\nThis value set defines a set of codes that can be used to where the patient left the hospital","jurisdiction":[{"coding":[{"system":"urn:iso:std:iso:3166","code":"FR","display":"France"}]}],"immutable":true,"compose":{"include":[{"system":"https://hl7.fr/ig/fhir/core/CodeSystem/fr-core-cs-circonstances-sortie"},{"system":"http://terminology.hl7.org/CodeSystem/discharge-disposition"}]}}