{
  "resourceType" : "Observation",
  "id" : "FRCoreObservationBodyHeightExample",
  "meta" : {
    "profile" : ["https://hl7.fr/ig/fhir/core/StructureDefinition/fr-core-observation-body-height"]
  },
  "text" : {
    "status" : "generated",
    "div" : "<div xmlns=\"http://www.w3.org/1999/xhtml\"><p class=\"res-header-id\"><b>Narratif généré : Observation FRCoreObservationBodyHeightExample</b></p><a name=\"FRCoreObservationBodyHeightExample\"> </a><a name=\"hcFRCoreObservationBodyHeightExample\"> </a><div style=\"display: inline-block; background-color: #d9e0e7; padding: 6px; margin: 4px; border: 1px solid #8da1b4; border-radius: 5px; line-height: 60%\"><p style=\"margin-bottom: 0px\"/><p style=\"margin-bottom: 0px\">Profil: <a href=\"StructureDefinition-fr-core-observation-body-height.html\">FR Core Observation Body Height Profile</a></p></div><p><b>status</b>: Final</p><p><b>category</b>: <span title=\"Codes :{http://terminology.hl7.org/CodeSystem/observation-category vital-signs}\">Vital Signs</span></p><p><b>code</b>: <span title=\"Codes :{http://loinc.org 8302-2}\">Taille du patient [Longueur] Patient ; Numérique</span></p><p><b>subject</b>: <a href=\"Patient-FRCorePatientExample.html\">Pierre Durand (official) Male, Date de Naissance :1974-12-25 ( NIR définitif\u00a0(use:\u00a0official,\u00a0))</a></p><p><b>effective</b>: 1999-07-02</p><p><b>performer</b>: <a href=\"Practitioner-FRCorePractitionerExample.html\">Practitioner Leclerc Sophie</a></p><p><b>value</b>: 185 cm<span style=\"background: LightGoldenRodYellow\"> (Détails : code UCUMcm = 'cm')</span></p></div>"
  },
  "status" : "final",
  "category" : [{
    "coding" : [{
      "system" : "http://terminology.hl7.org/CodeSystem/observation-category",
      "code" : "vital-signs"
    }]
  }],
  "code" : {
    "coding" : [{
      "system" : "http://loinc.org",
      "code" : "8302-2"
    }]
  },
  "subject" : {
    "reference" : "Patient/FRCorePatientExample"
  },
  "effectiveDateTime" : "1999-07-02",
  "performer" : [{
    "reference" : "Practitioner/FRCorePractitionerExample"
  }],
  "valueQuantity" : {
    "value" : 185,
    "unit" : "cm",
    "system" : "http://unitsofmeasure.org",
    "code" : "cm"
  }
}