Source File	Size	loadResources	load	generateSnapshots	load-configure	scan	loadDepInfo	loadInfo	checkR4R4B	generateNarratives	validate	loadLists	checkConformanceResources	checkConformanceResources2	checkConformanceResources3	generateLogicalMaps	validateExpressions	scanForUsageStats	checkURLsUnique	processProvenanceDetails	translate	generate1	generate2	generateLogicals	makeDependencies	generateExampleZip	generateValidationPack	scanProfilesForR5	scanExamplesForR5
/fsh-generated/resources/ImplementationGuide-hl7.fhir.fr.core.json	69911	-	0	0	1	0	0	0	21	75	0	0	0	0	0	0	0	2	1	0	33	303	1104	0	0	0	11	0	2
fsh-generated/resources/Appointment-FRCoreAppointmentExample.json	1777	5	0	0	0	0	0	0	0	870	0	0	0	0	0	0	0	0	0	0	9	14	50	0	0	0	0	0	0
fsh-generated/resources/CodeSystem-fr-core-cs-champ-activite.json	1587	5	0	0	1	0	0	0	1	10	0	0	1	0	0	0	0	0	0	0	8	16	104	0	0	0	0	0	0
fsh-generated/resources/CodeSystem-fr-core-cs-circonstances-sortie.json	2181	4	0	0	0	0	0	0	0	8	0	0	0	0	0	0	0	0	0	0	9	15	90	0	0	0	1	0	0
fsh-generated/resources/CodeSystem-fr-core-cs-code-tarif-tnjp.json	6271	4	0	0	0	0	0	0	1	10	0	0	1	0	0	0	0	0	0	0	8	30	95	0	0	0	1	0	0
fsh-generated/resources/CodeSystem-fr-core-cs-contact-relationship.json	9030	4	0	0	0	0	0	0	1	15	0	0	0	0	0	0	0	1	0	0	7	43	128	0	0	0	2	0	0
fsh-generated/resources/CodeSystem-fr-core-cs-discipline-equipement.json	21017	6	0	0	0	0	0	0	2	27	0	0	1	0	0	0	0	0	0	0	16	82	173	0	0	0	4	0	0
fsh-generated/resources/CodeSystem-fr-core-cs-discipline-prestation.json	43990	10	0	0	0	0	0	1	2	50	0	0	0	0	0	0	0	0	0	0	17	148	223	0	0	0	9	0	1
fsh-generated/resources/CodeSystem-fr-core-cs-fiabilite-identite.json	3421	3	0	0	0	0	0	0	1	7	0	0	1	0	0	0	0	0	0	0	9	18	74	0	0	0	1	0	0
fsh-generated/resources/CodeSystem-fr-core-cs-identifier-type.json	748	1	0	0	1	0	0	0	0	4	0	0	0	0	0	0	0	0	0	0	8	12	50	0	0	0	0	0	0
fsh-generated/resources/CodeSystem-fr-core-cs-location-identifier-type.json	1157	2	0	0	0	0	0	0	0	4	0	0	0	0	0	0	0	0	0	0	4	15	51	0	0	0	1	0	0
fsh-generated/resources/CodeSystem-fr-core-cs-location-physical-type.json	1711	2	0	0	0	0	0	0	0	5	0	0	1	0	0	0	0	0	0	0	3	17	59	0	0	0	0	0	0
fsh-generated/resources/CodeSystem-fr-core-cs-location-position-lit.json	842	2	0	0	0	0	0	0	0	3	0	0	0	0	0	0	0	0	0	0	3	12	48	0	0	0	0	0	0
fsh-generated/resources/CodeSystem-fr-core-cs-location-type-chambre.json	1076	2	0	0	0	0	0	0	0	3	0	0	0	0	0	0	0	0	0	0	2	14	52	0	0	0	0	0	0
fsh-generated/resources/CodeSystem-fr-core-cs-location-type.json	1747	2	0	0	0	0	0	0	1	5	0	0	1	0	0	0	0	0	0	0	2	17	58	0	0	0	1	0	0
fsh-generated/resources/CodeSystem-fr-core-cs-marital-status.json	622	2	0	0	0	0	0	0	0	3	0	0	0	0	0	0	0	0	0	0	2	11	44	0	0	0	0	0	0
fsh-generated/resources/CodeSystem-fr-core-cs-method-collection.json	1094	2	0	0	0	0	0	0	0	4	0	0	0	0	0	0	0	0	0	0	3	13	45	0	0	0	0	0	0
fsh-generated/resources/CodeSystem-fr-core-cs-mode-validation-identity.json	2355	2	0	0	0	0	0	0	0	6	0	0	0	0	0	0	0	0	0	0	2	21	49	0	0	0	0	0	0
fsh-generated/resources/CodeSystem-fr-core-cs-patient-contact-relationship-category.json	1005	2	0	0	0	0	0	0	0	4	0	0	1	0	0	0	0	0	0	0	2	12	47	0	0	0	1	0	0
fsh-generated/resources/CodeSystem-fr-core-cs-schedule-type.json	760	2	0	0	0	0	0	0	0	3	0	0	0	0	0	0	0	0	0	0	2	11	43	0	0	0	0	0	0
fsh-generated/resources/CodeSystem-fr-core-cs-type-activite.json	6607	3	0	0	0	0	0	0	1	5	0	0	0	0	0	0	0	0	0	0	3	39	61	0	0	0	1	0	0
fsh-generated/resources/CodeSystem-fr-core-cs-type-admission.json	809	1	0	0	0	0	0	0	0	2	0	0	0	0	0	0	0	0	0	0	2	12	44	0	0	0	0	0	0
fsh-generated/resources/CodeSystem-fr-core-cs-type-organisation.json	2543	2	0	0	0	0	0	0	0	4	0	0	1	0	0	0	0	0	0	0	2	22	51	0	0	0	0	0	0
fsh-generated/resources/CodeSystem-fr-core-cs-uf-indicateur.json	1386	2	0	0	1	0	0	0	0	2	0	0	0	0	0	0	0	0	0	0	2	14	47	0	0	0	1	0	0
fsh-generated/resources/CodeSystem-fr-core-cs-v2-0203.json	3158	2	0	0	0	0	0	0	0	4	0	0	0	0	0	0	0	0	0	0	3	23	51	0	0	0	0	0	0
fsh-generated/resources/CodeSystem-fr-core-cs-v2-0445.json	3176	3	0	0	0	0	0	0	1	4	0	0	1	0	0	0	0	0	0	0	3	25	53	0	0	0	1	0	0
fsh-generated/resources/CodeSystem-fr-core-cs-v2-3307.json	2163	2	0	0	0	0	0	0	0	4	0	0	0	0	0	0	0	0	0	0	2	18	50	0	0	0	0	0	0
fsh-generated/resources/CodeSystem-fr-core-cs-v2-3311.json	1435	2	0	0	0	0	0	0	0	4	0	0	0	0	0	0	0	0	0	0	3	17	49	0	0	0	0	0	0
fsh-generated/resources/Encounter-FRCoreEncounterExample.json	853	2	0	0	0	0	0	0	0	14	0	0	0	0	0	0	0	1	0	0	1	9	15	0	0	0	0	0	0
fsh-generated/resources/HealthcareService-svc-cardiologie-1.json	2466	3	0	0	0	0	0	0	0	10	0	0	0	0	0	0	0	0	0	0	2	15	26	0	0	0	0	0	0
fsh-generated/resources/Location-hopitaltest-endocrino-ch04-litF.json	1044	2	0	0	0	0	0	0	0	3	0	0	0	0	0	0	0	0	0	0	2	14	20	0	0	0	0	0	0
fsh-generated/resources/Location-hopitaltest-endocrino-ch04.json	575	2	0	0	0	0	0	0	0	1	0	0	0	0	0	0	0	0	0	0	2	12	12	0	0	0	0	0	0
fsh-generated/resources/Location-hopitaltest-infectio-ch02-prsn-ngtv.json	916	2	0	0	0	0	0	0	0	2	0	0	0	0	0	0	0	0	0	0	2	10	12	0	0	0	0	0	0
fsh-generated/resources/Location-hopitaltest-salle-examen-01.json	678	2	0	0	0	0	0	0	0	2	0	0	0	0	0	0	0	0	0	0	1	7	12	0	0	0	0	0	0
fsh-generated/resources/Location-loc-radiologie-z.json	1016	2	0	0	0	0	0	0	1	4	0	0	0	0	0	0	0	0	0	0	2	11	17	0	0	0	0	0	0
fsh-generated/resources/MedicationAdministration-FRCoreMedicationAdministrationInhaledOxygenExample.json	1189	2	0	0	0	0	0	0	0	4	0	0	0	0	0	0	0	0	0	0	2	11	26	0	0	0	0	0	0
fsh-generated/resources/Observation-FRCoreObservationBMIExample.json	1106	2	0	0	0	0	0	0	0	5	0	0	0	0	0	0	0	0	0	0	2	11	25	0	0	0	0	0	0
fsh-generated/resources/Observation-FRCoreObservationBPExample.json	2548	3	0	0	0	0	0	0	0	4	0	0	0	0	0	0	0	0	0	0	2	14	22	0	0	0	0	0	0
fsh-generated/resources/Observation-FRCoreObservationBodyHeightExample.json	866	1	0	0	0	0	0	0	0	3	0	0	0	0	0	0	0	0	0	0	2	9	18	0	0	0	0	0	0
fsh-generated/resources/Observation-FRCoreObservationBodyTemperatureExample.json	877	3	0	0	0	0	0	0	0	4	0	0	0	0	0	0	0	0	0	0	2	10	20	0	0	0	0	0	0
fsh-generated/resources/Observation-FRCoreObservationBodyWeightExample.json	889	2	0	0	0	0	0	0	0	3	0	0	0	0	0	0	0	0	0	0	1	9	18	0	0	0	0	0	0
fsh-generated/resources/Observation-FRCoreObservationHeadCircumExample.json	881	1	0	0	1	0	0	0	0	3	0	0	0	0	0	0	0	0	0	0	2	10	20	0	0	0	0	0	0
fsh-generated/resources/Observation-FRCoreObservationHeartRateExample.json	895	3	0	0	0	0	0	0	0	4	0	0	0	0	0	0	0	0	0	0	2	9	19	0	0	0	0	0	0
fsh-generated/resources/Observation-FRCoreObservationOxygenSaturationExample.json	1227	2	0	0	0	0	0	0	0	4	0	0	0	0	0	0	0	0	0	0	2	12	23	0	0	0	0	0	0
fsh-generated/resources/Observation-FRCoreObservationRespRateExample.json	1600	2	0	0	0	0	0	0	0	3	0	0	0	0	0	0	0	0	0	0	2	11	19	0	0	0	0	0	0
fsh-generated/resources/Organization-FRCoreOrganizationExample.json	1396	2	0	0	0	0	0	0	0	19	0	0	0	0	0	0	0	0	0	0	2	10	12	0	0	0	0	0	0
fsh-generated/resources/Organization-hopitaltest-dept-11003-endocrino.json	1015	2	0	0	0	0	0	0	1	2	0	0	0	0	0	0	0	0	0	0	2	9	18	0	0	0	0	0	0
fsh-generated/resources/Organization-hopitaltest-eg-4-members.json	2443	2	0	0	0	0	0	0	0	2	0	0	0	0	0	0	0	0	0	0	2	12	27	0	0	0	0	0	0
fsh-generated/resources/Organization-hopitaltest-ej-350005179.json	1407	1	0	0	0	0	0	0	0	2	0	0	0	0	0	0	0	0	0	0	2	9	9	0	0	0	0	0	0
fsh-generated/resources/Organization-hopitaltest-pole-1150-med-spe.json	792	2	0	0	0	0	0	0	0	2	0	0	0	0	0	0	0	0	0	0	1	8	18	0	0	0	0	0	0
fsh-generated/resources/Organization-hopitaltest-service-11006-endocrino-diabo.json	637	2	0	0	0	0	0	0	0	1	0	0	0	0	0	0	0	0	0	0	2	7	9	0	0	0	0	0	0
fsh-generated/resources/Organization-hopitaltest-service-11007-dietetique.json	625	2	0	0	0	0	0	0	0	1	0	0	0	0	0	0	0	0	0	0	2	4	8	0	0	0	0	0	0
fsh-generated/resources/Organization-hopitaltest-uac-4420-uac-01.json	1231	1	0	0	0	0	0	0	0	3	0	0	0	0	0	0	0	0	0	0	1	8	15	0	0	0	0	0	1
fsh-generated/resources/Organization-hopitaltest-uac-4420-uac-02.json	1231	2	0	0	0	0	0	0	0	2	0	0	0	0	0	0	0	0	0	0	2	5	14	0	0	0	0	0	0
fsh-generated/resources/Organization-hopitaltest-uf-4420-dialyse.json	3150	2	0	0	0	0	0	0	0	4	0	0	0	0	0	0	0	0	0	0	2	14	22	0	0	0	0	0	0
fsh-generated/resources/Organization-hopitaltest-uf-4701-endocrino-diab.json	1385	2	0	0	0	0	0	0	0	3	0	0	0	0	0	0	0	0	0	0	1	10	13	0	0	0	0	0	0
fsh-generated/resources/Organization-hopitaltest-uf-4705-nutrition.json	1579	2	0	0	0	0	0	0	0	3	0	0	0	0	0	0	0	0	0	0	2	10	9	0	0	0	0	0	0
fsh-generated/resources/Patient-FRCorePatientDeceasedExample.json	1167	3	0	0	0	0	0	0	0	2	0	0	0	0	0	0	0	0	0	0	2	7	16	0	0	0	0	0	0
fsh-generated/resources/Patient-FRCorePatientINSExample.json	4535	3	0	0	0	0	0	0	1	4	0	0	0	0	0	0	0	0	0	0	2	15	17	0	0	0	0	0	0
fsh-generated/resources/Practitioner-FRCorePractitionerExample.json	2802	2	0	0	0	0	0	0	0	20	0	0	0	0	0	0	0	0	0	0	2	13	14	0	0	0	0	0	0
fsh-generated/resources/PractitionerRole-FRCorePractitionerRoleExample.json	1226	2	0	0	0	0	0	0	0	13	0	0	0	0	0	0	0	0	0	0	2	12	21	0	0	0	0	0	0
fsh-generated/resources/RelatedPerson-FRCoreRelatedPersonExample.json	1672	3	0	0	1	0	0	0	0	2	0	0	0	0	0	0	0	0	0	0	1	9	18	0	0	0	0	0	0
fsh-generated/resources/Schedule-FRCoreScheduleExample.json	2287	2	0	0	0	0	0	0	0	4	0	0	0	0	0	0	0	0	0	0	2	8	23	0	0	0	0	0	0
fsh-generated/resources/Slot-FRCoreSlotExample.json	945	1	0	0	0	0	0	0	0	3	0	0	0	0	0	0	0	0	0	0	2	6	18	0	0	0	0	0	0
fsh-generated/resources/StructureDefinition-fr-core-address-insee-code.json	2455	3	0	15	0	0	0	0	0	53	0	0	1	0	0	0	0	0	0	0	1	43	696	0	0	0	1	0	0
fsh-generated/resources/StructureDefinition-fr-core-address.json	1565	2	0	24	0	0	0	0	0	14	0	0	0	0	0	0	0	0	0	0	0	123	534	0	0	0	5	0	0
fsh-generated/resources/StructureDefinition-fr-core-appointment-operator.json	2603	2	0	10	0	0	0	0	1	17	0	0	1	0	0	0	0	0	0	0	0	94	420	0	0	0	2	0	0
fsh-generated/resources/StructureDefinition-fr-core-appointment.json	3887	2	0	32	0	0	0	0	0	22	0	0	0	0	0	0	0	1	0	0	1	147	695	0	0	0	10	0	1
fsh-generated/resources/StructureDefinition-fr-core-comment.json	1727	2	0	9	0	0	0	0	0	7	0	0	0	0	0	0	0	0	0	0	0	33	259	0	0	0	1	0	0
fsh-generated/resources/StructureDefinition-fr-core-contact-point-email-type.json	1787	2	0	7	0	0	0	0	0	9	0	0	1	0	0	0	0	0	0	0	0	39	250	0	0	0	2	0	0
fsh-generated/resources/StructureDefinition-fr-core-contact-point.json	1494	1	0	8	0	0	0	0	0	11	0	0	0	0	0	0	0	0	0	0	1	46	395	0	0	0	2	0	0
fsh-generated/resources/StructureDefinition-fr-core-encounter.json	12259	5	0	49	0	0	0	0	0	45	0	0	0	0	0	0	0	1	0	0	1	274	1192	0	0	0	17	0	1
fsh-generated/resources/StructureDefinition-fr-core-estimated-discharge-date.json	1475	1	0	5	0	0	0	0	0	8	0	0	1	0	0	0	0	0	0	0	0	33	193	0	0	0	2	0	0
fsh-generated/resources/StructureDefinition-fr-core-healthcare-service.json	4519	3	0	56	0	0	0	0	0	19	0	0	0	0	0	0	0	0	0	0	0	153	516	1	0	0	10	1	0
fsh-generated/resources/StructureDefinition-fr-core-human-name-assembly-order.json	1982	2	0	9	0	0	0	0	0	8	0	0	0	0	0	0	0	0	0	0	1	33	218	0	0	0	2	0	0
fsh-generated/resources/StructureDefinition-fr-core-human-name.json	1482	1	0	8	0	0	0	0	0	9	0	0	0	0	0	0	0	0	0	0	0	44	281	0	0	0	2	0	0
fsh-generated/resources/StructureDefinition-fr-core-identity-reliability.json	6604	3	0	14	0	0	0	0	0	28	0	0	1	0	0	0	0	1	0	0	1	127	491	0	0	0	6	0	1
fsh-generated/resources/StructureDefinition-fr-core-location-position-lit.json	1511	2	0	6	0	0	0	0	0	7	0	0	0	0	0	0	0	0	0	0	0	34	228	0	0	0	2	0	0
fsh-generated/resources/StructureDefinition-fr-core-location-type-chambre.json	1479	1	0	7	0	0	0	0	0	7	0	0	0	0	0	0	0	0	0	0	0	33	247	0	0	0	2	0	0
fsh-generated/resources/StructureDefinition-fr-core-location.json	3582	2	0	24	0	0	0	0	0	22	0	0	0	0	0	0	0	0	0	0	0	109	545	0	0	0	8	0	0
fsh-generated/resources/StructureDefinition-fr-core-lunar-date.json	1526	2	0	6	0	0	0	0	0	9	0	0	0	0	0	0	0	0	0	0	0	32	204	0	0	0	1	0	0
fsh-generated/resources/StructureDefinition-fr-core-medication-administration-inhaled-oxygen.json	3794	2	0	28	0	0	0	0	0	30	0	0	1	0	0	0	0	1	0	0	1	136	640	0	0	0	14	0	1
fsh-generated/resources/StructureDefinition-fr-core-observation-bmi.json	3799	2	0	40	0	0	0	0	0	28	0	0	0	0	0	0	0	0	0	0	0	194	1134	0	0	0	11	0	0
fsh-generated/resources/StructureDefinition-fr-core-observation-body-height.json	4604	2	0	40	0	0	0	0	0	22	0	0	1	0	0	0	0	1	0	0	1	204	837	0	0	0	11	1	1
fsh-generated/resources/StructureDefinition-fr-core-observation-body-position-ext.json	2239	2	0	6	1	0	0	0	0	9	0	0	0	0	0	0	0	0	0	0	0	34	163	0	0	0	2	0	0
fsh-generated/resources/StructureDefinition-fr-core-observation-body-temperature.json	4513	2	0	39	0	0	0	0	0	25	0	0	0	0	0	0	0	1	0	0	0	205	708	0	0	0	14	0	0
fsh-generated/resources/StructureDefinition-fr-core-observation-body-weight.json	3793	2	0	37	0	0	0	0	0	22	0	0	1	0	0	0	0	1	0	0	1	198	711	0	1	0	10	0	1
fsh-generated/resources/StructureDefinition-fr-core-observation-bp.json	6716	3	0	63	0	0	0	0	1	70	0	0	0	0	0	0	0	1	0	0	0	355	1344	0	0	0	20	1	0
fsh-generated/resources/StructureDefinition-fr-core-observation-head-circum.json	3769	2	0	52	0	0	0	0	0	27	0	0	1	0	0	0	0	1	0	0	1	192	664	0	0	0	14	0	1
fsh-generated/resources/StructureDefinition-fr-core-observation-heartrate.json	5190	2	0	43	0	0	0	0	0	25	0	0	0	0	0	0	0	0	0	0	0	212	733	0	0	0	12	0	0
fsh-generated/resources/StructureDefinition-fr-core-observation-height-body-position.json	2150	2	0	6	0	0	0	0	0	6	0	0	0	0	0	0	0	1	0	0	0	35	151	0	0	0	1	0	0
fsh-generated/resources/StructureDefinition-fr-core-observation-level-of-exertion.json	2244	2	0	4	0	0	0	0	0	7	0	0	0	0	0	0	0	0	0	0	1	33	147	0	0	0	2	0	0
fsh-generated/resources/StructureDefinition-fr-core-observation-resp-rate.json	4886	2	0	40	0	0	0	0	0	21	0	0	1	0	0	0	0	0	0	0	0	208	754	0	0	0	14	1	1
fsh-generated/resources/StructureDefinition-fr-core-observation-saturation-oxygen.json	5939	3	0	40	0	0	0	0	0	23	0	0	0	0	0	0	0	1	0	0	0	215	727	0	0	0	14	0	0
fsh-generated/resources/StructureDefinition-fr-core-organization-champ-activite.json	1547	1	0	7	0	0	0	0	0	8	0	0	0	0	0	0	0	0	0	0	1	34	154	0	0	0	1	0	0
fsh-generated/resources/StructureDefinition-fr-core-organization-demandeuse-acte.json	1466	2	0	4	0	0	0	0	0	5	0	0	0	0	0	0	0	0	0	0	0	32	150	0	0	0	2	0	0
fsh-generated/resources/StructureDefinition-fr-core-organization-discipline-equipement.json	1592	2	0	5	0	0	0	0	0	5	0	0	1	0	0	0	0	0	0	0	0	33	150	0	0	0	1	0	0
fsh-generated/resources/StructureDefinition-fr-core-organization-discipline-prestation.json	1593	1	0	4	0	0	0	0	0	6	0	0	0	0	0	0	0	0	0	0	1	32	151	0	0	0	2	0	0
fsh-generated/resources/StructureDefinition-fr-core-organization-etablissement.json	8328	4	0	65	0	0	0	0	0	47	0	0	1	0	0	0	0	1	0	0	0	297	781	0	0	0	15	0	1
fsh-generated/resources/StructureDefinition-fr-core-organization-executante-acte.json	1470	2	0	8	0	0	0	0	0	7	0	0	0	0	0	0	0	0	0	0	0	32	146	0	0	0	2	0	0
fsh-generated/resources/StructureDefinition-fr-core-organization-member.json	2234	2	0	5	0	0	0	0	0	9	0	0	0	0	0	0	0	0	0	0	0	53	214	0	0	0	2	0	0
fsh-generated/resources/StructureDefinition-fr-core-organization-place-hebergement-theorique.json	1541	2	0	6	0	0	0	0	0	6	0	0	0	0	0	0	0	0	0	0	1	32	145	0	0	0	2	0	0
fsh-generated/resources/StructureDefinition-fr-core-organization-raison-sociale.json	1375	1	0	4	0	0	0	0	0	5	0	0	0	0	0	0	0	0	0	0	0	32	149	0	0	0	1	0	0
fsh-generated/resources/StructureDefinition-fr-core-organization-sae-categorie.json	2311	2	0	3	0	0	0	0	0	9	0	0	0	0	0	0	0	0	0	0	0	54	277	0	0	0	2	0	0
fsh-generated/resources/StructureDefinition-fr-core-organization-short-name.json	1357	2	0	2	1	0	0	0	0	5	0	0	1	0	0	0	0	1	0	0	0	32	147	0	0	0	2	1	0
fsh-generated/resources/StructureDefinition-fr-core-organization-tarif.json	2277	1	0	5	0	0	0	0	0	7	0	0	0	0	0	0	0	0	0	0	0	34	157	0	0	0	2	0	0
fsh-generated/resources/StructureDefinition-fr-core-organization-type-activite.json	1632	2	0	4	0	0	0	0	1	6	0	0	0	0	0	0	0	0	0	0	1	32	147	0	0	0	1	0	0
fsh-generated/resources/StructureDefinition-fr-core-organization-uac.json	2400	2	0	13	0	0	0	0	0	15	0	0	0	0	0	0	0	0	0	0	0	113	400	0	1	0	6	0	1
fsh-generated/resources/StructureDefinition-fr-core-organization-uf-externe.json	1448	1	0	4	0	0	0	0	0	6	0	0	1	0	0	0	0	0	0	0	0	32	150	0	0	0	1	0	0
fsh-generated/resources/StructureDefinition-fr-core-organization-uf-indicateur.json	2276	3	0	5	0	0	0	0	0	9	0	0	0	0	0	0	0	0	0	0	0	58	202	0	0	0	3	0	0
fsh-generated/resources/StructureDefinition-fr-core-organization-uf.json	4294	2	0	14	0	0	0	0	0	22	0	0	0	0	0	0	0	1	0	0	0	144	433	0	0	0	7	0	0
fsh-generated/resources/StructureDefinition-fr-core-organization.json	6299	2	0	1	0	0	0	0	0	20	0	0	0	0	0	0	0	0	0	0	0	149	419	0	0	0	9	0	0
fsh-generated/resources/StructureDefinition-fr-core-patient-birth-list-given-name.json	1859	2	0	5	0	0	0	0	0	6	0	0	1	0	0	0	0	0	0	0	1	34	164	0	0	0	1	0	0
fsh-generated/resources/StructureDefinition-fr-core-patient-birthdate-update-indicator.json	1472	1	0	5	0	0	0	0	0	5	0	0	0	0	0	0	0	0	0	0	0	32	150	0	0	0	2	0	0
fsh-generated/resources/StructureDefinition-fr-core-patient-contact-identifier.json	1560	2	0	5	0	0	0	0	0	6	0	0	0	0	0	0	0	0	0	0	0	32	149	0	0	0	1	0	0
fsh-generated/resources/StructureDefinition-fr-core-patient-contact-relationship-category.json	1890	2	0	5	0	0	0	0	0	6	0	0	0	0	0	0	0	0	0	0	0	33	156	0	0	0	2	0	0
fsh-generated/resources/StructureDefinition-fr-core-patient-death-place.json	1781	1	0	5	0	0	0	0	0	5	0	0	0	0	0	0	0	0	0	0	0	32	158	0	0	0	1	0	0
fsh-generated/resources/StructureDefinition-fr-core-patient-ins.json	12416	4	0	120	0	0	0	0	0	65	0	0	1	0	0	0	0	2	0	0	1	513	1709	0	0	0	27	1	2
fsh-generated/resources/StructureDefinition-fr-core-patient.json	21268	7	0	4	0	0	0	0	0	82	0	0	0	0	0	0	0	2	0	0	1	564	1272	0	1	0	35	0	0
fsh-generated/resources/StructureDefinition-fr-core-practitioner-role.json	5720	2	0	19	0	0	0	0	0	23	0	0	1	0	0	0	0	0	0	0	0	139	395	0	0	0	8	0	1
fsh-generated/resources/StructureDefinition-fr-core-practitioner-specialty.json	1609	2	0	6	0	0	0	0	0	9	0	0	0	0	0	0	0	0	0	0	0	34	150	0	0	0	1	0	0
fsh-generated/resources/StructureDefinition-fr-core-practitioner.json	13028	4	0	52	0	0	0	0	0	75	0	0	0	0	0	0	0	1	0	0	1	330	926	0	0	0	18	0	0
fsh-generated/resources/StructureDefinition-fr-core-related-person.json	4404	2	0	18	0	0	0	0	0	34	0	0	0	0	0	0	0	1	0	0	0	147	391	0	0	0	8	0	1
fsh-generated/resources/StructureDefinition-fr-core-schedule-availability-time.json	22494	6	0	30	0	0	1	0	1	102	0	0	1	0	0	0	0	0	0	0	1	493	708	0	0	0	21	0	0
fsh-generated/resources/StructureDefinition-fr-core-schedule.json	4055	2	0	10	0	0	0	0	0	20	0	0	0	0	0	0	0	1	0	0	1	90	275	0	0	0	5	0	0
fsh-generated/resources/StructureDefinition-fr-core-service-type-duration.json	3651	3	0	4	0	0	0	0	0	18	0	0	0	0	0	0	0	0	0	0	0	70	197	0	0	0	3	0	0
fsh-generated/resources/StructureDefinition-fr-core-slot.json	2262	1	0	12	0	0	0	0	0	21	0	0	0	0	0	0	0	0	0	0	0	97	269	0	1	0	5	0	1
fsh-generated/resources/ValueSet-fr-core-vs-availability-time-rule.json	1851	2	0	0	1	0	0	0	0	843	0	0	0	0	0	0	0	0	0	0	7	10	131	0	0	0	1	0	0
fsh-generated/resources/ValueSet-fr-core-vs-body-position.json	2146	2	0	0	0	0	0	0	0	8	0	0	0	0	0	0	0	0	0	0	6	10	83	0	0	0	0	0	0
fsh-generated/resources/ValueSet-fr-core-vs-bp-meas-body-location.json	3106	1	0	0	0	0	0	0	1	7	0	0	0	0	0	0	0	0	0	0	7	12	78	0	0	0	1	0	0
fsh-generated/resources/ValueSet-fr-core-vs-bp-meas-method.json	1503	2	0	0	0	0	0	0	0	5	0	0	0	0	0	0	0	0	0	0	6	8	65	0	0	0	1	0	0
fsh-generated/resources/ValueSet-fr-core-vs-bp-method.json	1449	1	0	0	0	0	0	0	0	4	0	0	0	0	0	0	0	0	0	0	3	8	64	0	0	0	0	0	0
fsh-generated/resources/ValueSet-fr-core-vs-categorie-sae-etablissement.json	4811	2	0	0	0	0	0	0	1	16	0	0	0	0	0	0	0	0	0	0	3	26	94	0	0	0	1	0	0
fsh-generated/resources/ValueSet-fr-core-vs-cog-commune-pays.json	993	2	0	0	0	0	0	0	0	3	0	0	0	0	0	0	0	0	0	0	3	8	350	0	0	0	1	0	0
fsh-generated/resources/ValueSet-fr-core-vs-contact-relationship.json	9240	3	0	0	0	0	0	0	1	19	0	0	0	0	0	0	0	0	0	0	3	37	104	0	0	0	2	0	0
fsh-generated/resources/ValueSet-fr-core-vs-discipline-prestation.json	701	1	0	0	0	0	0	0	0	3	0	0	0	0	0	0	0	0	0	0	3	7	98	0	0	0	0	0	0
fsh-generated/resources/ValueSet-fr-core-vs-email-type.json	987	2	0	0	0	0	0	0	0	3	0	0	0	0	0	0	0	0	0	0	2	7	53	0	0	0	0	0	0
fsh-generated/resources/ValueSet-fr-core-vs-encounter-class.json	1514	1	0	0	0	0	0	0	0	19	0	0	0	0	0	0	0	0	0	0	2	10	73	0	0	0	1	0	0
fsh-generated/resources/ValueSet-fr-core-vs-encounter-discharge-disposition.json	1555	2	0	0	0	0	0	0	0	3	0	0	0	0	0	0	0	0	0	0	2	9	56	0	0	0	0	0	0
fsh-generated/resources/ValueSet-fr-core-vs-encounter-identifier-type.json	1410	1	0	0	0	0	0	0	0	4	0	0	0	0	0	0	0	0	0	0	1	7	46	0	0	0	1	0	0
fsh-generated/resources/ValueSet-fr-core-vs-encounter-type.json	2253	2	0	0	0	0	0	0	0	6	0	0	0	0	0	0	0	0	0	0	2	11	65	0	0	0	0	0	0
fsh-generated/resources/ValueSet-fr-core-vs-heartrate-body-location.json	4722	2	0	0	0	0	0	0	1	8	0	0	0	0	0	0	0	0	0	0	3	15	64	0	0	0	1	0	0
fsh-generated/resources/ValueSet-fr-core-vs-heartrate-measurement-method.json	1585	2	0	0	0	0	0	0	0	4040	0	0	0	0	0	0	0	0	0	0	2	9	6179	0	0	0	0	0	0
fsh-generated/resources/ValueSet-fr-core-vs-height-body-position.json	925	1	0	0	0	0	0	0	0	3	0	0	0	0	0	0	0	0	0	0	2	7	74	0	0	0	1	0	0
fsh-generated/resources/ValueSet-fr-core-vs-height-meas-method.json	984	1	0	0	0	0	0	0	0	4	0	0	0	0	0	0	0	1	0	0	2	7	63	0	0	0	0	0	0
fsh-generated/resources/ValueSet-fr-core-vs-identity-method-collection.json	680	2	0	0	0	0	0	0	0	3	0	0	0	0	0	0	0	0	0	0	2	6	64	0	0	0	0	0	0
fsh-generated/resources/ValueSet-fr-core-vs-identity-reliability.json	628	1	0	0	0	0	0	0	0	7	0	0	0	0	0	0	0	0	0	0	2	6	69	0	0	0	1	0	0
fsh-generated/resources/ValueSet-fr-core-vs-insee-code.json	693	1	0	0	0	0	0	0	0	3	0	0	0	0	0	0	0	0	0	0	2	7	246	0	0	0	0	0	0
fsh-generated/resources/ValueSet-fr-core-vs-location-position-lit.json	638	2	0	0	0	0	0	0	0	1	0	0	0	0	0	0	0	0	0	0	2	6	45	0	0	0	0	0	0
fsh-generated/resources/ValueSet-fr-core-vs-location-type-chambre.json	622	1	0	0	0	0	0	0	0	3	0	0	0	0	0	0	0	0	0	0	2	6	46	0	0	0	1	0	0
fsh-generated/resources/ValueSet-fr-core-vs-location-type.json	635	1	0	0	0	0	0	0	0	1	0	0	0	0	0	0	0	0	0	0	2	7	46	0	0	0	0	0	0
fsh-generated/resources/ValueSet-fr-core-vs-marital-status.json	901	2	0	0	0	0	0	0	1	4	0	0	0	0	0	0	0	0	0	0	2	10	53	0	0	0	1	0	0
fsh-generated/resources/ValueSet-fr-core-vs-mode-validation-identity-ins.json	922	1	0	0	0	0	0	0	0	4	0	0	0	0	0	0	0	0	0	0	2	8	49	0	0	0	0	0	0
fsh-generated/resources/ValueSet-fr-core-vs-mode-validation-identity.json	658	2	0	0	0	0	0	0	0	3	0	0	0	0	0	0	0	0	0	0	1	6	51	0	0	0	0	0	0
fsh-generated/resources/ValueSet-fr-core-vs-oragnization-code-tarif-tnjp.json	729	1	0	0	0	0	0	0	0	2	0	0	0	0	0	0	0	0	0	0	2	6	51	0	0	0	1	0	0
fsh-generated/resources/ValueSet-fr-core-vs-oragnization-type-activite.json	689	2	0	0	0	0	0	0	0	2	0	0	0	0	0	0	0	0	0	0	2	8	47	0	0	0	0	0	0
fsh-generated/resources/ValueSet-fr-core-vs-organization-champ-activite.json	745	1	0	0	0	0	0	0	0	2	0	0	0	0	0	0	0	0	0	0	2	6	44	0	0	0	0	0	0
fsh-generated/resources/ValueSet-fr-core-vs-organization-discipline-equipement.json	738	1	0	0	1	0	0	0	0	1	0	0	0	0	0	0	0	0	0	0	1	6	66	0	0	0	0	0	0
fsh-generated/resources/ValueSet-fr-core-vs-organization-etablissement-type.json	935	2	0	0	0	0	0	0	0	3	0	0	0	0	0	0	0	0	0	0	2	8	60	0	0	0	1	0	0
fsh-generated/resources/ValueSet-fr-core-vs-organization-identifier-type.json	1982	1	0	0	0	0	0	0	0	4	0	0	0	0	0	0	0	0	0	0	2	10	64	0	0	0	0	0	0
fsh-generated/resources/ValueSet-fr-core-vs-organization-type.json	1625	2	0	0	0	0	0	0	1	5	0	0	0	0	0	0	0	0	0	0	2	10	51	0	0	0	1	0	0
fsh-generated/resources/ValueSet-fr-core-vs-organization-uf-indicateur.json	657	1	0	0	0	0	0	0	0	2	0	0	0	0	0	0	0	0	0	0	2	6	44	0	0	0	0	0	0
fsh-generated/resources/ValueSet-fr-core-vs-patient-contact-relationship-category.json	758	2	0	0	0	0	0	0	0	3	0	0	0	0	0	0	0	0	0	0	1	7	41	0	0	0	1	0	0
fsh-generated/resources/ValueSet-fr-core-vs-patient-contact-role.json	1260	2	0	0	0	0	0	0	0	4	0	0	0	0	0	0	0	0	0	0	2	12	49	0	0	0	0	0	0
fsh-generated/resources/ValueSet-fr-core-vs-patient-gender.json	965	1	0	0	0	0	0	0	0	3	0	0	0	0	0	0	0	0	0	0	2	10	47	0	0	0	0	0	0
fsh-generated/resources/ValueSet-fr-core-vs-patient-identifier-type.json	1983	1	0	0	0	0	0	0	0	5	0	0	0	0	0	0	0	0	0	0	2	12	53	0	1	0	1	0	0
fsh-generated/resources/ValueSet-fr-core-vs-patient-identifier-use-ins.json	818	2	0	0	0	0	0	0	0	3	0	0	0	0	0	0	0	0	0	0	2	8	46	0	0	0	0	0	0
fsh-generated/resources/ValueSet-fr-core-vs-patient-identifier-use-pi.json	918	1	0	0	0	0	0	0	0	42	0	0	0	0	0	0	0	0	0	0	1	9	48	0	0	0	1	0	0
fsh-generated/resources/ValueSet-fr-core-vs-practitioner-identifier-type.json	2355	2	0	0	0	0	0	0	1	6	0	0	0	0	0	0	0	0	0	0	2	15	54	0	0	0	0	0	0
fsh-generated/resources/ValueSet-fr-core-vs-practitioner-role-exercice.json	1818	2	0	0	0	0	0	0	0	4	0	0	0	0	0	0	0	0	0	0	2	16	115	0	0	0	1	0	0
fsh-generated/resources/ValueSet-fr-core-vs-practitioner-specialty.json	1152	1	0	0	0	0	0	0	0	2	0	0	0	0	0	0	0	0	0	0	2	7	63	0	0	0	0	0	0
fsh-generated/resources/ValueSet-fr-core-vs-relation-type.json	888	2	0	0	0	0	0	0	0	3	0	0	0	0	0	0	0	0	0	0	2	7	58	0	0	0	1	0	0
fsh-generated/resources/ValueSet-fr-core-vs-respiratory-rate-meas-method.json	1021	1	0	0	0	0	0	0	0	3	0	0	0	0	0	0	0	0	0	0	1	10	43	0	0	0	0	0	0
fsh-generated/resources/ValueSet-fr-core-vs-schedule-type.json	1375	2	0	0	0	0	0	0	0	3	0	0	0	0	0	0	0	0	0	0	2	8	43	0	0	0	1	0	0
fsh-generated/resources/ValueSet-fr-core-vs-schedule-unavailability-reason.json	1309	1	0	0	0	0	0	0	0	4	0	0	0	0	0	0	0	0	0	0	2	8	43	0	0	0	0	0	0
fsh-generated/resources/ValueSet-fr-core-vs-spo2-body-location.json	1123	2	0	0	0	0	0	0	0	3	0	0	0	0	0	0	0	0	0	0	2	7	52	0	0	0	0	0	0
fsh-generated/resources/ValueSet-fr-core-vs-title.json	1004	1	0	0	0	0	0	0	0	2	0	0	0	0	0	0	0	0	0	0	2	7	56	0	0	0	1	0	0
fsh-generated/resources/ValueSet-fr-core-vsbody-temp-meas-body-location.json	2032	2	0	0	0	0	0	0	1	4	0	0	0	0	0	0	0	0	0	0	1	9	63	0	0	0	0	0	0
/fsh-generated/includes/menu.xml	2853	-	-	-	0	0	0	0	0	0	0	0	0	0	0	0	0	0	0	0	0	0	1	0	0	0	0	0	0
/fsh-generated/includes/fsh-link-references.md	15308	-	-	-	0	0	0	0	0	0	0	0	0	0	0	0	0	0	0	0	0	0	2	0	0	0	0	0	0
/input/data/features.yml	164	-	-	-	0	0	0	0	0	0	0	0	0	0	0	0	0	0	0	0	0	0	0	0	0	0	0	0	0
/input/intro-notes/StructureDefinition-fr-core-patient-ins-intro.md	1312	-	-	-	0	0	0	0	0	0	0	0	0	0	0	0	0	0	0	0	0	0	1	0	0	0	0	0	0
/input/intro-notes/StructureDefinition-fr-core-practitioner-intro.md	730	-	-	-	0	0	0	0	0	0	0	0	0	0	0	0	0	0	0	0	0	0	0	0	0	0	0	0	0
/input/pagecontent/structure_entites.md	9886	-	-	-	0	0	0	0	0	0	0	0	0	0	0	0	0	0	0	0	0	0	2	0	0	0	0	0	0
/input/pagecontent/structure_intro.md	1146	-	-	-	0	0	0	0	0	0	0	0	0	0	0	0	0	0	0	0	0	0	0	0	0	0	0	0	0
/input/pagecontent/StructureDefinition-fr-core-location-intro.md	647	-	-	-	0	0	0	0	0	0	0	0	0	0	0	0	0	0	0	0	0	0	0	0	0	0	0	0	0
/input/pagecontent/translationinfo.md	95	-	-	-	0	0	0	0	0	0	0	0	0	0	0	0	0	0	0	0	0	0	1	0	0	0	0	0	0
/input/pagecontent/a_propos.md	3883	-	-	-	0	0	0	0	0	0	0	0	0	0	0	0	0	0	0	0	0	0	0	0	0	0	0	0	0
/input/pagecontent/structure_nomenclatures.md	3325	-	-	-	0	0	0	0	0	0	0	0	0	0	0	0	0	0	0	0	0	0	1	0	0	0	0	0	0
/input/pagecontent/StructureDefinition-fr-core-organization-intro.md	799	-	-	-	0	0	0	0	0	0	0	0	0	0	0	0	0	0	0	0	0	0	0	0	0	0	0	0	0
/input/pagecontent/structure_contraintes.md	4106	-	-	-	0	0	0	0	0	0	0	0	0	0	0	0	0	0	0	0	0	0	1	0	0	0	0	0	0
/input/pagecontent/structure_relations.md	1863	-	-	-	0	0	0	0	0	0	0	0	0	0	0	0	0	0	0	0	0	0	0	0	0	0	0	0	0
/input/pagecontent/autres_ressources.md	0	-	-	-	0	0	0	0	0	0	0	0	0	0	0	0	0	0	0	0	0	0	1	0	0	0	0	0	0
/input/pagecontent/change_notes.md	26215	-	-	-	0	0	0	0	0	0	0	0	0	0	0	0	0	0	0	0	0	0	4	0	0	0	0	0	0
/input/pagecontent/structure_ref_loi.md	16922	-	-	-	0	0	0	0	0	0	0	0	0	0	0	0	0	0	0	0	0	0	2	0	0	0	0	0	0
/input/pagecontent/StructureDefinition-fr-core-organization-etablissement-intro.md	1595	-	-	-	0	0	0	0	0	0	0	0	0	0	0	0	0	0	0	0	0	0	0	0	0	0	0	0	0
/input/pagecontent/known_problems.md	730	-	-	-	0	0	0	0	0	0	0	0	0	0	0	0	0	0	0	0	0	0	0	0	0	0	0	0	0
/input/pagecontent/bonnes_pratiques.md	4826	-	-	-	0	0	0	0	0	0	0	0	0	0	0	0	0	0	0	0	0	0	1	0	0	0	0	0	0
/input/pagecontent/profile_list.md	2994	-	-	-	0	0	0	0	0	0	0	0	0	0	0	0	0	0	0	0	0	0	14	0	0	0	0	0	0
/input/pagecontent/downloads.md	927	-	-	-	0	0	0	0	0	0	0	0	0	0	0	0	0	0	0	0	0	0	0	0	0	0	0	0	0
/input/pagecontent/StructureDefinition-fr-core-organization-uf-intro.md	4214	-	-	-	0	0	0	0	0	0	0	0	0	0	0	0	0	0	0	0	0	0	1	0	0	0	0	0	0
/input/pagecontent/StructureDefinition-fr-core-organization-uac-intro.md	486	-	-	-	0	0	0	0	0	0	0	0	0	0	0	0	0	0	0	0	0	0	0	0	0	0	0	0	0
/input/pagecontent/index.md	9635	-	-	-	0	0	0	0	0	0	0	0	0	0	0	0	0	0	0	0	0	0	1	0	0	0	0	0	0
/input/pagecontent	0	-	-	-	0	0	0	0	0	0	0	0	0	0	0	0	0	0	0	0	0	0	0	0	0	0	0	0	0
/input/pagecontent/structure_entites.md	9886	-	-	-	0	0	0	0	0	0	0	0	0	0	0	0	0	0	0	0	0	0	2	0	0	0	0	0	0
/input/pagecontent/structure_intro.md	1146	-	-	-	0	0	0	0	0	0	0	0	0	0	0	0	0	0	0	0	0	0	0	0	0	0	0	0	0
/input/pagecontent/StructureDefinition-fr-core-location-intro.md	647	-	-	-	0	0	0	0	0	0	0	0	0	0	0	0	0	0	0	0	0	0	0	0	0	0	0	0	0
/input/pagecontent/translationinfo.md	95	-	-	-	0	0	0	0	0	0	0	0	0	0	0	0	0	0	0	0	0	0	1	0	0	0	0	0	0
/input/pagecontent/a_propos.md	3883	-	-	-	0	0	0	0	0	0	0	0	0	0	0	0	0	0	0	0	0	0	0	0	0	0	0	0	0
/input/pagecontent/structure_nomenclatures.md	3325	-	-	-	0	0	0	0	0	0	0	0	0	0	0	0	0	0	0	0	0	0	0	0	0	0	0	0	0
/input/pagecontent/StructureDefinition-fr-core-organization-intro.md	799	-	-	-	0	0	0	0	0	0	0	0	0	0	0	0	0	0	0	0	0	0	1	0	0	0	0	0	0
/input/pagecontent/structure_contraintes.md	4106	-	-	-	0	0	0	0	0	0	0	0	0	0	0	0	0	0	0	0	0	0	0	0	0	0	0	0	0
/input/pagecontent/structure_relations.md	1863	-	-	-	0	0	0	0	0	0	0	0	0	0	0	0	0	0	0	0	0	0	0	0	0	0	0	0	0
/input/pagecontent/autres_ressources.md	0	-	-	-	0	0	0	0	0	0	0	0	0	0	0	0	0	0	0	0	0	0	1	0	0	0	0	0	0
/input/pagecontent/change_notes.md	26215	-	-	-	0	0	0	0	0	0	0	0	0	0	0	0	0	0	0	0	0	0	2	0	0	0	0	0	0
/input/pagecontent/structure_ref_loi.md	16922	-	-	-	0	0	0	0	0	0	0	0	0	0	0	0	0	0	0	0	0	0	1	0	0	0	0	0	0
/input/pagecontent/StructureDefinition-fr-core-organization-etablissement-intro.md	1595	-	-	-	0	0	0	0	0	0	0	0	0	0	0	0	0	0	0	0	0	0	1	0	0	0	0	0	0
/input/pagecontent/known_problems.md	730	-	-	-	0	0	0	0	0	0	0	0	0	0	0	0	0	0	0	0	0	0	0	0	0	0	0	0	0
/input/pagecontent/bonnes_pratiques.md	4826	-	-	-	0	0	0	0	0	0	0	0	0	0	0	0	0	0	0	0	0	0	0	0	0	0	0	0	0
/input/pagecontent/profile_list.md	2994	-	-	-	0	0	0	0	0	0	0	0	0	0	0	0	0	0	0	0	0	0	12	0	0	0	0	0	0
/input/pagecontent/downloads.md	927	-	-	-	0	0	0	0	0	0	0	0	0	0	0	0	0	0	0	0	0	0	1	0	0	0	0	0	0
/input/pagecontent/StructureDefinition-fr-core-organization-uf-intro.md	4214	-	-	-	0	0	0	0	0	0	0	0	0	0	0	0	0	0	0	0	0	0	0	0	0	0	0	0	0
/input/pagecontent/StructureDefinition-fr-core-organization-uac-intro.md	486	-	-	-	0	0	0	0	0	0	0	0	0	0	0	0	0	0	0	0	0	0	0	0	0	0	0	0	0
/input/pagecontent/index.md	9635	-	-	-	0	0	0	0	0	0	0	0	0	0	0	0	0	0	0	0	0	0	1	0	0	0	0	0	0
/input/intro-notes	0	-	-	-	0	0	0	0	0	0	0	0	0	0	0	0	0	0	0	0	0	0	1	0	0	0	0	0	0
/input/intro-notes/StructureDefinition-fr-core-patient-ins-intro.md	1312	-	-	-	0	0	0	0	0	0	0	0	0	0	0	0	0	0	0	0	0	0	1	0	0	0	0	0	0
/input/intro-notes/StructureDefinition-fr-core-practitioner-intro.md	730	-	-	-	0	0	0	0	0	0	0	0	0	0	0	0	0	0	0	0	0	0	1	0	0	0	0	0	0
/template/config	0	-	-	-	0	0	0	0	0	0	0	0	0	0	0	0	0	0	0	0	0	0	0	0	0	0	0	0	0
/template/config/_config.yml	31	-	-	-	0	0	0	0	0	0	0	0	0	0	0	0	0	0	0	0	0	0	0	0	0	0	0	0	0
/input/images	0	-	-	-	0	0	0	0	0	0	0	0	0	0	0	0	0	0	0	0	0	0	0	0	0	0	0	0	0
/input/images/p_uml.svg	118938	-	-	-	0	0	0	0	0	0	0	0	0	0	0	0	0	0	0	0	0	0	0	0	0	0	0	0	0
/input/images/profiles_uml.svg	8175	-	-	-	0	0	0	0	0	0	0	0	0	0	0	0	0	0	0	0	0	0	1	0	0	0	0	0	0
/input/images/anImage.png	36288	-	-	-	0	0	0	0	0	0	0	0	0	0	0	0	0	0	0	0	0	0	0	0	0	0	0	0	0
/input/images/liens_entite.svg	3077	-	-	-	0	0	0	0	0	0	0	0	0	0	0	0	0	0	0	0	0	0	0	0	0	0	0	0	0
/input/images/profiles.svg	10934	-	-	-	0	0	0	0	0	0	0	0	0	0	0	0	0	0	0	0	0	0	0	0	0	0	0	0	0
/input/images/relations_personnes.svg	3928	-	-	-	0	0	0	0	0	0	0	0	0	0	0	0	0	0	0	0	0	0	0	0	0	0	0	0	0
/temp/pages/_includes/artifacts.xml	117253	-	-	-	-	-	-	-	-	-	-	-	-	-	-	-	-	-	-	-	-	-	6	0	0	0	0	0	0
