<?xml version="1.0" encoding="UTF-8"?><CodeSystem xmlns="http://hl7.org/fhir"><id value="fr-core-cs-discipline-equipement"/><meta><profile value="http://hl7.org/fhir/StructureDefinition/shareablecodesystem|4.0.1"/></meta><text><status value="generated"/><div xmlns="http://www.w3.org/1999/xhtml"><p class="res-header-id"><b>Narratif généré : CodeSystem fr-core-cs-discipline-equipement</b></p><a name="fr-core-cs-discipline-equipement"> </a><a name="hcfr-core-cs-discipline-equipement"> </a><div style="display: inline-block; background-color: #d9e0e7; padding: 6px; margin: 4px; border: 1px solid #8da1b4; border-radius: 5px; line-height: 60%"><p style="margin-bottom: 0px"/><p style="margin-bottom: 0px">Profil: <a href="http://hl7.org/fhir/R4/shareablecodesystem.html">Shareable CodeSystemversion : null4.0.1)</a></p></div><p>This case-sensitive code system <code>https://hl7.fr/ig/fhir/core/CodeSystem/fr-core-cs-discipline-equipement</code> defines the following codes:</p><table class="codes"><tr><td style="white-space:nowrap"><b>Code</b></td><td><b>Affichage</b></td></tr><tr><td style="white-space:nowrap">23<a name="fr-core-cs-discipline-equipement-23"> </a></td><td>Stérilisation</td></tr><tr><td style="white-space:nowrap">34<a name="fr-core-cs-discipline-equipement-34"> </a></td><td>Radiostandard</td></tr><tr><td style="white-space:nowrap">35<a name="fr-core-cs-discipline-equipement-35"> </a></td><td>Scanographie X</td></tr><tr><td style="white-space:nowrap">36<a name="fr-core-cs-discipline-equipement-36"> </a></td><td>Neuroradiologie</td></tr><tr><td style="white-space:nowrap">37<a name="fr-core-cs-discipline-equipement-37"> </a></td><td>Hémodynamique</td></tr><tr><td style="white-space:nowrap">45<a name="fr-core-cs-discipline-equipement-45"> </a></td><td>Explorations fonctionnelles cardiovasculaires</td></tr><tr><td style="white-space:nowrap">46<a name="fr-core-cs-discipline-equipement-46"> </a></td><td>Explorations fonctionnelles néphrologiques</td></tr><tr><td style="white-space:nowrap">47<a name="fr-core-cs-discipline-equipement-47"> </a></td><td>Explorations fonctionnelles pneumologiques</td></tr><tr><td style="white-space:nowrap">48<a name="fr-core-cs-discipline-equipement-48"> </a></td><td>Explorations fonctionnelles neurologiques</td></tr><tr><td style="white-space:nowrap">49<a name="fr-core-cs-discipline-equipement-49"> </a></td><td>Explorations fonctionnelles du tube digestif</td></tr><tr><td style="white-space:nowrap">50<a name="fr-core-cs-discipline-equipement-50"> </a></td><td>Autres explorations fonctionnelles spécialisées</td></tr><tr><td style="white-space:nowrap">51<a name="fr-core-cs-discipline-equipement-51"> </a></td><td>Explorations fonctionnelles cardiovasculaires et néphrologiques</td></tr><tr><td style="white-space:nowrap">52<a name="fr-core-cs-discipline-equipement-52"> </a></td><td>Explorations fonctionnelles cardiovasculaires et pneumologiques</td></tr><tr><td style="white-space:nowrap">53<a name="fr-core-cs-discipline-equipement-53"> </a></td><td>Autres explorations fonctionnelles polyvalentes</td></tr><tr><td style="white-space:nowrap">55<a name="fr-core-cs-discipline-equipement-55"> </a></td><td>Réeducation fonctionnelle</td></tr><tr><td style="white-space:nowrap">56<a name="fr-core-cs-discipline-equipement-56"> </a></td><td>Ergothérapie</td></tr><tr><td style="white-space:nowrap">57<a name="fr-core-cs-discipline-equipement-57"> </a></td><td>Hydrothérapie</td></tr><tr><td style="white-space:nowrap">58<a name="fr-core-cs-discipline-equipement-58"> </a></td><td>Kinésithérapie</td></tr><tr><td style="white-space:nowrap">59<a name="fr-core-cs-discipline-equipement-59"> </a></td><td>Orthophonie</td></tr><tr><td style="white-space:nowrap">60<a name="fr-core-cs-discipline-equipement-60"> </a></td><td>Orthoptie</td></tr><tr><td style="white-space:nowrap">61<a name="fr-core-cs-discipline-equipement-61"> </a></td><td>Autres rééducations spécialisées</td></tr><tr><td style="white-space:nowrap">62<a name="fr-core-cs-discipline-equipement-62"> </a></td><td>Anatomie pathologique (anatomie et cytologie pathologique)</td></tr><tr><td style="white-space:nowrap">63<a name="fr-core-cs-discipline-equipement-63"> </a></td><td>Bactériologie</td></tr><tr><td style="white-space:nowrap">64<a name="fr-core-cs-discipline-equipement-64"> </a></td><td>Biochimie générale et spécialisée</td></tr><tr><td style="white-space:nowrap">70<a name="fr-core-cs-discipline-equipement-70"> </a></td><td>Embryologie clinique</td></tr><tr><td style="white-space:nowrap">79<a name="fr-core-cs-discipline-equipement-79"> </a></td><td>Parasitologie-mycologie</td></tr><tr><td style="white-space:nowrap">80<a name="fr-core-cs-discipline-equipement-80"> </a></td><td>Pharmacologie-toxicologie</td></tr><tr><td style="white-space:nowrap">83<a name="fr-core-cs-discipline-equipement-83"> </a></td><td>Virologie</td></tr><tr><td style="white-space:nowrap">86<a name="fr-core-cs-discipline-equipement-86"> </a></td><td>Vaccination </td></tr><tr><td style="white-space:nowrap">87<a name="fr-core-cs-discipline-equipement-87"> </a></td><td>Consultation antitabac</td></tr><tr><td style="white-space:nowrap">88<a name="fr-core-cs-discipline-equipement-88"> </a></td><td>Médecine légale</td></tr><tr><td style="white-space:nowrap">89<a name="fr-core-cs-discipline-equipement-89"> </a></td><td>Médecine préventive et de santé publique</td></tr><tr><td style="white-space:nowrap">90<a name="fr-core-cs-discipline-equipement-90"> </a></td><td>Autres consultations et soins externes</td></tr><tr><td style="white-space:nowrap">91<a name="fr-core-cs-discipline-equipement-91"> </a></td><td>Fabrication-préparation de produits pharmaceutiques</td></tr><tr><td style="white-space:nowrap">92<a name="fr-core-cs-discipline-equipement-92"> </a></td><td>Distribution de produits pharmaceutiques</td></tr><tr><td style="white-space:nowrap">93<a name="fr-core-cs-discipline-equipement-93"> </a></td><td>Distribution d'autres biens médicaux</td></tr><tr><td style="white-space:nowrap">94<a name="fr-core-cs-discipline-equipement-94"> </a></td><td>Activité de pharmacocinétique (Autre activité d'analyse et de recherche sur les médicaments)</td></tr><tr><td style="white-space:nowrap">95<a name="fr-core-cs-discipline-equipement-95"> </a></td><td>Autres activités (fabrication autres biens médicaux, prothèses, etc)</td></tr><tr><td style="white-space:nowrap">96<a name="fr-core-cs-discipline-equipement-96"> </a></td><td>Prélèvement à but scientifique (autopsie) et vérification de diagnostics</td></tr><tr><td style="white-space:nowrap">97<a name="fr-core-cs-discipline-equipement-97"> </a></td><td>Anesthésiologie (consultation)</td></tr><tr><td style="white-space:nowrap">99<a name="fr-core-cs-discipline-equipement-99"> </a></td><td>Activité de pharmacotoxico-vigilance</td></tr><tr><td style="white-space:nowrap">108<a name="fr-core-cs-discipline-equipement-108"> </a></td><td>Médecine pédiatrique (hors unité d'oncologie médicale, spécialisée ou non)</td></tr><tr><td style="white-space:nowrap">112<a name="fr-core-cs-discipline-equipement-112"> </a></td><td>Néonatologie sans SI</td></tr><tr><td style="white-space:nowrap">145<a name="fr-core-cs-discipline-equipement-145"> </a></td><td>Traitement des grands brûlés (hors réanimation et surveillance continue grands brûlés)</td></tr><tr><td style="white-space:nowrap">151<a name="fr-core-cs-discipline-equipement-151"> </a></td><td>Neurochirurgie</td></tr><tr><td style="white-space:nowrap">164<a name="fr-core-cs-discipline-equipement-164"> </a></td><td>Gynécologie seule</td></tr><tr><td style="white-space:nowrap">165<a name="fr-core-cs-discipline-equipement-165"> </a></td><td>Obstétrique seule</td></tr><tr><td style="white-space:nowrap">176<a name="fr-core-cs-discipline-equipement-176"> </a></td><td>Soins de longue durée pour personnes ayant perdu leur autonomie de vie</td></tr><tr><td style="white-space:nowrap">197<a name="fr-core-cs-discipline-equipement-197"> </a></td><td>Consultations et soins dentaires</td></tr><tr><td style="white-space:nowrap">200<a name="fr-core-cs-discipline-equipement-200"> </a></td><td>Transfusion sanguine (laboratoire)</td></tr><tr><td style="white-space:nowrap">201<a name="fr-core-cs-discipline-equipement-201"> </a></td><td>Banque de sperme</td></tr><tr><td style="white-space:nowrap">202<a name="fr-core-cs-discipline-equipement-202"> </a></td><td>Banques d'organes</td></tr><tr><td style="white-space:nowrap">203<a name="fr-core-cs-discipline-equipement-203"> </a></td><td>Dispensaire de soins</td></tr><tr><td style="white-space:nowrap">204<a name="fr-core-cs-discipline-equipement-204"> </a></td><td>Soins infirmiers</td></tr><tr><td style="white-space:nowrap">205<a name="fr-core-cs-discipline-equipement-205"> </a></td><td>Lutte contre les maladies sexuellement transmissibles</td></tr><tr><td style="white-space:nowrap">218<a name="fr-core-cs-discipline-equipement-218"> </a></td><td>Vaccination BCG</td></tr><tr><td style="white-space:nowrap">235<a name="fr-core-cs-discipline-equipement-235"> </a></td><td>Soins intensifs en néonatologie</td></tr><tr><td style="white-space:nowrap">241<a name="fr-core-cs-discipline-equipement-241"> </a></td><td>Hygiène alimentaire (activité des centres d'hygiène alimentaire notamment)</td></tr><tr><td style="white-space:nowrap">309<a name="fr-core-cs-discipline-equipement-309"> </a></td><td>Interruption volontaire de grossesse</td></tr><tr><td style="white-space:nowrap">384<a name="fr-core-cs-discipline-equipement-384"> </a></td><td>Protection maternelle et infantile (centre de PMI ou dispensaire de PMI)</td></tr><tr><td style="white-space:nowrap">385<a name="fr-core-cs-discipline-equipement-385"> </a></td><td>Consultations prénuptiales, prénatales ou postnatales</td></tr><tr><td style="white-space:nowrap">386<a name="fr-core-cs-discipline-equipement-386"> </a></td><td>Consultations de protection infantile</td></tr><tr><td style="white-space:nowrap">389<a name="fr-core-cs-discipline-equipement-389"> </a></td><td>Lutte contre la stérilité</td></tr><tr><td style="white-space:nowrap">390<a name="fr-core-cs-discipline-equipement-390"> </a></td><td>Consultations de conseil génétique</td></tr><tr><td style="white-space:nowrap">391<a name="fr-core-cs-discipline-equipement-391"> </a></td><td>Consultations de planification ou d'éducation familiale</td></tr><tr><td style="white-space:nowrap">392<a name="fr-core-cs-discipline-equipement-392"> </a></td><td>Information, consultation ou conseil familial</td></tr><tr><td style="white-space:nowrap">394<a name="fr-core-cs-discipline-equipement-394"> </a></td><td>Lactarium</td></tr><tr><td style="white-space:nowrap">395<a name="fr-core-cs-discipline-equipement-395"> </a></td><td>Guidance parentale</td></tr><tr><td style="white-space:nowrap">396<a name="fr-core-cs-discipline-equipement-396"> </a></td><td>Guidance infantile</td></tr><tr><td style="white-space:nowrap">446<a name="fr-core-cs-discipline-equipement-446"> </a></td><td>Médecine scolaire</td></tr><tr><td style="white-space:nowrap">447<a name="fr-core-cs-discipline-equipement-447"> </a></td><td>Médecine universitaire</td></tr><tr><td style="white-space:nowrap">448<a name="fr-core-cs-discipline-equipement-448"> </a></td><td>Médecine sportive</td></tr><tr><td style="white-space:nowrap">452<a name="fr-core-cs-discipline-equipement-452"> </a></td><td>Aide aux insuffisants respiratoires</td></tr><tr><td style="white-space:nowrap">552<a name="fr-core-cs-discipline-equipement-552"> </a></td><td>Entraînement à l'hémodialyse </td></tr><tr><td style="white-space:nowrap">553<a name="fr-core-cs-discipline-equipement-553"> </a></td><td>Entraînement à la dialyse péritonéale</td></tr><tr><td style="white-space:nowrap">555<a name="fr-core-cs-discipline-equipement-555"> </a></td><td>Dialyse péritonéale automatisée à domicile</td></tr><tr><td style="white-space:nowrap">556<a name="fr-core-cs-discipline-equipement-556"> </a></td><td>Dialyse péritonéale continue ambulatoire à domicile</td></tr><tr><td style="white-space:nowrap">596<a name="fr-core-cs-discipline-equipement-596"> </a></td><td>Médecine du travail</td></tr><tr><td style="white-space:nowrap">631<a name="fr-core-cs-discipline-equipement-631"> </a></td><td>Gynécologie seule</td></tr><tr><td style="white-space:nowrap">634<a name="fr-core-cs-discipline-equipement-634"> </a></td><td>Laboratoire de  radio-isotopes (Médecine nucléaire in vivo)</td></tr><tr><td style="white-space:nowrap">635<a name="fr-core-cs-discipline-equipement-635"> </a></td><td>Réanimation néonatale</td></tr><tr><td style="white-space:nowrap">645<a name="fr-core-cs-discipline-equipement-645"> </a></td><td>Oxygénothérapie isolée (insuffisants respiratoires)</td></tr><tr><td style="white-space:nowrap">646<a name="fr-core-cs-discipline-equipement-646"> </a></td><td>Assistance ventilatoire sans trachéotomie (insuffisants respiratoires)</td></tr><tr><td style="white-space:nowrap">647<a name="fr-core-cs-discipline-equipement-647"> </a></td><td>Assistance ventilatoire endotrachéale (insuffisants respiratoires)</td></tr><tr><td style="white-space:nowrap">648<a name="fr-core-cs-discipline-equipement-648"> </a></td><td>Trachéotomie isolée (insuffisants respiratoires)</td></tr><tr><td style="white-space:nowrap">665<a name="fr-core-cs-discipline-equipement-665"> </a></td><td>Fabrication et distribution indifférenciées de produits pharmaceutiques</td></tr><tr><td style="white-space:nowrap">700<a name="fr-core-cs-discipline-equipement-700"> </a></td><td>Fabrication, conditionnement et importation de produits cosmétiques et de produits d'hygiène corp.</td></tr><tr><td style="white-space:nowrap">701<a name="fr-core-cs-discipline-equipement-701"> </a></td><td>Fabrication de produits diététiques</td></tr><tr><td style="white-space:nowrap">702<a name="fr-core-cs-discipline-equipement-702"> </a></td><td>Préparation et vente en gros de produits vétérinaires</td></tr><tr><td style="white-space:nowrap">703<a name="fr-core-cs-discipline-equipement-703"> </a></td><td>Fabrication (ou importation) de radio-éléments artificiels</td></tr><tr><td style="white-space:nowrap">704<a name="fr-core-cs-discipline-equipement-704"> </a></td><td>Détention d'animaux en vue de l'expérimentation des médicaments</td></tr><tr><td style="white-space:nowrap">705<a name="fr-core-cs-discipline-equipement-705"> </a></td><td>Fabrication d'objets contraceptifs</td></tr><tr><td style="white-space:nowrap">723<a name="fr-core-cs-discipline-equipement-723"> </a></td><td>Hémodialyse à domicile</td></tr><tr><td style="white-space:nowrap">726<a name="fr-core-cs-discipline-equipement-726"> </a></td><td>Consultations multidisciplines regroupées (médecine, chirurgie et autres spécialités)</td></tr><tr><td style="white-space:nowrap">727<a name="fr-core-cs-discipline-equipement-727"> </a></td><td>Consultations externes indifférenciées</td></tr><tr><td style="white-space:nowrap">743<a name="fr-core-cs-discipline-equipement-743"> </a></td><td>Immunohématologie</td></tr><tr><td style="white-space:nowrap">745<a name="fr-core-cs-discipline-equipement-745"> </a></td><td>Hémostase</td></tr><tr><td style="white-space:nowrap">750<a name="fr-core-cs-discipline-equipement-750"> </a></td><td>Tomographie</td></tr><tr><td style="white-space:nowrap">751<a name="fr-core-cs-discipline-equipement-751"> </a></td><td>Radiologie vasculaire</td></tr><tr><td style="white-space:nowrap">752<a name="fr-core-cs-discipline-equipement-752"> </a></td><td>Echographie sans autre indication (sai)</td></tr><tr><td style="white-space:nowrap">753<a name="fr-core-cs-discipline-equipement-753"> </a></td><td>Imagerie par résonance magnétique (IRM)</td></tr><tr><td style="white-space:nowrap">754<a name="fr-core-cs-discipline-equipement-754"> </a></td><td>Autres activités spécialisées d'imagerie médicale</td></tr><tr><td style="white-space:nowrap">755<a name="fr-core-cs-discipline-equipement-755"> </a></td><td>Explorations fonctionnelles en ORL</td></tr><tr><td style="white-space:nowrap">756<a name="fr-core-cs-discipline-equipement-756"> </a></td><td>Explorations fonctionnelles en ophtalmologie</td></tr><tr><td style="white-space:nowrap">757<a name="fr-core-cs-discipline-equipement-757"> </a></td><td>Recherche et expérimentation dans les services médico-techniques</td></tr><tr><td style="white-space:nowrap">760<a name="fr-core-cs-discipline-equipement-760"> </a></td><td>Salle de réveil</td></tr><tr><td style="white-space:nowrap">761<a name="fr-core-cs-discipline-equipement-761"> </a></td><td>Anesthésiologie et salle de réveil</td></tr><tr><td style="white-space:nowrap">762<a name="fr-core-cs-discipline-equipement-762"> </a></td><td>Bloc opératoire et stérilisation indifférenciés</td></tr><tr><td style="white-space:nowrap">763<a name="fr-core-cs-discipline-equipement-763"> </a></td><td>Pharmacie et stérilisation indifférenciées</td></tr><tr><td style="white-space:nowrap">797<a name="fr-core-cs-discipline-equipement-797"> </a></td><td>Hémodialyse en centre pour adulte</td></tr><tr><td style="white-space:nowrap">798<a name="fr-core-cs-discipline-equipement-798"> </a></td><td>Hémodialyse en centre pour enfant</td></tr><tr><td style="white-space:nowrap">799<a name="fr-core-cs-discipline-equipement-799"> </a></td><td>Assistance ventilatoire avec prothèse extrathoracique(insuffisants respiratoires)</td></tr><tr><td style="white-space:nowrap">800<a name="fr-core-cs-discipline-equipement-800"> </a></td><td>Assistance ventilatoire par pression positive continue ou autres techniques particulières agréées (insuffisants respiratoires)</td></tr><tr><td style="white-space:nowrap">815<a name="fr-core-cs-discipline-equipement-815"> </a></td><td>Echocardiologie</td></tr><tr><td style="white-space:nowrap">816<a name="fr-core-cs-discipline-equipement-816"> </a></td><td>Echographie abdominale</td></tr><tr><td style="white-space:nowrap">817<a name="fr-core-cs-discipline-equipement-817"> </a></td><td>Echographie en obstétrique</td></tr><tr><td style="white-space:nowrap">818<a name="fr-core-cs-discipline-equipement-818"> </a></td><td>Echographie vasculaire</td></tr><tr><td style="white-space:nowrap">819<a name="fr-core-cs-discipline-equipement-819"> </a></td><td>Autres échographies</td></tr><tr><td style="white-space:nowrap">820<a name="fr-core-cs-discipline-equipement-820"> </a></td><td>Collecte de sang</td></tr><tr><td style="white-space:nowrap">821<a name="fr-core-cs-discipline-equipement-821"> </a></td><td>Stockage-distribution de sang</td></tr><tr><td style="white-space:nowrap">822<a name="fr-core-cs-discipline-equipement-822"> </a></td><td>Production de produits sanguins</td></tr><tr><td style="white-space:nowrap">823<a name="fr-core-cs-discipline-equipement-823"> </a></td><td>Autres activités de transfusion sanguine</td></tr><tr><td style="white-space:nowrap">824<a name="fr-core-cs-discipline-equipement-824"> </a></td><td>Pharmacie d'établissement</td></tr><tr><td style="white-space:nowrap">949<a name="fr-core-cs-discipline-equipement-949"> </a></td><td>Recherche chirurgicale ou chirurgie expérimentale</td></tr><tr><td style="white-space:nowrap">952<a name="fr-core-cs-discipline-equipement-952"> </a></td><td>Recherche médicale</td></tr><tr><td style="white-space:nowrap">953<a name="fr-core-cs-discipline-equipement-953"> </a></td><td>Recherche pharmacologique</td></tr><tr><td style="white-space:nowrap">954<a name="fr-core-cs-discipline-equipement-954"> </a></td><td>Recherche pharmaceutique</td></tr><tr><td style="white-space:nowrap">955<a name="fr-core-cs-discipline-equipement-955"> </a></td><td>Recherche odontologique</td></tr><tr><td style="white-space:nowrap">956<a name="fr-core-cs-discipline-equipement-956"> </a></td><td>Recherche toxicologique</td></tr><tr><td style="white-space:nowrap">996<a name="fr-core-cs-discipline-equipement-996"> </a></td><td>Services extérieurs</td></tr><tr><td style="white-space:nowrap">997<a name="fr-core-cs-discipline-equipement-997"> </a></td><td>Discipline non dénommée ailleurs</td></tr></table></div></text><url value="https://hl7.fr/ig/fhir/core/CodeSystem/fr-core-cs-discipline-equipement"/><version value="2.2.0-ballot-2"/><name value="FRCoreCodeSystemDisciplineEquipement"/><title value="FR Core CodeSystem Discipline d'Equipement - nomenclature SAE"/><status value="draft"/><experimental value="false"/><date value="2026-01-29T08:34:51+00:00"/><publisher value="Interop'Santé"/><contact><name value="Interop'Santé"/><telecom><system value="url"/><value value="http://interopsante.org"/></telecom></contact><contact><name value="InteropSanté"/><telecom><system value="email"/><value value="fhir@interopsante.org"/><use value="work"/></telecom></contact><description value="La nomenclature de disciplines d'équipement est utilisée pour ventiler l'activité et le personnel entre les différentes disciplines de la section hôpital (MCO, PSY, HAD, SMR et SLD) et la discipline 'administration, services hôteliers et techniques'. La nomenclature des disciplines d’équipement s’applique aux unités fonctionnelles et aux sections issues du fichier de structure des établissements. Les disciplines sociales, médico-sociales et de formation n'apparaissent pas, car elles ne font pas partie du champ de la SAE."/><jurisdiction><coding><system value="urn:iso:std:iso:3166"/><code value="FRA"/><display value="France"/></coding></jurisdiction><caseSensitive value="true"/><content value="complete"/><count value="131"/><concept><code value="23"/><display value="Stérilisation"/><designation><use><system value="http://terminology.hl7.org/CodeSystem/hl7TermMaintInfra"/><code value="preferredForLanguage"/></use><value value="Stérilisation"/></designation></concept><concept><code value="34"/><display value="Radiostandard"/><designation><use><system value="http://terminology.hl7.org/CodeSystem/hl7TermMaintInfra"/><code value="preferredForLanguage"/></use><value value="Radiostandard"/></designation></concept><concept><code value="35"/><display value="Scanographie X"/><designation><use><system value="http://terminology.hl7.org/CodeSystem/hl7TermMaintInfra"/><code value="preferredForLanguage"/></use><value value="Scanographie X"/></designation></concept><concept><code value="36"/><display value="Neuroradiologie"/><designation><use><system value="http://terminology.hl7.org/CodeSystem/hl7TermMaintInfra"/><code value="preferredForLanguage"/></use><value value="Neuroradiologie"/></designation></concept><concept><code value="37"/><display value="Hémodynamique"/><designation><use><system value="http://terminology.hl7.org/CodeSystem/hl7TermMaintInfra"/><code value="preferredForLanguage"/></use><value value="Hémodynamique"/></designation></concept><concept><code value="45"/><display value="Explorations fonctionnelles cardiovasculaires"/><designation><use><system value="http://terminology.hl7.org/CodeSystem/hl7TermMaintInfra"/><code value="preferredForLanguage"/></use><value value="Explorations fonctionnelles cardiovasculaires"/></designation></concept><concept><code value="46"/><display value="Explorations fonctionnelles néphrologiques"/><designation><use><system value="http://terminology.hl7.org/CodeSystem/hl7TermMaintInfra"/><code value="preferredForLanguage"/></use><value value="Explorations fonctionnelles néphrologiques"/></designation></concept><concept><code value="47"/><display value="Explorations fonctionnelles pneumologiques"/><designation><use><system value="http://terminology.hl7.org/CodeSystem/hl7TermMaintInfra"/><code value="preferredForLanguage"/></use><value value="Explorations fonctionnelles pneumologiques"/></designation></concept><concept><code value="48"/><display value="Explorations fonctionnelles neurologiques"/><designation><use><system value="http://terminology.hl7.org/CodeSystem/hl7TermMaintInfra"/><code value="preferredForLanguage"/></use><value value="Explorations fonctionnelles neurologiques"/></designation></concept><concept><code value="49"/><display value="Explorations fonctionnelles du tube digestif"/><designation><use><system value="http://terminology.hl7.org/CodeSystem/hl7TermMaintInfra"/><code value="preferredForLanguage"/></use><value value="Explorations fonctionnelles du tube digestif"/></designation></concept><concept><code value="50"/><display value="Autres explorations fonctionnelles spécialisées"/><designation><use><system value="http://terminology.hl7.org/CodeSystem/hl7TermMaintInfra"/><code value="preferredForLanguage"/></use><value value="Autres explorations fonctionnelles spécialisées"/></designation></concept><concept><code value="51"/><display value="Explorations fonctionnelles cardiovasculaires et néphrologiques"/><designation><use><system value="http://terminology.hl7.org/CodeSystem/hl7TermMaintInfra"/><code value="preferredForLanguage"/></use><value value="Explorations fonctionnelles cardiovasculaires et néphrologiques"/></designation></concept><concept><code value="52"/><display value="Explorations fonctionnelles cardiovasculaires et pneumologiques"/><designation><use><system value="http://terminology.hl7.org/CodeSystem/hl7TermMaintInfra"/><code value="preferredForLanguage"/></use><value value="Explorations fonctionnelles cardiovasculaires et pneumologiques"/></designation></concept><concept><code value="53"/><display value="Autres explorations fonctionnelles polyvalentes"/><designation><use><system value="http://terminology.hl7.org/CodeSystem/hl7TermMaintInfra"/><code value="preferredForLanguage"/></use><value value="Autres explorations fonctionnelles polyvalentes"/></designation></concept><concept><code value="55"/><display value="Réeducation fonctionnelle"/><designation><use><system value="http://terminology.hl7.org/CodeSystem/hl7TermMaintInfra"/><code value="preferredForLanguage"/></use><value value="Réeducation fonctionnelle"/></designation></concept><concept><code value="56"/><display value="Ergothérapie"/><designation><use><system value="http://terminology.hl7.org/CodeSystem/hl7TermMaintInfra"/><code value="preferredForLanguage"/></use><value value="Ergothérapie"/></designation></concept><concept><code value="57"/><display value="Hydrothérapie"/><designation><use><system value="http://terminology.hl7.org/CodeSystem/hl7TermMaintInfra"/><code value="preferredForLanguage"/></use><value value="Hydrothérapie"/></designation></concept><concept><code value="58"/><display value="Kinésithérapie"/><designation><use><system value="http://terminology.hl7.org/CodeSystem/hl7TermMaintInfra"/><code value="preferredForLanguage"/></use><value value="Kinésithérapie"/></designation></concept><concept><code value="59"/><display value="Orthophonie"/><designation><use><system value="http://terminology.hl7.org/CodeSystem/hl7TermMaintInfra"/><code value="preferredForLanguage"/></use><value value="Orthophonie"/></designation></concept><concept><code value="60"/><display value="Orthoptie"/><designation><use><system value="http://terminology.hl7.org/CodeSystem/hl7TermMaintInfra"/><code value="preferredForLanguage"/></use><value value="Orthoptie"/></designation></concept><concept><code value="61"/><display value="Autres rééducations spécialisées"/><designation><use><system value="http://terminology.hl7.org/CodeSystem/hl7TermMaintInfra"/><code value="preferredForLanguage"/></use><value value="Autres rééducations spécialisées"/></designation></concept><concept><code value="62"/><display value="Anatomie pathologique (anatomie et cytologie pathologique)"/><designation><use><system value="http://terminology.hl7.org/CodeSystem/hl7TermMaintInfra"/><code value="preferredForLanguage"/></use><value value="Anatomie pathologique (anatomie et cytologie pathologique)"/></designation></concept><concept><code value="63"/><display value="Bactériologie"/><designation><use><system value="http://terminology.hl7.org/CodeSystem/hl7TermMaintInfra"/><code value="preferredForLanguage"/></use><value value="Bactériologie"/></designation></concept><concept><code value="64"/><display value="Biochimie générale et spécialisée"/><designation><use><system value="http://terminology.hl7.org/CodeSystem/hl7TermMaintInfra"/><code value="preferredForLanguage"/></use><value value="Biochimie générale et spécialisée"/></designation></concept><concept><code value="70"/><display value="Embryologie clinique"/><designation><use><system value="http://terminology.hl7.org/CodeSystem/hl7TermMaintInfra"/><code value="preferredForLanguage"/></use><value value="Embryologie clinique"/></designation></concept><concept><code value="79"/><display value="Parasitologie-mycologie"/><designation><use><system value="http://terminology.hl7.org/CodeSystem/hl7TermMaintInfra"/><code value="preferredForLanguage"/></use><value value="Parasitologie-mycologie"/></designation></concept><concept><code value="80"/><display value="Pharmacologie-toxicologie"/><designation><use><system value="http://terminology.hl7.org/CodeSystem/hl7TermMaintInfra"/><code value="preferredForLanguage"/></use><value value="Pharmacologie-toxicologie"/></designation></concept><concept><code value="83"/><display value="Virologie"/><designation><use><system value="http://terminology.hl7.org/CodeSystem/hl7TermMaintInfra"/><code value="preferredForLanguage"/></use><value value="Virologie"/></designation></concept><concept><code value="86"/><display value="Vaccination "/><designation><use><system value="http://terminology.hl7.org/CodeSystem/hl7TermMaintInfra"/><code value="preferredForLanguage"/></use><value value="Vaccination "/></designation></concept><concept><code value="87"/><display value="Consultation antitabac"/><designation><use><system value="http://terminology.hl7.org/CodeSystem/hl7TermMaintInfra"/><code value="preferredForLanguage"/></use><value value="Consultation antitabac"/></designation></concept><concept><code value="88"/><display value="Médecine légale"/><designation><use><system value="http://terminology.hl7.org/CodeSystem/hl7TermMaintInfra"/><code value="preferredForLanguage"/></use><value value="Médecine légale"/></designation></concept><concept><code value="89"/><display value="Médecine préventive et de santé publique"/><designation><use><system value="http://terminology.hl7.org/CodeSystem/hl7TermMaintInfra"/><code value="preferredForLanguage"/></use><value value="Médecine préventive et de santé publique"/></designation></concept><concept><code value="90"/><display value="Autres consultations et soins externes"/><designation><use><system value="http://terminology.hl7.org/CodeSystem/hl7TermMaintInfra"/><code value="preferredForLanguage"/></use><value value="Autres consultations et soins externes"/></designation></concept><concept><code value="91"/><display value="Fabrication-préparation de produits pharmaceutiques"/><designation><use><system value="http://terminology.hl7.org/CodeSystem/hl7TermMaintInfra"/><code value="preferredForLanguage"/></use><value value="Fabrication-préparation de produits pharmaceutiques"/></designation></concept><concept><code value="92"/><display value="Distribution de produits pharmaceutiques"/><designation><use><system value="http://terminology.hl7.org/CodeSystem/hl7TermMaintInfra"/><code value="preferredForLanguage"/></use><value value="Distribution de produits pharmaceutiques"/></designation></concept><concept><code value="93"/><display value="Distribution d'autres biens médicaux"/><designation><use><system value="http://terminology.hl7.org/CodeSystem/hl7TermMaintInfra"/><code value="preferredForLanguage"/></use><value value="Distribution d'autres biens médicaux"/></designation></concept><concept><code value="94"/><display value="Activité de pharmacocinétique (Autre activité d'analyse et de recherche sur les médicaments)"/><designation><use><system value="http://terminology.hl7.org/CodeSystem/hl7TermMaintInfra"/><code value="preferredForLanguage"/></use><value value="Activité de pharmacocinétique (Autre activité d'analyse et de recherche sur les médicaments)"/></designation></concept><concept><code value="95"/><display value="Autres activités (fabrication autres biens médicaux, prothèses, etc)"/><designation><use><system value="http://terminology.hl7.org/CodeSystem/hl7TermMaintInfra"/><code value="preferredForLanguage"/></use><value value="Autres activités (fabrication autres biens médicaux, prothèses, etc)"/></designation></concept><concept><code value="96"/><display value="Prélèvement à but scientifique (autopsie) et vérification de diagnostics"/><designation><use><system value="http://terminology.hl7.org/CodeSystem/hl7TermMaintInfra"/><code value="preferredForLanguage"/></use><value value="Prélèvement à but scientifique (autopsie) et vérification de diagnostics"/></designation></concept><concept><code value="97"/><display value="Anesthésiologie (consultation)"/><designation><use><system value="http://terminology.hl7.org/CodeSystem/hl7TermMaintInfra"/><code value="preferredForLanguage"/></use><value value="Anesthésiologie (consultation)"/></designation></concept><concept><code value="99"/><display value="Activité de pharmacotoxico-vigilance"/><designation><use><system value="http://terminology.hl7.org/CodeSystem/hl7TermMaintInfra"/><code value="preferredForLanguage"/></use><value value="Activité de pharmacotoxico-vigilance"/></designation></concept><concept><code value="108"/><display value="Médecine pédiatrique (hors unité d'oncologie médicale, spécialisée ou non)"/><designation><use><system value="http://terminology.hl7.org/CodeSystem/hl7TermMaintInfra"/><code value="preferredForLanguage"/></use><value value="Médecine pédiatrique (hors unité d'oncologie médicale, spécialisée ou non)"/></designation></concept><concept><code value="112"/><display value="Néonatologie sans SI"/><designation><use><system value="http://terminology.hl7.org/CodeSystem/hl7TermMaintInfra"/><code value="preferredForLanguage"/></use><value value="Néonatologie sans SI"/></designation></concept><concept><code value="145"/><display value="Traitement des grands brûlés (hors réanimation et surveillance continue grands brûlés)"/><designation><use><system value="http://terminology.hl7.org/CodeSystem/hl7TermMaintInfra"/><code value="preferredForLanguage"/></use><value value="Traitement des grands brûlés (hors réanimation et surveillance continue grands brûlés)"/></designation></concept><concept><code value="151"/><display value="Neurochirurgie"/><designation><use><system value="http://terminology.hl7.org/CodeSystem/hl7TermMaintInfra"/><code value="preferredForLanguage"/></use><value value="Neurochirurgie"/></designation></concept><concept><code value="164"/><display value="Gynécologie seule"/><designation><use><system value="http://terminology.hl7.org/CodeSystem/hl7TermMaintInfra"/><code value="preferredForLanguage"/></use><value value="Gynécologie seule"/></designation></concept><concept><code value="165"/><display value="Obstétrique seule"/><designation><use><system value="http://terminology.hl7.org/CodeSystem/hl7TermMaintInfra"/><code value="preferredForLanguage"/></use><value value="Obstétrique seule"/></designation></concept><concept><code value="176"/><display value="Soins de longue durée pour personnes ayant perdu leur autonomie de vie"/><designation><use><system value="http://terminology.hl7.org/CodeSystem/hl7TermMaintInfra"/><code value="preferredForLanguage"/></use><value value="Soins de longue durée pour personnes ayant perdu leur autonomie de vie"/></designation></concept><concept><code value="197"/><display value="Consultations et soins dentaires"/><designation><use><system value="http://terminology.hl7.org/CodeSystem/hl7TermMaintInfra"/><code value="preferredForLanguage"/></use><value value="Consultations et soins dentaires"/></designation></concept><concept><code value="200"/><display value="Transfusion sanguine (laboratoire)"/><designation><use><system value="http://terminology.hl7.org/CodeSystem/hl7TermMaintInfra"/><code value="preferredForLanguage"/></use><value value="Transfusion sanguine (laboratoire)"/></designation></concept><concept><code value="201"/><display value="Banque de sperme"/><designation><use><system value="http://terminology.hl7.org/CodeSystem/hl7TermMaintInfra"/><code value="preferredForLanguage"/></use><value value="Banque de sperme"/></designation></concept><concept><code value="202"/><display value="Banques d'organes"/><designation><use><system value="http://terminology.hl7.org/CodeSystem/hl7TermMaintInfra"/><code value="preferredForLanguage"/></use><value value="Banques d'organes"/></designation></concept><concept><code value="203"/><display value="Dispensaire de soins"/><designation><use><system value="http://terminology.hl7.org/CodeSystem/hl7TermMaintInfra"/><code value="preferredForLanguage"/></use><value value="Dispensaire de soins"/></designation></concept><concept><code value="204"/><display value="Soins infirmiers"/><designation><use><system value="http://terminology.hl7.org/CodeSystem/hl7TermMaintInfra"/><code value="preferredForLanguage"/></use><value value="Soins infirmiers"/></designation></concept><concept><code value="205"/><display value="Lutte contre les maladies sexuellement transmissibles"/><designation><use><system value="http://terminology.hl7.org/CodeSystem/hl7TermMaintInfra"/><code value="preferredForLanguage"/></use><value value="Lutte contre les maladies sexuellement transmissibles"/></designation></concept><concept><code value="218"/><display value="Vaccination BCG"/><designation><use><system value="http://terminology.hl7.org/CodeSystem/hl7TermMaintInfra"/><code value="preferredForLanguage"/></use><value value="Vaccination BCG"/></designation></concept><concept><code value="235"/><display value="Soins intensifs en néonatologie"/><designation><use><system value="http://terminology.hl7.org/CodeSystem/hl7TermMaintInfra"/><code value="preferredForLanguage"/></use><value value="Soins intensifs en néonatologie"/></designation></concept><concept><code value="241"/><display value="Hygiène alimentaire (activité des centres d'hygiène alimentaire notamment)"/><designation><use><system value="http://terminology.hl7.org/CodeSystem/hl7TermMaintInfra"/><code value="preferredForLanguage"/></use><value value="Hygiène alimentaire (activité des centres d'hygiène alimentaire notamment)"/></designation></concept><concept><code value="309"/><display value="Interruption volontaire de grossesse"/><designation><use><system value="http://terminology.hl7.org/CodeSystem/hl7TermMaintInfra"/><code value="preferredForLanguage"/></use><value value="Interruption volontaire de grossesse"/></designation></concept><concept><code value="384"/><display value="Protection maternelle et infantile (centre de PMI ou dispensaire de PMI)"/><designation><use><system value="http://terminology.hl7.org/CodeSystem/hl7TermMaintInfra"/><code value="preferredForLanguage"/></use><value value="Protection maternelle et infantile (centre de PMI ou dispensaire de PMI)"/></designation></concept><concept><code value="385"/><display value="Consultations prénuptiales, prénatales ou postnatales"/><designation><use><system value="http://terminology.hl7.org/CodeSystem/hl7TermMaintInfra"/><code value="preferredForLanguage"/></use><value value="Consultations prénuptiales, prénatales ou postnatales"/></designation></concept><concept><code value="386"/><display value="Consultations de protection infantile"/><designation><use><system value="http://terminology.hl7.org/CodeSystem/hl7TermMaintInfra"/><code value="preferredForLanguage"/></use><value value="Consultations de protection infantile"/></designation></concept><concept><code value="389"/><display value="Lutte contre la stérilité"/><designation><use><system value="http://terminology.hl7.org/CodeSystem/hl7TermMaintInfra"/><code value="preferredForLanguage"/></use><value value="Lutte contre la stérilité"/></designation></concept><concept><code value="390"/><display value="Consultations de conseil génétique"/><designation><use><system value="http://terminology.hl7.org/CodeSystem/hl7TermMaintInfra"/><code value="preferredForLanguage"/></use><value value="Consultations de conseil génétique"/></designation></concept><concept><code value="391"/><display value="Consultations de planification ou d'éducation familiale"/><designation><use><system value="http://terminology.hl7.org/CodeSystem/hl7TermMaintInfra"/><code value="preferredForLanguage"/></use><value value="Consultations de planification ou d'éducation familiale"/></designation></concept><concept><code value="392"/><display value="Information, consultation ou conseil familial"/><designation><use><system value="http://terminology.hl7.org/CodeSystem/hl7TermMaintInfra"/><code value="preferredForLanguage"/></use><value value="Information, consultation ou conseil familial"/></designation></concept><concept><code value="394"/><display value="Lactarium"/><designation><use><system value="http://terminology.hl7.org/CodeSystem/hl7TermMaintInfra"/><code value="preferredForLanguage"/></use><value value="Lactarium"/></designation></concept><concept><code value="395"/><display value="Guidance parentale"/><designation><use><system value="http://terminology.hl7.org/CodeSystem/hl7TermMaintInfra"/><code value="preferredForLanguage"/></use><value value="Guidance parentale"/></designation></concept><concept><code value="396"/><display value="Guidance infantile"/><designation><use><system value="http://terminology.hl7.org/CodeSystem/hl7TermMaintInfra"/><code value="preferredForLanguage"/></use><value value="Guidance infantile"/></designation></concept><concept><code value="446"/><display value="Médecine scolaire"/><designation><use><system value="http://terminology.hl7.org/CodeSystem/hl7TermMaintInfra"/><code value="preferredForLanguage"/></use><value value="Médecine scolaire"/></designation></concept><concept><code value="447"/><display value="Médecine universitaire"/><designation><use><system value="http://terminology.hl7.org/CodeSystem/hl7TermMaintInfra"/><code value="preferredForLanguage"/></use><value value="Médecine universitaire"/></designation></concept><concept><code value="448"/><display value="Médecine sportive"/><designation><use><system value="http://terminology.hl7.org/CodeSystem/hl7TermMaintInfra"/><code value="preferredForLanguage"/></use><value value="Médecine sportive"/></designation></concept><concept><code value="452"/><display value="Aide aux insuffisants respiratoires"/><designation><use><system value="http://terminology.hl7.org/CodeSystem/hl7TermMaintInfra"/><code value="preferredForLanguage"/></use><value value="Aide aux insuffisants respiratoires"/></designation></concept><concept><code value="552"/><display value="Entraînement à l'hémodialyse "/><designation><use><system value="http://terminology.hl7.org/CodeSystem/hl7TermMaintInfra"/><code value="preferredForLanguage"/></use><value value="Entraînement à l'hémodialyse "/></designation></concept><concept><code value="553"/><display value="Entraînement à la dialyse péritonéale"/><designation><use><system value="http://terminology.hl7.org/CodeSystem/hl7TermMaintInfra"/><code value="preferredForLanguage"/></use><value value="Entraînement à la dialyse péritonéale"/></designation></concept><concept><code value="555"/><display value="Dialyse péritonéale automatisée à domicile"/><designation><use><system value="http://terminology.hl7.org/CodeSystem/hl7TermMaintInfra"/><code value="preferredForLanguage"/></use><value value="Dialyse péritonéale automatisée à domicile"/></designation></concept><concept><code value="556"/><display value="Dialyse péritonéale continue ambulatoire à domicile"/><designation><use><system value="http://terminology.hl7.org/CodeSystem/hl7TermMaintInfra"/><code value="preferredForLanguage"/></use><value value="Dialyse péritonéale continue ambulatoire à domicile"/></designation></concept><concept><code value="596"/><display value="Médecine du travail"/><designation><use><system value="http://terminology.hl7.org/CodeSystem/hl7TermMaintInfra"/><code value="preferredForLanguage"/></use><value value="Médecine du travail"/></designation></concept><concept><code value="631"/><display value="Gynécologie seule"/><designation><use><system value="http://terminology.hl7.org/CodeSystem/hl7TermMaintInfra"/><code value="preferredForLanguage"/></use><value value="Gynécologie seule"/></designation></concept><concept><code value="634"/><display value="Laboratoire de  radio-isotopes (Médecine nucléaire in vivo)"/><designation><use><system value="http://terminology.hl7.org/CodeSystem/hl7TermMaintInfra"/><code value="preferredForLanguage"/></use><value value="Laboratoire de  radio-isotopes (Médecine nucléaire in vivo)"/></designation></concept><concept><code value="635"/><display value="Réanimation néonatale"/><designation><use><system value="http://terminology.hl7.org/CodeSystem/hl7TermMaintInfra"/><code value="preferredForLanguage"/></use><value value="Réanimation néonatale"/></designation></concept><concept><code value="645"/><display value="Oxygénothérapie isolée (insuffisants respiratoires)"/><designation><use><system value="http://terminology.hl7.org/CodeSystem/hl7TermMaintInfra"/><code value="preferredForLanguage"/></use><value value="Oxygénothérapie isolée (insuffisants respiratoires)"/></designation></concept><concept><code value="646"/><display value="Assistance ventilatoire sans trachéotomie (insuffisants respiratoires)"/><designation><use><system value="http://terminology.hl7.org/CodeSystem/hl7TermMaintInfra"/><code value="preferredForLanguage"/></use><value value="Assistance ventilatoire sans trachéotomie (insuffisants respiratoires)"/></designation></concept><concept><code value="647"/><display value="Assistance ventilatoire endotrachéale (insuffisants respiratoires)"/><designation><use><system value="http://terminology.hl7.org/CodeSystem/hl7TermMaintInfra"/><code value="preferredForLanguage"/></use><value value="Assistance ventilatoire endotrachéale (insuffisants respiratoires)"/></designation></concept><concept><code value="648"/><display value="Trachéotomie isolée (insuffisants respiratoires)"/><designation><use><system value="http://terminology.hl7.org/CodeSystem/hl7TermMaintInfra"/><code value="preferredForLanguage"/></use><value value="Trachéotomie isolée (insuffisants respiratoires)"/></designation></concept><concept><code value="665"/><display value="Fabrication et distribution indifférenciées de produits pharmaceutiques"/><designation><use><system value="http://terminology.hl7.org/CodeSystem/hl7TermMaintInfra"/><code value="preferredForLanguage"/></use><value value="Fabrication et distribution indifférenciées de produits pharmaceutiques"/></designation></concept><concept><code value="700"/><display value="Fabrication, conditionnement et importation de produits cosmétiques et de produits d'hygiène corp."/><designation><use><system value="http://terminology.hl7.org/CodeSystem/hl7TermMaintInfra"/><code value="preferredForLanguage"/></use><value value="Fabrication, conditionnement et importation de produits cosmétiques et de produits d'hygiène corp."/></designation></concept><concept><code value="701"/><display value="Fabrication de produits diététiques"/><designation><use><system value="http://terminology.hl7.org/CodeSystem/hl7TermMaintInfra"/><code value="preferredForLanguage"/></use><value value="Fabrication de produits diététiques"/></designation></concept><concept><code value="702"/><display value="Préparation et vente en gros de produits vétérinaires"/><designation><use><system value="http://terminology.hl7.org/CodeSystem/hl7TermMaintInfra"/><code value="preferredForLanguage"/></use><value value="Préparation et vente en gros de produits vétérinaires"/></designation></concept><concept><code value="703"/><display value="Fabrication (ou importation) de radio-éléments artificiels"/><designation><use><system value="http://terminology.hl7.org/CodeSystem/hl7TermMaintInfra"/><code value="preferredForLanguage"/></use><value value="Fabrication (ou importation) de radio-éléments artificiels"/></designation></concept><concept><code value="704"/><display value="Détention d'animaux en vue de l'expérimentation des médicaments"/><designation><use><system value="http://terminology.hl7.org/CodeSystem/hl7TermMaintInfra"/><code value="preferredForLanguage"/></use><value value="Détention d'animaux en vue de l'expérimentation des médicaments"/></designation></concept><concept><code value="705"/><display value="Fabrication d'objets contraceptifs"/><designation><use><system value="http://terminology.hl7.org/CodeSystem/hl7TermMaintInfra"/><code value="preferredForLanguage"/></use><value value="Fabrication d'objets contraceptifs"/></designation></concept><concept><code value="723"/><display value="Hémodialyse à domicile"/><designation><use><system value="http://terminology.hl7.org/CodeSystem/hl7TermMaintInfra"/><code value="preferredForLanguage"/></use><value value="Hémodialyse à domicile"/></designation></concept><concept><code value="726"/><display value="Consultations multidisciplines regroupées (médecine, chirurgie et autres spécialités)"/><designation><use><system value="http://terminology.hl7.org/CodeSystem/hl7TermMaintInfra"/><code value="preferredForLanguage"/></use><value value="Consultations multidisciplines regroupées (médecine, chirurgie et autres spécialités)"/></designation></concept><concept><code value="727"/><display value="Consultations externes indifférenciées"/><designation><use><system value="http://terminology.hl7.org/CodeSystem/hl7TermMaintInfra"/><code value="preferredForLanguage"/></use><value value="Consultations externes indifférenciées"/></designation></concept><concept><code value="743"/><display value="Immunohématologie"/><designation><use><system value="http://terminology.hl7.org/CodeSystem/hl7TermMaintInfra"/><code value="preferredForLanguage"/></use><value value="Immunohématologie"/></designation></concept><concept><code value="745"/><display value="Hémostase"/><designation><use><system value="http://terminology.hl7.org/CodeSystem/hl7TermMaintInfra"/><code value="preferredForLanguage"/></use><value value="Hémostase"/></designation></concept><concept><code value="750"/><display value="Tomographie"/><designation><use><system value="http://terminology.hl7.org/CodeSystem/hl7TermMaintInfra"/><code value="preferredForLanguage"/></use><value value="Tomographie"/></designation></concept><concept><code value="751"/><display value="Radiologie vasculaire"/><designation><use><system value="http://terminology.hl7.org/CodeSystem/hl7TermMaintInfra"/><code value="preferredForLanguage"/></use><value value="Radiologie vasculaire"/></designation></concept><concept><code value="752"/><display value="Echographie sans autre indication (sai)"/><designation><use><system value="http://terminology.hl7.org/CodeSystem/hl7TermMaintInfra"/><code value="preferredForLanguage"/></use><value value="Echographie sans autre indication (sai)"/></designation></concept><concept><code value="753"/><display value="Imagerie par résonance magnétique (IRM)"/><designation><use><system value="http://terminology.hl7.org/CodeSystem/hl7TermMaintInfra"/><code value="preferredForLanguage"/></use><value value="Imagerie par résonance magnétique (IRM)"/></designation></concept><concept><code value="754"/><display value="Autres activités spécialisées d'imagerie médicale"/><designation><use><system value="http://terminology.hl7.org/CodeSystem/hl7TermMaintInfra"/><code value="preferredForLanguage"/></use><value value="Autres activités spécialisées d'imagerie médicale"/></designation></concept><concept><code value="755"/><display value="Explorations fonctionnelles en ORL"/><designation><use><system value="http://terminology.hl7.org/CodeSystem/hl7TermMaintInfra"/><code value="preferredForLanguage"/></use><value value="Explorations fonctionnelles en ORL"/></designation></concept><concept><code value="756"/><display value="Explorations fonctionnelles en ophtalmologie"/><designation><use><system value="http://terminology.hl7.org/CodeSystem/hl7TermMaintInfra"/><code value="preferredForLanguage"/></use><value value="Explorations fonctionnelles en ophtalmologie"/></designation></concept><concept><code value="757"/><display value="Recherche et expérimentation dans les services médico-techniques"/><designation><use><system value="http://terminology.hl7.org/CodeSystem/hl7TermMaintInfra"/><code value="preferredForLanguage"/></use><value value="Recherche et expérimentation dans les services médico-techniques"/></designation></concept><concept><code value="760"/><display value="Salle de réveil"/><designation><use><system value="http://terminology.hl7.org/CodeSystem/hl7TermMaintInfra"/><code value="preferredForLanguage"/></use><value value="Salle de réveil"/></designation></concept><concept><code value="761"/><display value="Anesthésiologie et salle de réveil"/><designation><use><system value="http://terminology.hl7.org/CodeSystem/hl7TermMaintInfra"/><code value="preferredForLanguage"/></use><value value="Anesthésiologie et salle de réveil"/></designation></concept><concept><code value="762"/><display value="Bloc opératoire et stérilisation indifférenciés"/><designation><use><system value="http://terminology.hl7.org/CodeSystem/hl7TermMaintInfra"/><code value="preferredForLanguage"/></use><value value="Bloc opératoire et stérilisation indifférenciés"/></designation></concept><concept><code value="763"/><display value="Pharmacie et stérilisation indifférenciées"/><designation><use><system value="http://terminology.hl7.org/CodeSystem/hl7TermMaintInfra"/><code value="preferredForLanguage"/></use><value value="Pharmacie et stérilisation indifférenciées"/></designation></concept><concept><code value="797"/><display value="Hémodialyse en centre pour adulte"/><designation><use><system value="http://terminology.hl7.org/CodeSystem/hl7TermMaintInfra"/><code value="preferredForLanguage"/></use><value value="Hémodialyse en centre pour adulte"/></designation></concept><concept><code value="798"/><display value="Hémodialyse en centre pour enfant"/><designation><use><system value="http://terminology.hl7.org/CodeSystem/hl7TermMaintInfra"/><code value="preferredForLanguage"/></use><value value="Hémodialyse en centre pour enfant"/></designation></concept><concept><code value="799"/><display value="Assistance ventilatoire avec prothèse extrathoracique(insuffisants respiratoires)"/><designation><use><system value="http://terminology.hl7.org/CodeSystem/hl7TermMaintInfra"/><code value="preferredForLanguage"/></use><value value="Assistance ventilatoire avec prothèse extrathoracique(insuffisants respiratoires)"/></designation></concept><concept><code value="800"/><display value="Assistance ventilatoire par pression positive continue ou autres techniques particulières agréées (insuffisants respiratoires)"/><designation><use><system value="http://terminology.hl7.org/CodeSystem/hl7TermMaintInfra"/><code value="preferredForLanguage"/></use><value value="Assistance ventilatoire par pression positive continue ou autres techniques particulières agréées (insuffisants respiratoires)"/></designation></concept><concept><code value="815"/><display value="Echocardiologie"/><designation><use><system value="http://terminology.hl7.org/CodeSystem/hl7TermMaintInfra"/><code value="preferredForLanguage"/></use><value value="Echocardiologie"/></designation></concept><concept><code value="816"/><display value="Echographie abdominale"/><designation><use><system value="http://terminology.hl7.org/CodeSystem/hl7TermMaintInfra"/><code value="preferredForLanguage"/></use><value value="Echographie abdominale"/></designation></concept><concept><code value="817"/><display value="Echographie en obstétrique"/><designation><use><system value="http://terminology.hl7.org/CodeSystem/hl7TermMaintInfra"/><code value="preferredForLanguage"/></use><value value="Echographie en obstétrique"/></designation></concept><concept><code value="818"/><display value="Echographie vasculaire"/><designation><use><system value="http://terminology.hl7.org/CodeSystem/hl7TermMaintInfra"/><code value="preferredForLanguage"/></use><value value="Echographie vasculaire"/></designation></concept><concept><code value="819"/><display value="Autres échographies"/><designation><use><system value="http://terminology.hl7.org/CodeSystem/hl7TermMaintInfra"/><code value="preferredForLanguage"/></use><value value="Autres échographies"/></designation></concept><concept><code value="820"/><display value="Collecte de sang"/><designation><use><system value="http://terminology.hl7.org/CodeSystem/hl7TermMaintInfra"/><code value="preferredForLanguage"/></use><value value="Collecte de sang"/></designation></concept><concept><code value="821"/><display value="Stockage-distribution de sang"/><designation><use><system value="http://terminology.hl7.org/CodeSystem/hl7TermMaintInfra"/><code value="preferredForLanguage"/></use><value value="Stockage-distribution de sang"/></designation></concept><concept><code value="822"/><display value="Production de produits sanguins"/><designation><use><system value="http://terminology.hl7.org/CodeSystem/hl7TermMaintInfra"/><code value="preferredForLanguage"/></use><value value="Production de produits sanguins"/></designation></concept><concept><code value="823"/><display value="Autres activités de transfusion sanguine"/><designation><use><system value="http://terminology.hl7.org/CodeSystem/hl7TermMaintInfra"/><code value="preferredForLanguage"/></use><value value="Autres activités de transfusion sanguine"/></designation></concept><concept><code value="824"/><display value="Pharmacie d'établissement"/><designation><use><system value="http://terminology.hl7.org/CodeSystem/hl7TermMaintInfra"/><code value="preferredForLanguage"/></use><value value="Pharmacie d'établissement"/></designation></concept><concept><code value="949"/><display value="Recherche chirurgicale ou chirurgie expérimentale"/><designation><use><system value="http://terminology.hl7.org/CodeSystem/hl7TermMaintInfra"/><code value="preferredForLanguage"/></use><value value="Recherche chirurgicale ou chirurgie expérimentale"/></designation></concept><concept><code value="952"/><display value="Recherche médicale"/><designation><use><system value="http://terminology.hl7.org/CodeSystem/hl7TermMaintInfra"/><code value="preferredForLanguage"/></use><value value="Recherche médicale"/></designation></concept><concept><code value="953"/><display value="Recherche pharmacologique"/><designation><use><system value="http://terminology.hl7.org/CodeSystem/hl7TermMaintInfra"/><code value="preferredForLanguage"/></use><value value="Recherche pharmacologique"/></designation></concept><concept><code value="954"/><display value="Recherche pharmaceutique"/><designation><use><system value="http://terminology.hl7.org/CodeSystem/hl7TermMaintInfra"/><code value="preferredForLanguage"/></use><value value="Recherche pharmaceutique"/></designation></concept><concept><code value="955"/><display value="Recherche odontologique"/><designation><use><system value="http://terminology.hl7.org/CodeSystem/hl7TermMaintInfra"/><code value="preferredForLanguage"/></use><value value="Recherche odontologique"/></designation></concept><concept><code value="956"/><display value="Recherche toxicologique"/><designation><use><system value="http://terminology.hl7.org/CodeSystem/hl7TermMaintInfra"/><code value="preferredForLanguage"/></use><value value="Recherche toxicologique"/></designation></concept><concept><code value="996"/><display value="Services extérieurs"/><designation><use><system value="http://terminology.hl7.org/CodeSystem/hl7TermMaintInfra"/><code value="preferredForLanguage"/></use><value value="Services extérieurs"/></designation></concept><concept><code value="997"/><display value="Discipline non dénommée ailleurs"/><designation><use><system value="http://terminology.hl7.org/CodeSystem/hl7TermMaintInfra"/><code value="preferredForLanguage"/></use><value value="Discipline non dénommée ailleurs"/></designation></concept></CodeSystem>