<?xml version="1.0" encoding="UTF-8"?><ValueSet xmlns="http://hl7.org/fhir"><id value="fr-core-vs-patient-contact-role"/><meta><profile value="http://hl7.org/fhir/StructureDefinition/shareablevalueset"/></meta><text><status value="extensions"/><div xmlns="http://www.w3.org/1999/xhtml"><p class="res-header-id"><b>Narratif généré : EnsembleValeurs fr-core-vs-patient-contact-role</b></p><a name="fr-core-vs-patient-contact-role"> </a><a name="hcfr-core-vs-patient-contact-role"> </a><div style="display: inline-block; background-color: #d9e0e7; padding: 6px; margin: 4px; border: 1px solid #8da1b4; border-radius: 5px; line-height: 60%"><p style="margin-bottom: 0px"/><p style="margin-bottom: 0px">Profil: <a href="http://hl7.org/fhir/R4/shareablevalueset.html">Shareable ValueSet</a></p></div><p>Ce jeu de valeur (ValueSet) inclut les codes selon les règles suivantes :</p><ul><li>Inclut tous les codes définis dans <a href="https://interop.esante.gouv.fr/terminologies/1.2.0/CodeSystem-TRE-R260-HL7RoleClass.html"><code>https://mos.esante.gouv.fr/NOS/TRE_R260-HL7RoleClass/FHIR/TRE-R260-HL7RoleClass</code></a><span title="Version is not explicitly stated, which means it is fixed to 20240426120000, the version found through the package references"> version 📦20240426120000</span></li><li>Inclut tous les codes définis dans <a href="https://interop.esante.gouv.fr/terminologies/1.2.0/CodeSystem-TRE-R217-ProtectionJuridique.html"><code>https://mos.esante.gouv.fr/NOS/TRE_R217-ProtectionJuridique/FHIR/TRE-R217-ProtectionJuridique</code></a><span title="Version is not explicitly stated, which means it is fixed to 20231215120000, the version found through the package references"> version 📦20231215120000</span></li><li>Inclut ce(s) code(s) tel quil(s) est (sont) défini(s) dans <a href="http://terminology.hl7.org/5.0.0/CodeSystem-v2-0131.html"><code>http://terminology.hl7.org/CodeSystem/v2-0131</code></a><span title="Version is not explicitly stated, which means it is fixed to 2.1.0, the version found through the package references"> version 📦2.1.0</span><table class="none"><tr><td style="white-space:nowrap"><b>Code</b></td><td><b>Display</b></td><td><b>Définition</b></td></tr><tr><td><a href="http://terminology.hl7.org/5.0.0/CodeSystem-v2-0131.html#v2-0131-O">O</a></td><td style="color: #cccccc">Other</td><td>Other</td></tr><tr><td><a href="http://terminology.hl7.org/5.0.0/CodeSystem-v2-0131.html#v2-0131-U">U</a></td><td style="color: #cccccc">Unknown</td><td>Unknown</td></tr></table></li></ul></div></text><extension url="http://hl7.org/fhir/StructureDefinition/valueset-warning"><valueMarkdown value="Types are for general categories of identifiers. See [the identifier registry](identifier-registry.html) for a list of common identifier systems"/></extension><url value="https://hl7.fr/ig/fhir/core/ValueSet/fr-core-vs-patient-contact-role"/><version value="2.2.0-ballot"/><name value="FRCoreValueSetPatientContactRole"/><title value="FR Core ValueSet Patient contact role"/><status value="active"/><experimental value="false"/><date value="2025-11-07T17:06:48+00:00"/><publisher value="Interop'Santé"/><contact><name value="Interop'Santé"/><telecom><system value="url"/><value value="http://interopsante.org/"/></telecom></contact><contact><name value="InteropSanté"/><telecom><system value="email"/><value value="fhir@interopsante.org"/><use value="work"/></telecom></contact><description value="ValueSet patient contact role"/><jurisdiction><coding><system value="urn:iso:std:iso:3166"/><code value="FR"/><display value="France"/></coding></jurisdiction><compose><include><system value="https://mos.esante.gouv.fr/NOS/TRE_R260-HL7RoleClass/FHIR/TRE-R260-HL7RoleClass"/></include><include><system value="https://mos.esante.gouv.fr/NOS/TRE_R217-ProtectionJuridique/FHIR/TRE-R217-ProtectionJuridique"/></include><include><system value="http://terminology.hl7.org/CodeSystem/v2-0131"/><concept><code value="O"/></concept><concept><code value="U"/></concept></include></compose></ValueSet>