<?xml version="1.0" encoding="UTF-8"?><ValueSet xmlns="http://hl7.org/fhir"><id value="fr-core-vs-organization-etablissement-type"/><meta><profile value="http://hl7.org/fhir/StructureDefinition/shareablevalueset|4.0.1"/></meta><text><status value="generated"/><div xmlns="http://www.w3.org/1999/xhtml"><p class="res-header-id"><b>Narratif généré : EnsembleValeurs fr-core-vs-organization-etablissement-type</b></p><a name="fr-core-vs-organization-etablissement-type"> </a><a name="hcfr-core-vs-organization-etablissement-type"> </a><div style="display: inline-block; background-color: #d9e0e7; padding: 6px; margin: 4px; border: 1px solid #8da1b4; border-radius: 5px; line-height: 60%"><p style="margin-bottom: 0px"/><p style="margin-bottom: 0px">Profil: <a href="http://hl7.org/fhir/R4/shareablevalueset.html">Shareable ValueSetversion : null4.0.1)</a></p></div><ul><li>Include ce(s) code(s) tel quil(s) est (sont) défini(s) dans <a href="CodeSystem-fr-core-cs-v2-3307.html"><code>https://hl7.fr/ig/fhir/core/CodeSystem/fr-core-cs-v2-3307</code></a><span title="La version nest pas explicitement indiquée, ce qui signifie quelle est fixée à la version fournie dans cette spécification"> version 📦2.2.0-ballot-2</span><table class="none"><tr><td style="white-space:nowrap"><b>Code</b></td><td><b>Affichage</b></td></tr><tr><td><a href="CodeSystem-fr-core-cs-v2-3307.html#fr-core-cs-v2-3307-LEGAL-ENTITY">LEGAL-ENTITY</a></td><td>Entité légale</td></tr><tr><td><a href="CodeSystem-fr-core-cs-v2-3307.html#fr-core-cs-v2-3307-GEOGRAPHICAL-ENTITY">GEOGRAPHICAL-ENTITY</a></td><td>Entité géographique</td></tr></table></li></ul></div></text><url value="https://hl7.fr/ig/fhir/core/ValueSet/fr-core-vs-organization-etablissement-type"/><version value="2.2.0-ballot-2"/><name value="FRCoreValueSetOrganizationEtablissementType"/><title value="FR Core ValueSet Organization Etablisement type"/><status value="active"/><experimental value="false"/><date value="2026-01-29T08:41:18+00:00"/><publisher value="Interop'Santé"/><contact><name value="Interop'Santé"/><telecom><system value="url"/><value value="http://interopsante.org"/></telecom></contact><contact><name value="InteropSanté"/><telecom><system value="email"/><value value="fhir@interopsante.org"/><use value="work"/></telecom></contact><description value="Types d'organisation représentant des établissements."/><jurisdiction><coding><system value="urn:iso:std:iso:3166"/><code value="FRA"/><display value="France"/></coding></jurisdiction><compose><include><system value="https://hl7.fr/ig/fhir/core/CodeSystem/fr-core-cs-v2-3307"/><concept><code value="LEGAL-ENTITY"/><display value="Entité légale"/></concept><concept><code value="GEOGRAPHICAL-ENTITY"/><display value="Entité géographique"/></concept></include></compose></ValueSet>