<?xml version="1.0" encoding="UTF-8"?><ValueSet xmlns="http://hl7.org/fhir"><id value="fr-core-vs-organization-identifier-type"/><meta><profile value="http://hl7.org/fhir/StructureDefinition/shareablevalueset"/></meta><text><status value="extensions"/><div xmlns="http://www.w3.org/1999/xhtml"><p class="res-header-id"><b>Narratif généré : EnsembleValeurs fr-core-vs-organization-identifier-type</b></p><a name="fr-core-vs-organization-identifier-type"> </a><a name="hcfr-core-vs-organization-identifier-type"> </a><div style="display: inline-block; background-color: #d9e0e7; padding: 6px; margin: 4px; border: 1px solid #8da1b4; border-radius: 5px; line-height: 60%"><p style="margin-bottom: 0px"/><p style="margin-bottom: 0px">Profil: <a href="http://hl7.org/fhir/R4/shareablevalueset.html">Shareable ValueSet</a></p></div><ul><li>Include les codes sont définis dans <a href="CodeSystem-fr-core-cs-v2-0203.html"><code>https://hl7.fr/ig/fhir/core/CodeSystem/fr-core-cs-v2-0203</code></a><table class="none"><tr><td style="white-space:nowrap"><b>Code</b></td><td><b>Display</b></td><td><b>Définition</b></td></tr><tr><td><a href="CodeSystem-fr-core-cs-v2-0203.html#fr-core-cs-v2-0203-FINEJ">FINEJ</a></td><td>FINESS d'entité juridique</td><td>FINESS d'entité juridique</td></tr><tr><td><a href="CodeSystem-fr-core-cs-v2-0203.html#fr-core-cs-v2-0203-FINEG">FINEG</a></td><td>FINESS d'entité géographique</td><td>FINESS d'entité géographique</td></tr><tr><td><a href="CodeSystem-fr-core-cs-v2-0203.html#fr-core-cs-v2-0203-SIREN">SIREN</a></td><td>Identification de l'organisation au SIREN</td><td>Identification de l'organisation au SIREN</td></tr><tr><td><a href="CodeSystem-fr-core-cs-v2-0203.html#fr-core-cs-v2-0203-SIRET">SIRET</a></td><td>Identification de l'organisation au SIRET</td><td>Identification de l'organisation au SIRET</td></tr><tr><td><a href="CodeSystem-fr-core-cs-v2-0203.html#fr-core-cs-v2-0203-IDNST">IDNST</a></td><td>Identification nationale de structure définie par l’ASIP-SANTE dans le CI_SIS</td><td>Identification nationale de structure définie par l’ANS dans le CI_SIS</td></tr><tr><td><a href="CodeSystem-fr-core-cs-v2-0203.html#fr-core-cs-v2-0203-INTRN">INTRN</a></td><td>Identifiant interne</td><td>Identifiant interne</td></tr><tr><td><a href="CodeSystem-fr-core-cs-v2-0203.html#fr-core-cs-v2-0203-EXTRN">EXTRN</a></td><td>Identifiant externe</td><td>Identifiant externe</td></tr></table></li></ul></div></text><extension url="http://hl7.org/fhir/StructureDefinition/valueset-warning"><valueMarkdown value="Types are for general categories of identifiers. See [the identifier registry](identifier-registry.h     tml) for a list of common identifier systems"/></extension><url value="https://hl7.fr/ig/fhir/core/ValueSet/fr-core-vs-organization-identifier-type"/><version value="2.2.0-ballot"/><name value="FRCoreValueSetOrganizationIdentifierType"/><title value="FR Core ValueSet Organization identifier type"/><status value="active"/><experimental value="false"/><date value="2025-10-19T20:07:22+00:00"/><publisher value="Interop'Santé"/><contact><name value="Interop'Santé"/><telecom><system value="url"/><value value="http://interopsante.org/"/></telecom></contact><contact><name value="InteropSanté"/><telecom><system value="email"/><value value="fhir@interopsante.org"/><use value="work"/></telecom></contact><description value="A coded type for an identifier that can be used to determine which identifier to use for a specific purpose (Organizations)."/><jurisdiction><coding><system value="urn:iso:std:iso:3166"/><code value="FR"/><display value="France"/></coding></jurisdiction><immutable value="true"/><compose><include><system value="https://hl7.fr/ig/fhir/core/CodeSystem/fr-core-cs-v2-0203"/><concept><code value="FINEJ"/><display value="FINESS d'entité juridique"/></concept><concept><code value="FINEG"/><display value="FINESS d'entité géographique"/></concept><concept><code value="SIREN"/><display value="Identification de l'organisation au SIREN"/></concept><concept><code value="SIRET"/><display value="Identification de l'organisation au SIRET"/></concept><concept><code value="IDNST"/><display value="Identification nationale de structure définie par l’ASIP-SANTE dans le CI_SIS"/></concept><concept><code value="INTRN"/><display value="Identifiant interne"/></concept><concept><code value="EXTRN"/><display value="Identifiant externe"/></concept></include></compose></ValueSet>