{
  "codeSystems" : [
    {
      "url" : "http://hl7.org/fhir/address-type",
      "version" : "4.0.1",
      "status" : "active",
      "name" : "AddressType",
      "title" : "AddressType",
      "description" : "The type of an address (physical / postal).",
      "oids" : ["2.16.840.1.113883.4.642.4.70"],
      "uses" : {
      },
      "http://hl7.org/fhir/R4/valueset-address-type.html" : "AddressType"
    },
    {
      "url" : "http://hl7.org/fhir/address-use",
      "version" : "4.0.1",
      "status" : "active",
      "name" : "AddressUse",
      "title" : "AddressUse",
      "description" : "The use of an address.",
      "oids" : ["2.16.840.1.113883.4.642.4.68"],
      "uses" : {
      },
      "http://hl7.org/fhir/R4/valueset-address-use.html" : "AddressUse"
    },
    {
      "url" : "http://hl7.org/fhir/administrative-gender",
      "version" : "4.0.1",
      "status" : "active",
      "name" : "AdministrativeGender",
      "title" : "AdministrativeGender",
      "description" : "The gender of a person used for administrative purposes.",
      "oids" : ["2.16.840.1.113883.4.642.4.2"],
      "uses" : {
      },
      "ValueSet-fr-core-vs-patient-gender.html" : "FR Core ValueSet Patient gender",
      "http://hl7.org/fhir/R4/valueset-administrative-gender.html" : "AdministrativeGender"
    },
    {
      "url" : "http://hl7.org/fhir/appointmentstatus",
      "version" : "4.0.1",
      "status" : "draft",
      "name" : "AppointmentStatus",
      "title" : "AppointmentStatus",
      "description" : "The free/busy status of an appointment.",
      "oids" : ["2.16.840.1.113883.4.642.4.485"],
      "uses" : {
      },
      "http://hl7.org/fhir/R4/valueset-appointmentstatus.html" : "AppointmentStatus"
    },
    {
      "url" : "http://hl7.org/fhir/contact-point-system",
      "version" : "4.0.1",
      "status" : "active",
      "name" : "ContactPointSystem",
      "title" : "ContactPointSystem",
      "description" : "Telecommunications form for contact point.",
      "oids" : ["2.16.840.1.113883.4.642.4.72"],
      "uses" : {
      },
      "http://hl7.org/fhir/R4/valueset-contact-point-system.html" : "ContactPointSystem"
    },
    {
      "url" : "http://hl7.org/fhir/contact-point-use",
      "version" : "4.0.1",
      "status" : "active",
      "name" : "ContactPointUse",
      "title" : "ContactPointUse",
      "description" : "Use of contact point.",
      "oids" : ["2.16.840.1.113883.4.642.4.74"],
      "uses" : {
      },
      "http://hl7.org/fhir/R4/valueset-contact-point-use.html" : "ContactPointUse"
    },
    {
      "url" : "http://hl7.org/fhir/days-of-week",
      "version" : "4.0.1",
      "status" : "active",
      "name" : "DaysOfWeek",
      "title" : "DaysOfWeek",
      "description" : "The days of the week.",
      "oids" : ["2.16.840.1.113883.4.642.4.513"],
      "uses" : {
      },
      "http://hl7.org/fhir/R4/valueset-days-of-week.html" : "DaysOfWeek"
    },
    {
      "url" : "http://hl7.org/fhir/encounter-location-status",
      "version" : "4.0.1",
      "status" : "draft",
      "name" : "EncounterLocationStatus",
      "title" : "EncounterLocationStatus",
      "description" : "The status of the location.",
      "oids" : ["2.16.840.1.113883.4.642.4.263"],
      "uses" : {
      },
      "http://hl7.org/fhir/R4/valueset-encounter-location-status.html" : "EncounterLocationStatus"
    },
    {
      "url" : "http://hl7.org/fhir/encounter-status",
      "version" : "4.0.1",
      "status" : "draft",
      "name" : "EncounterStatus",
      "title" : "EncounterStatus",
      "description" : "Current state of the encounter.",
      "oids" : ["2.16.840.1.113883.4.642.4.247"],
      "uses" : {
      },
      "http://hl7.org/fhir/R4/valueset-encounter-status.html" : "EncounterStatus"
    },
    {
      "url" : "http://hl7.org/fhir/identifier-use",
      "version" : "4.0.1",
      "status" : "active",
      "name" : "IdentifierUse",
      "title" : "IdentifierUse",
      "description" : "Identifies the purpose for this identifier, if known .",
      "oids" : ["2.16.840.1.113883.4.642.4.58"],
      "uses" : {
      },
      "ValueSet-fr-core-vs-patient-identifier-use-ins.html" : "FR Core ValueSet Patient identifier use INS",
      "http://hl7.org/fhir/R4/valueset-identifier-use.html" : "IdentifierUse"
    },
    {
      "url" : "http://hl7.org/fhir/link-type",
      "version" : "4.0.1",
      "status" : "active",
      "name" : "LinkType",
      "title" : "LinkType",
      "description" : "The type of link between this patient resource and another patient resource.",
      "oids" : ["2.16.840.1.113883.4.642.4.424"],
      "uses" : {
      },
      "http://hl7.org/fhir/R4/valueset-link-type.html" : "LinkType"
    },
    {
      "url" : "http://hl7.org/fhir/location-mode",
      "version" : "4.0.1",
      "status" : "draft",
      "name" : "LocationMode",
      "title" : "LocationMode",
      "description" : "Indicates whether a resource instance represents a specific location or a class of locations.",
      "oids" : ["2.16.840.1.113883.4.642.4.331"],
      "uses" : {
      },
      "http://hl7.org/fhir/R4/valueset-location-mode.html" : "LocationMode"
    },
    {
      "url" : "http://hl7.org/fhir/location-status",
      "version" : "4.0.1",
      "status" : "draft",
      "name" : "LocationStatus",
      "title" : "LocationStatus",
      "description" : "Indicates whether the location is still in use.",
      "oids" : ["2.16.840.1.113883.4.642.4.333"],
      "uses" : {
      },
      "http://hl7.org/fhir/R4/valueset-location-status.html" : "LocationStatus"
    },
    {
      "url" : "http://hl7.org/fhir/name-use",
      "version" : "4.0.1",
      "status" : "active",
      "name" : "NameUse",
      "title" : "NameUse",
      "description" : "The use of a human name.",
      "oids" : ["2.16.840.1.113883.4.642.4.66"],
      "uses" : {
      },
      "http://hl7.org/fhir/R4/valueset-name-use.html" : "NameUse"
    },
    {
      "url" : "http://hl7.org/fhir/observation-status",
      "version" : "4.0.1",
      "status" : "active",
      "name" : "ObservationStatus",
      "title" : "ObservationStatus",
      "description" : "Codes providing the status of an observation.",
      "oids" : ["2.16.840.1.113883.4.642.4.401"],
      "uses" : {
      },
      "http://hl7.org/fhir/R4/valueset-observation-status.html" : "ObservationStatus"
    },
    {
      "url" : "http://hl7.org/fhir/participantrequired",
      "version" : "4.0.1",
      "status" : "draft",
      "name" : "ParticipantRequired",
      "title" : "ParticipantRequired",
      "description" : "Is the Participant required to attend the appointment.",
      "oids" : ["2.16.840.1.113883.4.642.4.489"],
      "uses" : {
      },
      "http://hl7.org/fhir/R4/valueset-participantrequired.html" : "ParticipantRequired"
    },
    {
      "url" : "http://hl7.org/fhir/participationstatus",
      "version" : "4.0.1",
      "status" : "draft",
      "name" : "ParticipationStatus",
      "title" : "ParticipationStatus",
      "description" : "The Participation status of an appointment.",
      "oids" : ["2.16.840.1.113883.4.642.4.487"],
      "uses" : {
      },
      "http://hl7.org/fhir/R4/valueset-participationstatus.html" : "ParticipationStatus"
    },
    {
      "url" : "http://hl7.org/fhir/quantity-comparator",
      "version" : "4.0.1",
      "status" : "active",
      "name" : "QuantityComparator",
      "title" : "QuantityComparator",
      "description" : "How the Quantity should be understood and represented.",
      "oids" : ["2.16.840.1.113883.4.642.4.60"],
      "uses" : {
      },
      "http://hl7.org/fhir/R4/valueset-quantity-comparator.html" : "QuantityComparator"
    },
    {
      "url" : "http://hl7.org/fhir/resource-types",
      "version" : "4.0.1",
      "status" : "active",
      "name" : "ResourceType",
      "title" : "ResourceType",
      "description" : "One of the resource types defined as part of this version of FHIR.",
      "uses" : {
      },
      "http://hl7.org/fhir/R4/valueset-resource-types.html" : "ResourceType"
    },
    {
      "url" : "http://hl7.org/fhir/slotstatus",
      "version" : "4.0.1",
      "status" : "draft",
      "name" : "SlotStatus",
      "title" : "SlotStatus",
      "description" : "The free/busy status of the slot.",
      "oids" : ["2.16.840.1.113883.4.642.4.483"],
      "uses" : {
      },
      "http://hl7.org/fhir/R4/valueset-slotstatus.html" : "SlotStatus"
    },
    {
      "url" : "http://loinc.org",
      "version" : "3.1.0",
      "status" : "active",
      "name" : "LOINC",
      "title" : "Logical Observation Identifiers, Names and Codes (LOINC)",
      "description" : "LOINC provides a set of universal names and ID codes for identifying laboratory and clinical test results.1,2 LOINC facilitates the exchange and pooling of results, such as blood hemoglobin, serum potassium, or vital signs, for clinical care, outcomes management, and research. LOINC's universal identifiers (names and codes) can be used in the context of order and observation exchanges between information systems that use syntax standards such as HL73, CEN TC251, ISO TC215, ASTM4, and DICOM. Specifically, the identifier can be used as the coded value for an observation in any other standard that uses the observation/observation value paradigm, whether messages, documents, application programming interface (API), etc. For example, LOINC codes are used widely in the OBX segment Observation Identifier field (OBX-3) of an ORU HL7 (HL7 version 2.x or ASTM 1238-9410) message that may be sent between a Clinical Laboratory Information Management Systems (LIMS) and Electronic Health Record Systems (EHR).5, 6 In this way, LOINC codes provide universal identifiers that allow the exchange of clinical data between heterogeneous computing environments.",
      "oids" : ["2.16.840.1.113883.6.1"],
      "uses" : {
      },
      "http://hl7.org/fhir/R4/valueset-observation-vitalsignresult.html" : "Vital Signs"
    },
    {
      "url" : "http://snomed.info/sct",
      "version" : "http://snomed.info/sct/900000000000207008/version/20250701",
      "status" : "active",
      "name" : "SNOMED_CT",
      "title" : "SNOMED CT core",
      "description" : "SNOMED CT is the most comprehensive and precise clinical health terminology product in the world, owned and distributed around the world by The International Health Terminology Standards Development Organisation (IHTSDO).",
      "oids" : ["2.16.840.1.113883.6.96"],
      "uses" : {
      },
      "ValueSet-fr-core-vs-height-body-position.html" : "FR Core ValueSet BodyPosition",
      "http://hl7.org/fhir/R4/valueset-observation-methods.html" : "Observation Methods",
      "http://hl7.org/fhir/R4/valueset-encounter-reason.html" : "Encounter Reason Codes",
      "ValueSet-fr-core-vs-body-position.html" : "Body Position value set",
      "ValueSet-fr-core-vs-bp-method.html" : "FR Core ValueSet BP measurement method",
      "http://hl7.org/fhir/R4/valueset-reason-medication-not-given-codes.html" : "SNOMED CT Reason Medication Not Given Codes",
      "http://hl7.org/fhir/R4/valueset-body-site.html" : "SNOMED CT Body Structures",
      "http://hl7.org/fhir/R4/valueset-referencerange-appliesto.html" : "Observation Reference Range Applies To Codes",
      "http://hl7.org/fhir/R4/valueset-approach-site-codes.html" : "SNOMED CT Anatomical Structure for Administration Site Codes",
      "http://hl7.org/fhir/R4/valueset-route-codes.html" : "SNOMED CT Route Codes",
      "http://hl7.org/fhir/R4/valueset-medication-codes.html" : "SNOMED CT Medication Codes",
      "ValueSet-fr-core-vs-height-meas-method.html" : "Height Length Measurement Method value set",
      "ValueSet-fr-core-vs-heartrate-body-location.html" : "Heart Rate Measurement Body Location Precoordinated value set",
      "ValueSet-fr-core-vsbody-temp-meas-body-location.html" : "Body Temperature Measurement Body Location value set",
      "ValueSet-fr-core-vs-spo2-body-location.html" : "Oxygen Saturation Body Location value set",
      "ValueSet-fr-core-vs-respiratory-rate-meas-method.html" : "Respiratory Rate Measurement Method value set",
      "ValueSet-fr-core-vs-heartrate-measurement-method.html" : "Heart Rate Measurement Method value set",
      "http://hl7.org/fhir/R4/valueset-administration-method-codes.html" : "SNOMED CT Administration Method Codes",
      "ValueSet-fr-core-vs-bp-meas-body-location.html" : "Blood Pressure Measurement Body Location Precoordinated value set",
      "ValueSet-fr-core-vs-bp-meas-method.html" : "Blood Pressure Measurement Method value set"
    },
    {
      "url" : "http://terminology.hl7.org/CodeSystem/admit-source",
      "version" : "1.0.1",
      "status" : "active",
      "name" : "AdmitSource",
      "title" : "Admit source",
      "description" : "This value set defines a set of codes that can be used to indicate from where the patient came in.",
      "oids" : ["2.16.840.1.113883.4.642.1.1092"],
      "uses" : {
      },
      "http://hl7.org/fhir/R4/valueset-encounter-admit-source.html" : "Admit source"
    },
    {
      "url" : "http://terminology.hl7.org/CodeSystem/appointment-cancellation-reason",
      "version" : "2.1.1",
      "status" : "active",
      "name" : "AppointmentCancellationReason",
      "title" : "Appointment cancellation reason",
      "description" : "This example value set defines a set of reasons for the cancellation of an appointment.",
      "oids" : ["2.16.840.1.113883.4.642.1.1382"],
      "uses" : {
      },
      "http://hl7.org/fhir/R4/valueset-appointment-cancellation-reason.html" : "Appointment cancellation reason"
    },
    {
      "url" : "http://terminology.hl7.org/CodeSystem/common-tags",
      "version" : "1.0.1",
      "status" : "active",
      "name" : "CommonTags",
      "title" : "Common Tags",
      "description" : "Common Tag Codes defined by FHIR project",
      "oids" : ["2.16.840.1.113883.4.642.1.1067"],
      "uses" : {
      },
      "http://hl7.org/fhir/R4/valueset-common-tags.html" : "Common Tags"
    },
    {
      "url" : "http://terminology.hl7.org/CodeSystem/contactentity-type",
      "version" : "1.0.0",
      "status" : "draft",
      "name" : "ContactEntityType",
      "title" : "Contact entity type",
      "description" : "This example value set defines a set of codes that can be used to indicate the purpose for which you would contact a contact party.",
      "oids" : ["2.16.840.1.113883.4.642.1.1129"],
      "uses" : {
      },
      "http://hl7.org/fhir/R4/valueset-contactentity-type.html" : "Contact entity type"
    },
    {
      "url" : "http://terminology.hl7.org/CodeSystem/data-absent-reason",
      "version" : "1.0.0",
      "status" : "active",
      "name" : "DataAbsentReason",
      "title" : "DataAbsentReason",
      "description" : "Used to specify why the normally expected content of the data element is missing.",
      "oids" : ["2.16.840.1.113883.4.642.4.1048"],
      "uses" : {
      },
      "http://hl7.org/fhir/R4/valueset-data-absent-reason.html" : "DataAbsentReason"
    },
    {
      "url" : "http://terminology.hl7.org/CodeSystem/diagnosis-role",
      "version" : "1.1.1",
      "status" : "active",
      "name" : "DiagnosisRole",
      "title" : "Diagnosis Role",
      "description" : "This value set defines a set of codes that can be used to express the role of a diagnosis on the Encounter or EpisodeOfCare record.",
      "oids" : ["2.16.840.1.113883.4.642.1.1054"],
      "uses" : {
      },
      "http://hl7.org/fhir/R4/valueset-diagnosis-role.html" : "DiagnosisRole"
    },
    {
      "url" : "http://terminology.hl7.org/CodeSystem/diet",
      "version" : "1.0.1",
      "status" : "active",
      "name" : "Diet",
      "title" : "Diet",
      "description" : "This value set defines a set of codes that can be used to indicate dietary preferences or restrictions a patient may have.",
      "oids" : ["2.16.840.1.113883.4.642.1.1091"],
      "uses" : {
      },
      "http://hl7.org/fhir/R4/valueset-encounter-diet.html" : "Diet"
    },
    {
      "url" : "http://terminology.hl7.org/CodeSystem/discharge-disposition",
      "version" : "1.0.1",
      "status" : "active",
      "name" : "DischargeDisposition",
      "title" : "Discharge disposition",
      "description" : "This value set defines a set of codes that can be used to where the patient left the hospital.",
      "oids" : ["2.16.840.1.113883.4.642.1.1093"],
      "uses" : {
      },
      "ValueSet-fr-core-vs-encounter-discharge-disposition.html" : "FR Core ValueSet Encounter discharge disposition"
    },
    {
      "url" : "http://terminology.hl7.org/CodeSystem/encounter-special-arrangements",
      "version" : "1.0.1",
      "status" : "active",
      "name" : "SpecialArrangements",
      "title" : "Special arrangements",
      "description" : "This value set defines a set of codes that can be used to indicate the kinds of special arrangements in place for a patients visit.",
      "oids" : ["2.16.840.1.113883.4.642.1.1090"],
      "uses" : {
      },
      "http://hl7.org/fhir/R4/valueset-encounter-special-arrangements.html" : "Special arrangements"
    },
    {
      "url" : "http://terminology.hl7.org/CodeSystem/med-admin-perform-function",
      "version" : "1.0.1",
      "status" : "active",
      "name" : "MedicationAdministrationPerformerFunctionCodes",
      "title" : "MedicationAdministration Performer Function Codes",
      "description" : "MedicationAdministration Performer Function Codes",
      "oids" : ["2.16.840.1.113883.4.642.1.1112"],
      "uses" : {
      },
      "http://hl7.org/fhir/R4/valueset-med-admin-perform-function.html" : "Medication administration  performer  function  codes"
    },
    {
      "url" : "http://terminology.hl7.org/CodeSystem/medication-admin-category",
      "version" : "4.0.1",
      "status" : "draft",
      "name" : "MedicationAdministration Category Codes",
      "title" : "Medication administration  category  codes",
      "description" : "MedicationAdministration Category Codes",
      "oids" : ["2.16.840.1.113883.4.642.4.1111"],
      "uses" : {
      },
      "http://hl7.org/fhir/R4/valueset-medication-admin-category.html" : "Medication administration  category  codes"
    },
    {
      "url" : "http://terminology.hl7.org/CodeSystem/medication-admin-status",
      "version" : "4.0.1",
      "status" : "draft",
      "name" : "MedicationAdministration Status Codes",
      "title" : "Medication administration  status  codes",
      "description" : "MedicationAdministration Status Codes",
      "oids" : ["2.16.840.1.113883.4.642.4.1311"],
      "uses" : {
      },
      "http://hl7.org/fhir/R4/valueset-medication-admin-status.html" : "Medication administration  status  codes"
    },
    {
      "url" : "http://terminology.hl7.org/CodeSystem/name-assembly-order",
      "version" : "1.0.1",
      "status" : "active",
      "name" : "HumanNameAssemblyOrder",
      "title" : "HumanNameAssemblyOrder",
      "description" : "A code that represents the preferred display order of the components of a human name.",
      "oids" : ["2.16.840.1.113883.4.642.1.1266"],
      "uses" : {
      },
      "http://hl7.org/fhir/R4/valueset-name-assembly-order.html" : "HumanNameAssemblyOrder"
    },
    {
      "url" : "http://terminology.hl7.org/CodeSystem/observation-category",
      "version" : "1.0.1",
      "status" : "active",
      "name" : "ObservationCategoryCodes",
      "title" : "Observation Category Codes",
      "description" : "Observation Category codes.",
      "oids" : ["2.16.840.1.113883.4.642.1.1125"],
      "uses" : {
      },
      "http://hl7.org/fhir/R4/valueset-observation-category.html" : "Observation Category Codes"
    },
    {
      "url" : "http://terminology.hl7.org/CodeSystem/organization-type",
      "version" : "2.0.1",
      "status" : "active",
      "name" : "OrganizationType",
      "title" : "Organization type",
      "description" : "This example value set defines a set of codes that can be used to indicate a type of organization.",
      "oids" : ["2.16.840.1.113883.4.642.1.1128"],
      "uses" : {
      },
      "http://hl7.org/fhir/R4/valueset-organization-type.html" : "Organization type"
    },
    {
      "url" : "http://terminology.hl7.org/CodeSystem/participant-type",
      "version" : "1.0.1",
      "status" : "active",
      "name" : "ParticipantType",
      "title" : "Participant type",
      "description" : "This value set defines a set of codes that can be used to indicate how an individual participates in an encounter.",
      "oids" : ["2.16.840.1.113883.4.642.1.1089"],
      "uses" : {
      },
      "http://hl7.org/fhir/R4/valueset-encounter-participant-type.html" : "Participant type"
    },
    {
      "url" : "http://terminology.hl7.org/CodeSystem/program",
      "version" : "1.0.1",
      "status" : "active",
      "name" : "Program",
      "title" : "Program",
      "description" : "This value set defines an example set of codes that could be can be used to classify groupings of service-types/specialties.",
      "oids" : ["2.16.840.1.113883.4.642.1.1384"],
      "uses" : {
      },
      "http://hl7.org/fhir/R4/valueset-program.html" : "Program"
    },
    {
      "url" : "http://terminology.hl7.org/CodeSystem/reason-medication-given",
      "version" : "1.0.1",
      "status" : "active",
      "name" : "ReasonMedicationGivenCodes",
      "title" : "Reason Medication Given Codes",
      "description" : "This value set is provided as an example. The value set to instantiate this attribute should be drawn from a robust terminology code system that consists of or contains concepts to support the medication process.",
      "oids" : ["2.16.840.1.113883.4.642.1.1110"],
      "uses" : {
      },
      "http://hl7.org/fhir/R4/valueset-reason-medication-given-codes.html" : "Reason Medication Given Codes"
    },
    {
      "url" : "http://terminology.hl7.org/CodeSystem/referencerange-meaning",
      "version" : "1.0.1",
      "status" : "active",
      "name" : "ObservationReferenceRangeMeaningCodes",
      "title" : "Observation Reference Range Meaning Codes",
      "description" : "This value set defines a set of codes that can be used to indicate the meaning/use of a reference range for a particular target population.",
      "oids" : ["2.16.840.1.113883.4.642.1.1124"],
      "uses" : {
      },
      "http://hl7.org/fhir/R4/valueset-referencerange-meaning.html" : "Observation Reference Range Meaning Codes"
    },
    {
      "url" : "http://terminology.hl7.org/CodeSystem/service-category",
      "version" : "1.1.1",
      "status" : "active",
      "name" : "ServiceCategory",
      "title" : "Service category",
      "description" : "This value set defines an example set of codes that can be used to classify groupings of service-types/specialties.",
      "oids" : ["2.16.840.1.113883.4.642.1.1144"],
      "uses" : {
      },
      "http://hl7.org/fhir/R4/valueset-service-category.html" : "Service category"
    },
    {
      "url" : "http://terminology.hl7.org/CodeSystem/service-provision-conditions",
      "version" : "1.0.1",
      "status" : "active",
      "name" : "ServiceProvisionConditions",
      "title" : "ServiceProvisionConditions",
      "description" : "The code(s) that detail the conditions under which the healthcare service is available/offered.",
      "oids" : ["2.16.840.1.113883.4.642.1.1143"],
      "uses" : {
      },
      "http://hl7.org/fhir/R4/valueset-service-provision-conditions.html" : "ServiceProvisionConditions"
    },
    {
      "url" : "http://terminology.hl7.org/CodeSystem/service-referral-method",
      "version" : "1.0.1",
      "status" : "active",
      "name" : "ReferralMethod",
      "title" : "ReferralMethod",
      "description" : "The methods of referral can be used when referring to a specific HealthCareService resource.",
      "oids" : ["2.16.840.1.113883.4.642.1.1142"],
      "uses" : {
      },
      "http://hl7.org/fhir/R4/valueset-service-referral-method.html" : "ReferralMethod"
    },
    {
      "url" : "http://terminology.hl7.org/CodeSystem/service-type",
      "version" : "1.1.0",
      "status" : "draft",
      "name" : "ServiceType",
      "title" : "Service type",
      "description" : "This value set defines an example set of codes of service-types.",
      "oids" : ["2.16.840.1.113883.4.642.1.1145"],
      "uses" : {
      },
      "http://hl7.org/fhir/R4/valueset-service-type.html" : "Service type"
    },
    {
      "url" : "http://terminology.hl7.org/CodeSystem/v2-0007",
      "version" : "2.2.0",
      "status" : "active",
      "name" : "AdmissionType",
      "title" : "admissionType",
      "description" : "Code system of concepts specifying the circumstances under which the patient was or will be admitted.  Used in HL7 Version 2.x messaging in the PV1 segment.",
      "oids" : ["2.16.840.1.113883.18.9"],
      "uses" : {
      },
      "ValueSet-fr-core-vs-encounter-type.html" : "FR Core ValueSet Encounter type"
    },
    {
      "url" : "http://terminology.hl7.org/CodeSystem/v2-0092",
      "version" : "2.1.0",
      "status" : "active",
      "name" : "ReAdmissionIndicator",
      "title" : "re-admissionIndicator",
      "description" : "Code system of concepts which are used to specify that a patient is being re admitted to a healthcare facilityin from which they were discharged, and indicates the circumstances around such re-admission.  Used in HL7 Version 2.x messagine in the PV1 segment.",
      "oids" : ["2.16.840.1.113883.18.36"],
      "uses" : {
      },
      "http://terminology.hl7.org/5.0.0/ValueSet-v2-0092.html" : "hl7VS-re-admissionIndicator"
    },
    {
      "url" : "http://terminology.hl7.org/CodeSystem/v2-0116",
      "version" : "2.2.0",
      "status" : "active",
      "name" : "BedStatus",
      "title" : "bedStatus",
      "description" : "Code system of concepts which specify the state of a bed in an inpatient setting, and is used to determine if a patient may be assigned to it or not.  Used in HL7 Version 2.x messaging in the DLD and PV1 segments.",
      "oids" : ["2.16.840.1.113883.18.47"],
      "uses" : {
      },
      "http://terminology.hl7.org/5.0.0/ValueSet-v2-0116.html" : "hl7VS-bedStatus"
    },
    {
      "url" : "http://terminology.hl7.org/CodeSystem/v2-0131",
      "version" : "2.1.0",
      "status" : "active",
      "name" : "ContactRole2",
      "title" : "contactRole2",
      "description" : "Code system of concepts which specify a relationship role that the next of kin/associated parties plays with regard to the patient. Also used in referrals, for example, it may be necessary to identify the contact representative at the clinic that sent a referral. Used in HL7 Version 2 messaging in the NK1 and CTD segments after 2.5, when it replace 2.16.840.1.113883.18.57.",
      "oids" : ["2.16.840.1.113883.18.58"],
      "uses" : {
      },
      "ValueSet-fr-core-vs-patient-contact-role.html" : "FR Core ValueSet Patient contact role",
      "http://hl7.org/fhir/R4/valueset-relatedperson-relationshiptype.html" : "Patient relationship type",
      "http://hl7.org/fhir/R4/valueset-patient-contactrelationship.html" : "Patient Contact Relationship ",
      "ValueSet-fr-core-vs-contact-relationship.html" : "FR Core ValueSet Contact relationship"
    },
    {
      "url" : "http://terminology.hl7.org/CodeSystem/v2-0203",
      "version" : "5.0.0",
      "status" : "active",
      "name" : "IdentifierType",
      "title" : "identifierType",
      "description" : "HL7-defined code system of concepts specifying type of identifier. Used in HL7 Version 2.x messaging data types CX, PLN, PPN, XCN and XON.",
      "oids" : ["2.16.840.1.113883.18.108"],
      "uses" : {
      },
      "ValueSet-fr-core-vs-patient-identifier-type.html" : "FR Core ValueSet Patient identifier type",
      "ValueSet-fr-core-vs-practitioner-identifier-type.html" : "FR Core ValueSet Practitioner identifier type",
      "http://hl7.org/fhir/R4/valueset-identifier-type.html" : "IdentifierType"
    },
    {
      "url" : "http://terminology.hl7.org/CodeSystem/v2-0276",
      "version" : "2.1.0",
      "status" : "active",
      "name" : "AppointmentReason",
      "title" : "appointmentReason",
      "description" : "Code system of concepts used to describe the kind of appointment or the reason why an appointment has been scheduled.  Used in HL7 Version 2.x messaging in the ARQ segment.",
      "oids" : ["2.16.840.1.113883.18.169"],
      "uses" : {
      },
      "http://terminology.hl7.org/5.0.0/ValueSet-v2-0276.html" : "hl7VS-appointmentReasonCodes"
    },
    {
      "url" : "http://terminology.hl7.org/CodeSystem/v2-0444",
      "version" : "2.1.0",
      "status" : "active",
      "name" : "NameAssemblyOrder",
      "title" : "nameAssemblyOrder",
      "description" : "Code system of concepts specifying the preferred display order of the components of this person name.  Used in HL7 Version 2.x messaging in the PPN, XCN and XPN segments.",
      "oids" : ["2.16.840.1.113883.18.284"],
      "uses" : {
      },
      "http://hl7.org/fhir/R4/valueset-name-assembly-order.html" : "HumanNameAssemblyOrder"
    },
    {
      "url" : "http://terminology.hl7.org/CodeSystem/v3-ActCode",
      "version" : "9.0.0",
      "status" : "active",
      "name" : "ActCode",
      "title" : "ActCode",
      "description" : "A code specifying the particular kind of Act that the Act-instance represents within its class.\r\n\r\n*Constraints:* The kind of Act (e.g. physical examination, serum potassium, inpatient encounter, charge financial transaction, etc.) is specified with a code from one of several, typically external, coding systems. The coding system will depend on the class of Act, such as LOINC for observations, etc.\r\n\r\nConceptually, the Act.code must be a specialization of the Act.classCode. This is why the structure of ActClass domain should be reflected in the superstructure of the ActCode domain and then individual codes or externally referenced vocabularies subordinated under these domains that reflect the ActClass structure.\r\n\r\nAct.classCode and Act.code are not modifiers of each other but the Act.code concept should really imply the Act.classCode concept. For a negative example, it is not appropriate to use an Act.code \"potassium\" together with and Act.classCode for \"laboratory observation\" to somehow mean \"potassium laboratory observation\" and then use the same Act.code for \"potassium\" together with Act.classCode for \"medication\" to mean \"substitution of potassium\". This mutually modifying use of Act.code and Act.classCode is not permitted.",
      "oids" : ["2.16.840.1.113883.5.4"],
      "uses" : {
      },
      "ValueSet-fr-core-vs-encounter-class.html" : "FR Core ValueSet Encounter class",
      "http://terminology.hl7.org/6.5.0/ValueSet-v3-ActEncounterCode.html" : "ActEncounterCode"
    },
    {
      "url" : "http://terminology.hl7.org/CodeSystem/v3-ActPriority",
      "version" : "3.0.0",
      "status" : "active",
      "name" : "ActPriority",
      "title" : "ActPriority",
      "description" : "A set of codes (e.g., for routine, emergency), specifying the urgency under which the Act happened, can happen, is happening, is intended to happen, or is requested/demanded to happen.",
      "oids" : ["2.16.840.1.113883.5.7"],
      "uses" : {
      },
      "http://terminology.hl7.org/6.5.0/ValueSet-v3-ActPriority.html" : "ActPriority"
    },
    {
      "url" : "http://terminology.hl7.org/CodeSystem/v3-EncounterSpecialCourtesy",
      "version" : "3.0.0",
      "status" : "active",
      "name" : "EncounterSpecialCourtesy",
      "title" : "EncounterSpecialCourtesy",
      "description" : "**** MISSING DESCRIPTION ****",
      "oids" : ["2.16.840.1.113883.5.40"],
      "uses" : {
      },
      "http://hl7.org/fhir/R4/valueset-encounter-special-courtesy.html" : "Special courtesy"
    },
    {
      "url" : "http://terminology.hl7.org/CodeSystem/v3-MaritalStatus",
      "version" : "3.0.0",
      "status" : "active",
      "name" : "MaritalStatus",
      "title" : "MaritalStatus",
      "description" : "\\* \\* \\* No description supplied \\* \\* \\*\r\n\r\n*Open Issue:* The specific meanings of these codes can vary somewhat by jurisdiction and implementation so caution should be used when determining equivalency.\r\n\r\n*Open Issue:* fixing and completion of the hierarchy and proper good definitions of all the concepts is badly needed.",
      "oids" : ["2.16.840.1.113883.5.2"],
      "uses" : {
      },
      "ValueSet-fr-core-vs-marital-status.html" : "FR Core ValueSet Marital Status ValueSet"
    },
    {
      "url" : "http://terminology.hl7.org/CodeSystem/v3-NullFlavor",
      "version" : "3.0.0",
      "status" : "active",
      "name" : "NullFlavor",
      "title" : "NullFlavor",
      "description" : "A collection of codes specifying why a valid value is not present.",
      "oids" : ["2.16.840.1.113883.5.1008"],
      "uses" : {
      },
      "ValueSet-fr-core-vs-marital-status.html" : "FR Core ValueSet Marital Status ValueSet",
      "http://hl7.org/fhir/R4/valueset-encounter-special-courtesy.html" : "Special courtesy",
      "http://hl7.org/fhir/R4/valueset-name-assembly-order.html" : "HumanNameAssemblyOrder"
    },
    {
      "url" : "http://terminology.hl7.org/CodeSystem/v3-ObservationInterpretation",
      "version" : "3.0.0",
      "status" : "active",
      "name" : "ObservationInterpretation",
      "title" : "ObservationInterpretation",
      "description" : "One or more codes providing a rough qualitative interpretation of the observation, such as \"normal\" / \"abnormal\", \"low\" / \"high\", \"better\" / \"worse\", \"resistant\" / \"susceptible\", \"expected\" / \"not expected\". The value set is intended to be for ANY use where coded representation of an interpretation is needed.",
      "oids" : ["2.16.840.1.113883.5.83"],
      "uses" : {
      },
      "http://hl7.org/fhir/R4/valueset-observation-interpretation.html" : "Observation Interpretation Codes"
    },
    {
      "url" : "http://terminology.hl7.org/CodeSystem/v3-ParticipationType",
      "version" : "5.0.0",
      "status" : "active",
      "name" : "ParticipationType",
      "title" : "ParticipationType",
      "description" : "A code specifying the meaning and purpose of every Participation instance. Each of its values implies specific constraints on the Roles undertaking the participation.",
      "oids" : ["2.16.840.1.113883.5.90"],
      "uses" : {
      },
      "http://hl7.org/fhir/R4/valueset-encounter-participant-type.html" : "Participant type"
    },
    {
      "url" : "http://terminology.hl7.org/CodeSystem/v3-RoleCode",
      "version" : "3.0.0",
      "status" : "active",
      "name" : "RoleCode",
      "title" : "RoleCode",
      "description" : "A set of codes further specifying the kind of Role; specific classification codes for further qualifying RoleClass codes.",
      "oids" : ["2.16.840.1.113883.5.111"],
      "uses" : {
      },
      "http://hl7.org/fhir/R4/valueset-relatedperson-relationshiptype.html" : "Patient relationship type"
    },
    {
      "url" : "http://unitsofmeasure.org",
      "version" : "3.0.1",
      "status" : "active",
      "name" : "UCUM",
      "title" : "Unified Code for Units of Measure (UCUM)",
      "description" : "The Unified Code for Units of Measure (UCUM) is a code system intended to include all units of measures being contemporarily used in international science, engineering, and business. The purpose is to facilitate unambiguous electronic communication of quantities together with their units. The focus is on electronic communication, as opposed to communication between humans. A typical application of The Unified Code for Units of Measure are electronic data interchange (EDI) protocols, but there is nothing that prevents it from being used in other types of machine communication.",
      "oids" : ["2.16.840.1.113883.6.8"],
      "uses" : {
      },
      "http://hl7.org/fhir/R4/valueset-ucum-bodytemp.html" : "Body Temperature Units",
      "http://hl7.org/fhir/R4/valueset-ucum-vitals-common.html" : "Vital Signs Units",
      "http://hl7.org/fhir/R4/valueset-ucum-bodylength.html" : "Body Length Units",
      "http://hl7.org/fhir/R4/valueset-ucum-bodyweight.html" : "Body Weight Units"
    },
    {
      "url" : "https://hl7.fr/ig/fhir/core/CodeSystem/fr-core-cs-circonstances-sortie",
      "version" : "2.2.0-ballot",
      "status" : "draft",
      "name" : "FRCoreCodeSystemCirconstancesSortie",
      "title" : "FR Core CodeSystem Circonstances Sortie",
      "description" : "Discharge Disposition",
      "uses" : {
      },
      "ValueSet-fr-core-vs-encounter-discharge-disposition.html" : "FR Core ValueSet Encounter discharge disposition"
    },
    {
      "url" : "https://hl7.fr/ig/fhir/core/CodeSystem/fr-core-cs-contact-relationship",
      "version" : "2.2.0-ballot",
      "status" : "draft",
      "name" : "FRCoreCodeSystemContactRelationship",
      "title" : "FR Core CodeSystem Contact Relationship",
      "description" : "Relationship type",
      "uses" : {
      },
      "ValueSet-fr-core-vs-contact-relationship.html" : "FR Core ValueSet Contact relationship"
    },
    {
      "url" : "https://hl7.fr/ig/fhir/core/CodeSystem/fr-core-cs-identifier-type",
      "version" : "2.2.0-ballot",
      "status" : "draft",
      "name" : "FRCoreCodeSystemIdentifierType",
      "title" : "FR Core CodeSystem Identifier Type",
      "description" : "Identifier type",
      "uses" : {
      },
      "ValueSet-fr-core-vs-encounter-identifier-type.html" : "FR Core ValueSet Encounter identifier type"
    },
    {
      "url" : "https://hl7.fr/ig/fhir/core/CodeSystem/fr-core-cs-location-identifier-type",
      "version" : "2.2.0-ballot",
      "status" : "draft",
      "name" : "FRCoreCodeSystemLocationIdentifierType",
      "title" : "FR Core CodeSystem Location Identifier Type",
      "description" : "Location identifier type",
      "uses" : {
      },
      "ValueSet-fr-core-vs-location-identifier-type.html" : "FR Core ValueSet Location identifier type"
    },
    {
      "url" : "https://hl7.fr/ig/fhir/core/CodeSystem/fr-core-cs-location-physical-type",
      "version" : "2.2.0-ballot",
      "status" : "draft",
      "name" : "FRCoreCodeSystemLocationPhysicalType",
      "title" : "FR Core CodeSystem Location Physical Type",
      "description" : "Location physical type",
      "uses" : {
      },
      "ValueSet-fr-core-vs-location-physical-type.html" : "FR Core ValueSet Location physical type"
    },
    {
      "url" : "https://hl7.fr/ig/fhir/core/CodeSystem/fr-core-cs-location-position-room",
      "version" : "2.2.0-ballot",
      "status" : "draft",
      "name" : "FRCoreCodeSystemLocationPositionRoom",
      "title" : "FR Core CodeSystem Location Position Room",
      "description" : "Location position room",
      "uses" : {
      },
      "ValueSet-fr-core-vs-location-position-room.html" : "FR Core ValueSet Location position room"
    },
    {
      "url" : "https://hl7.fr/ig/fhir/core/CodeSystem/fr-core-cs-location-type",
      "version" : "2.2.0-ballot",
      "status" : "draft",
      "name" : "FRCoreCodeSystemLocationType",
      "title" : "FR Core CodeSystem Location Type",
      "description" : "Location type",
      "uses" : {
      },
      "ValueSet-fr-core-vs-location-type.html" : "FR Core ValueSet Location type"
    },
    {
      "url" : "https://hl7.fr/ig/fhir/core/CodeSystem/fr-core-cs-marital-status",
      "version" : "2.2.0-ballot",
      "status" : "draft",
      "name" : "FRCoreCodeSystemMaritalStatus",
      "title" : "FR Core CodeSystem Marital Status",
      "description" : "Marital status",
      "uses" : {
      },
      "ValueSet-fr-core-vs-marital-status.html" : "FR Core ValueSet Marital Status ValueSet"
    },
    {
      "url" : "https://hl7.fr/ig/fhir/core/CodeSystem/fr-core-cs-method-collection",
      "version" : "2.2.0-ballot",
      "status" : "active",
      "name" : "FRCoreCodeSystemMethodCollection",
      "title" : "FR Core CodeSystem Mode Validation Identite",
      "description" : "Méthode de collection de l'identité",
      "uses" : {
      },
      "ValueSet-fr-core-vs-identity-method-collection.html" : "FR Core ValueSet Identity method collection"
    },
    {
      "url" : "https://hl7.fr/ig/fhir/core/CodeSystem/fr-core-cs-mode-validation-identity",
      "version" : "2.2.0-ballot",
      "status" : "active",
      "name" : "FRCoreCodeSystemModeValidationIdentite",
      "title" : "FR Core CodeSystem Mode Validation Identite",
      "description" : "Mode de validation de l'identité",
      "uses" : {
      },
      "ValueSet-fr-core-vs-mode-validation-identity-ins.html" : "FR Core ValueSet Mode validation identity INS",
      "ValueSet-fr-core-vs-mode-validation-identity.html" : "FR Core ValueSet Mode validation identity"
    },
    {
      "url" : "https://hl7.fr/ig/fhir/core/CodeSystem/fr-core-cs-schedule-type",
      "version" : "2.2.0-ballot",
      "status" : "draft",
      "name" : "FRCoreCodeSystemScheduleType",
      "title" : "FR Core CodeSystem Schedule Type",
      "description" : "Schedule type",
      "uses" : {
      },
      "ValueSet-fr-core-vs-schedule-unavailability-reason.html" : "FR Core ValueSet Unavailability Reason",
      "ValueSet-fr-core-vs-schedule-type.html" : "FR Core ValueSet Schedule type"
    },
    {
      "url" : "https://hl7.fr/ig/fhir/core/CodeSystem/fr-core-cs-type-admission",
      "version" : "2.2.0-ballot",
      "status" : "draft",
      "name" : "FRCoreCodeSystemTypeAdmission",
      "title" : "FR Core CodeSystem Type Admission",
      "description" : "Admission type",
      "uses" : {
      },
      "ValueSet-fr-core-vs-encounter-type.html" : "FR Core ValueSet Encounter type"
    },
    {
      "url" : "https://hl7.fr/ig/fhir/core/CodeSystem/fr-core-cs-v2-0203",
      "version" : "2.2.0-ballot",
      "status" : "active",
      "name" : "FRCoreCodeSystemv2_0203",
      "title" : "FR Core CodeSystem v2-0203",
      "description" : "HL7 v2 - Identifier type",
      "uses" : {
      },
      "ValueSet-fr-core-vs-patient-identifier-type.html" : "FR Core ValueSet Patient identifier type",
      "ValueSet-fr-core-vs-practitioner-identifier-type.html" : "FR Core ValueSet Practitioner identifier type",
      "ValueSet-fr-core-vs-organization-identifier-type.html" : "FR Core ValueSet Organization identifier type"
    },
    {
      "url" : "https://hl7.fr/ig/fhir/core/CodeSystem/fr-core-cs-v2-0445",
      "version" : "2.2.0-ballot",
      "status" : "draft",
      "name" : "FRCoreCodeSystemv2_0445",
      "title" : "FR Core CodeSystem v2-0445",
      "description" : "HL7 v2 - Table 0445",
      "uses" : {
      },
      "ValueSet-fr-core-vs-identity-reliability.html" : "FR Core ValueSet Identity reliability"
    },
    {
      "url" : "https://hl7.fr/ig/fhir/core/CodeSystem/fr-core-cs-v2-3307",
      "version" : "2.2.0-ballot",
      "status" : "draft",
      "name" : "FRCoreCodeSystemv2_3307",
      "title" : "FR Core CodeSystem v2-3307",
      "description" : "HL7 v2 - Table 3307",
      "uses" : {
      },
      "ValueSet-fr-core-vs-organization-type.html" : "FR Core ValueSet Organization type"
    },
    {
      "url" : "https://hl7.fr/ig/fhir/core/CodeSystem/fr-core-cs-v2-3311",
      "version" : "2.2.0-ballot",
      "status" : "draft",
      "name" : "FRCoreCodeSystemv2_3311",
      "title" : "FR Core CodeSystem v2-3311",
      "description" : "HL7 v2 - Table 3311",
      "uses" : {
      },
      "ValueSet-fr-core-vs-organization-uf-activity-field.html" : "FR Core ValueSet Organization UF activity field"
    },
    {
      "url" : "https://mos.esante.gouv.fr/NOS/TRE_G05-SousSectionTableauCNOP/FHIR/TRE-G05-SousSectionTableauCNOP",
      "version" : "20231215120000",
      "status" : "active",
      "name" : "TRE_G05_SousSectionTableauCNOP",
      "title" : null,
      "description" : "Sous-Section du tableau de l'Ordre des Pharmaciens",
      "oids" : ["1.2.250.1.71.4.2.6"],
      "uses" : {
      },
      "ValueSet-fr-core-vs-practitioner-role-exercice.html" : "FR Core ValueSet PractitionerRole Exercice"
    },
    {
      "url" : "https://mos.esante.gouv.fr/NOS/TRE_G08-TypeIdentifiantPersonne/FHIR/TRE-G08-TypeIdentifiantPersonne",
      "version" : "20240329120000",
      "status" : "active",
      "name" : "TRE_G08_TypeIdentifiantPersonne",
      "title" : null,
      "description" : "Type d'identifiant de personne",
      "oids" : ["1.2.250.1.71.1.2.15"],
      "uses" : {
      },
      "ValueSet-fr-core-vs-practitioner-identifier-type.html" : "FR Core ValueSet Practitioner identifier type"
    },
    {
      "url" : "https://mos.esante.gouv.fr/NOS/TRE_G13-OrientationParticuliere/FHIR/TRE-G13-OrientationParticuliere",
      "version" : "20231215120000",
      "status" : "active",
      "name" : "TRE_G13_OrientationParticuliere",
      "title" : null,
      "description" : "Orientation particulière",
      "oids" : ["1.2.250.1.213.2.31"],
      "uses" : {
      },
      "https://interop.esante.gouv.fr/terminologies/1.2.0/ValueSet-JDV-J107-EnsembleSavoirFaire-RASS.html" : "JDV_J107_EnsembleSavoirFaire_RASS"
    },
    {
      "url" : "https://mos.esante.gouv.fr/NOS/TRE_G15-ProfessionSante/FHIR/TRE-G15-ProfessionSante",
      "version" : "20250328120000",
      "status" : "active",
      "name" : "TRE_G15_ProfessionSante",
      "title" : null,
      "description" : "Professions de santé définies par le code de la santé publique : professions médicales (art. L4111-1 à L4163-10), de la pharmacie et de la physique médicale (art. 4211-1 à 4252-3) et d’auxiliaires médicaux (art. 4311-1 à 4394-3)",
      "oids" : ["1.2.250.1.71.1.2.7"],
      "uses" : {
      },
      "https://interop.esante.gouv.fr/terminologies/1.2.0/ValueSet-JDV-J106-EnsembleProfession-RASS.html" : "JDV_J106_EnsembleProfession_RASS"
    },
    {
      "url" : "https://mos.esante.gouv.fr/NOS/TRE_R02-SecteurActivite/FHIR/TRE-R02-SecteurActivite",
      "version" : "20250523120000",
      "status" : "active",
      "name" : "TRE_R02_SecteurActivite",
      "title" : null,
      "description" : "Le secteur d'activité de santé est une donnée RPPS et correspond au type de service fourni par une structure. Il sert principalement à déterminer les propriétés de facturation des professionnels de ces structures vis-à-vis de l'assurance maladie",
      "oids" : ["1.2.250.1.71.4.2.4"],
      "uses" : {
      },
      "https://interop.esante.gouv.fr/terminologies/1.2.0/ValueSet-JDV-J101-SecteurActivite-RASS.html" : "JDV_J101_SecteurActivite_RASS",
      "ValueSet-fr-core-vs-organization-activity-field.html" : "FR Core ValueSet Organization activity field"
    },
    {
      "url" : "https://mos.esante.gouv.fr/NOS/TRE_R04-TypeSavoirFaire/FHIR/TRE-R04-TypeSavoirFaire",
      "version" : "20250625120000",
      "status" : "active",
      "name" : "TRE_R04_TypeSavoirFaire",
      "title" : null,
      "description" : "Type de savoir-faire",
      "oids" : ["1.2.250.1.213.1.6.1.16"],
      "uses" : {
      },
      "https://interop.esante.gouv.fr/terminologies/1.2.0/ValueSet-JDV-J91-TypeSavoirFaire-RASS.html" : "JDV_J91_TypeSavoirFaire_RASS"
    },
    {
      "url" : "https://mos.esante.gouv.fr/NOS/TRE_R06-SectionTableauCNOP/FHIR/TRE-R06-SectionTableauCNOP",
      "version" : "20231215120000",
      "status" : "active",
      "name" : "TRE_R06_SectionTableauCNOP",
      "title" : null,
      "description" : "Section du tableau de l'Ordre des Pharmaciens",
      "oids" : ["1.2.250.1.213.2.37"],
      "uses" : {
      },
      "ValueSet-fr-core-vs-practitioner-role-exercice.html" : "FR Core ValueSet PractitionerRole Exercice"
    },
    {
      "url" : "https://mos.esante.gouv.fr/NOS/TRE_R09-CategorieProfessionnelle/FHIR/TRE-R09-CategorieProfessionnelle",
      "version" : "20240426120000",
      "status" : "active",
      "name" : "TRE_R09_CategorieProfessionnelle",
      "title" : null,
      "description" : "Catégorie professionnelle",
      "oids" : ["1.2.250.1.213.1.6.1.10"],
      "uses" : {
      },
      "https://interop.esante.gouv.fr/terminologies/1.2.0/ValueSet-JDV-J89-CategorieProfessionnelle-RASS.html" : "JDV_J89_CategorieProfessionnelle_RASS"
    },
    {
      "url" : "https://mos.esante.gouv.fr/NOS/TRE_R11-CiviliteExercice/FHIR/TRE-R11-CiviliteExercice",
      "version" : "20231215120000",
      "status" : "active",
      "name" : "TRE_R11_CiviliteExercice",
      "title" : null,
      "description" : "Civilité d'exercice",
      "oids" : ["1.2.250.1.213.1.6.1.11"],
      "uses" : {
      },
      "ValueSet-fr-core-vs-title.html" : "FR Core ValueSet Title",
      "https://interop.esante.gouv.fr/terminologies/1.2.0/ValueSet-JDV-J79-CiviliteExercice-RASS.html" : "JDV_J79_CiviliteExercice_RASS"
    },
    {
      "url" : "https://mos.esante.gouv.fr/NOS/TRE_R13-CommuneOM/FHIR/TRE-R13-CommuneOM",
      "version" : "20240628120000",
      "status" : "active",
      "name" : "TRE_R13_CommuneOM",
      "title" : null,
      "description" : "",
      "oids" : ["1.2.250.1.213.2.23"],
      "uses" : {
      },
      "ValueSet-fr-core-vs-cog-commune-pays.html" : "FR Core ValueSet COG commune pays",
      "ValueSet-fr-core-vs-insee-code.html" : "FR Core ValueSet INSEE code"
    },
    {
      "url" : "https://mos.esante.gouv.fr/NOS/TRE_R14-TypeDiplome/FHIR/TRE-R14-TypeDiplome",
      "version" : "20240329120000",
      "status" : "active",
      "name" : "TRE_R14_TypeDiplome",
      "title" : null,
      "description" : "Type de diplôme",
      "oids" : ["1.2.250.1.213.1.6.1.36"],
      "uses" : {
      },
      "https://interop.esante.gouv.fr/terminologies/1.2.0/ValueSet-JDV-J81-TypeDiplome-RASS.html" : "JDV_J81_TypeDiplome_RASS"
    },
    {
      "url" : "https://mos.esante.gouv.fr/NOS/TRE_R20-Pays/FHIR/TRE-R20-Pays",
      "version" : "20250328120000",
      "status" : "active",
      "name" : "TRE_R20_Pays",
      "title" : null,
      "description" : "Référentiel des codes pays provenant du COG INSEE",
      "oids" : ["1.2.250.1.213.2.24"],
      "uses" : {
      },
      "ValueSet-fr-core-vs-cog-commune-pays.html" : "FR Core ValueSet COG commune pays"
    },
    {
      "url" : "https://mos.esante.gouv.fr/NOS/TRE_R21-Fonction/FHIR/TRE-R21-Fonction",
      "version" : "20250623120000",
      "status" : "active",
      "name" : "TRE_R21_Fonction",
      "title" : null,
      "description" : "Fonction",
      "oids" : ["1.2.250.1.213.1.6.1.17"],
      "uses" : {
      },
      "ValueSet-fr-core-vs-practitioner-role-exercice.html" : "FR Core ValueSet PractitionerRole Exercice"
    },
    {
      "url" : "https://mos.esante.gouv.fr/NOS/TRE_R216-HL7RoleCode/FHIR/TRE-R216-HL7RoleCode",
      "version" : "20241213120000",
      "status" : "active",
      "name" : "TRE_R216_HL7RoleCode",
      "title" : null,
      "description" : "HL7 roleCode",
      "oids" : ["2.16.840.1.113883.5.111"],
      "uses" : {
      },
      "ValueSet-fr-core-vs-relation-type.html" : "FR Core ValueSet relation type"
    },
    {
      "url" : "https://mos.esante.gouv.fr/NOS/TRE_R217-ProtectionJuridique/FHIR/TRE-R217-ProtectionJuridique",
      "version" : "20231215120000",
      "status" : "active",
      "name" : "TRE_R217_ProtectionJuridique",
      "title" : null,
      "description" : "Protection juridique",
      "oids" : ["1.2.250.1.213.1.1.4.327"],
      "uses" : {
      },
      "ValueSet-fr-core-vs-patient-contact-role.html" : "FR Core ValueSet Patient contact role"
    },
    {
      "url" : "https://mos.esante.gouv.fr/NOS/TRE_R22-GenreActivite/FHIR/TRE-R22-GenreActivite",
      "version" : "20240329120000",
      "status" : "active",
      "name" : "TRE_R22_GenreActivite",
      "title" : null,
      "description" : "Genre d'activité",
      "oids" : ["1.2.250.1.213.1.6.1.19"],
      "uses" : {
      },
      "ValueSet-fr-core-vs-practitioner-role-exercice.html" : "FR Core ValueSet PractitionerRole Exercice"
    },
    {
      "url" : "https://mos.esante.gouv.fr/NOS/TRE_R226-Dip2iemeCycleNQ/FHIR/TRE-R226-Dip2iemeCycleNQ",
      "version" : "20231215120000",
      "status" : "active",
      "name" : "TRE_R226_Dip2iemeCycleNQ",
      "title" : null,
      "description" : "Diplôme de 2ième cycle non qualifiant",
      "oids" : ["1.2.250.1.213.1.6.1.118"],
      "uses" : {
      },
      "https://interop.esante.gouv.fr/terminologies/1.2.0/ValueSet-JDV-J105-EnsembleDiplome-RASS.html" : "JDV_J105_EnsembleDiplome_RASS"
    },
    {
      "url" : "https://mos.esante.gouv.fr/NOS/TRE_R23-ModeExercice/FHIR/TRE-R23-ModeExercice",
      "version" : "20231215120000",
      "status" : "active",
      "name" : "TRE_R23_ModeExercice",
      "title" : null,
      "description" : "Mode d'exercice",
      "oids" : ["1.2.250.1.213.1.6.1.18"],
      "uses" : {
      },
      "ValueSet-fr-core-vs-practitioner-role-exercice.html" : "FR Core ValueSet PractitionerRole Exercice"
    },
    {
      "url" : "https://mos.esante.gouv.fr/NOS/TRE_R24-TypeActiviteLiberale/FHIR/TRE-R24-TypeActiviteLiberale",
      "version" : "20231215120000",
      "status" : "active",
      "name" : "TRE_R24_TypeActiviteLiberale",
      "title" : null,
      "description" : "Type d'activité libérale",
      "oids" : ["1.2.250.1.213.1.6.1.22"],
      "uses" : {
      },
      "ValueSet-fr-core-vs-practitioner-role-exercice.html" : "FR Core ValueSet PractitionerRole Exercice"
    },
    {
      "url" : "https://mos.esante.gouv.fr/NOS/TRE_R256-TypeMessagerie/FHIR/TRE-R256-TypeMessagerie",
      "version" : "20231215120000",
      "status" : "active",
      "name" : "TRE_R256_TypeMessagerie",
      "title" : null,
      "description" : "Type de messagerie électronique",
      "oids" : ["1.2.250.1.213.3.3.54"],
      "uses" : {
      },
      "ValueSet-fr-core-vs-email-type.html" : "FR Core ValueSet Email type"
    },
    {
      "url" : "https://mos.esante.gouv.fr/NOS/TRE_R260-HL7RoleClass/FHIR/TRE-R260-HL7RoleClass",
      "version" : "20240426120000",
      "status" : "active",
      "name" : "TRE_R260_HL7RoleClass",
      "title" : null,
      "description" : "Rôle de la personne point de contact auprès d'une autre personne repris de la terminologie HL7 v3 RoleClass (https://www.hl7.org/fhir/v3/RoleClass/cs.html)",
      "oids" : ["2.16.840.1.113883.5.110"],
      "uses" : {
      },
      "ValueSet-fr-core-vs-patient-contact-role.html" : "FR Core ValueSet Patient contact role"
    },
    {
      "url" : "https://mos.esante.gouv.fr/NOS/TRE_R291-AutreProfession/FHIR/TRE-R291-AutreProfession",
      "version" : "20231215120000",
      "status" : "active",
      "name" : "TRE_R291_AutreProfession",
      "title" : null,
      "description" : "Liste de professionnels non membres d'une profession réglementée",
      "oids" : ["1.2.250.1.213.1.6.1.140"],
      "uses" : {
      },
      "https://interop.esante.gouv.fr/terminologies/1.2.0/ValueSet-JDV-J106-EnsembleProfession-RASS.html" : "JDV_J106_EnsembleProfession_RASS"
    },
    {
      "url" : "https://mos.esante.gouv.fr/NOS/TRE_R32-StatutHospitalier/FHIR/TRE-R32-StatutHospitalier",
      "version" : "20231215120000",
      "status" : "active",
      "name" : "TRE_R32_StatutHospitalier",
      "title" : null,
      "description" : "Statut hospitalier",
      "oids" : ["1.2.250.1.213.1.6.1.21"],
      "uses" : {
      },
      "ValueSet-fr-core-vs-practitioner-role-exercice.html" : "FR Core ValueSet PractitionerRole Exercice"
    },
    {
      "url" : "https://mos.esante.gouv.fr/NOS/TRE_R348-FormationSpecialiseeTransversale/FHIR/TRE-R348-FormationSpecialiseeTransversale",
      "version" : "20231215120000",
      "status" : "active",
      "name" : "TRE_R348_FormationSpecialiseeTransversale",
      "title" : null,
      "description" : "Formation Spécialisée Transversale (FST)",
      "oids" : ["1.2.250.1.213.1.6.1.251"],
      "uses" : {
      },
      "https://interop.esante.gouv.fr/terminologies/1.2.0/ValueSet-JDV-J105-EnsembleDiplome-RASS.html" : "JDV_J105_EnsembleDiplome_RASS"
    },
    {
      "url" : "https://mos.esante.gouv.fr/NOS/TRE_R359-SurspecialiteTransversale/FHIR/TRE-R359-SurspecialiteTransversale",
      "version" : "20240531120000",
      "status" : "active",
      "name" : "TRE_R359_SurspecialiteTransversale",
      "title" : null,
      "description" : "Surspécialité (compétence) acquise par l'interne à l'issue d'une Formation Spécialisée Transversale (FST)",
      "oids" : ["1.2.250.1.213.2.76"],
      "uses" : {
      },
      "https://interop.esante.gouv.fr/terminologies/1.2.0/ValueSet-JDV-J107-EnsembleSavoirFaire-RASS.html" : "JDV_J107_EnsembleSavoirFaire_RASS"
    },
    {
      "url" : "https://mos.esante.gouv.fr/NOS/TRE_R36-AutreDiplomeObtenu/FHIR/TRE-R36-AutreDiplomeObtenu",
      "version" : "20231215120000",
      "status" : "active",
      "name" : "TRE_R36_AutreDiplomeObtenu",
      "title" : null,
      "description" : "Autre diplôme obtenu",
      "oids" : ["1.2.250.1.213.1.6.1.54"],
      "uses" : {
      },
      "https://interop.esante.gouv.fr/terminologies/1.2.0/ValueSet-JDV-J105-EnsembleDiplome-RASS.html" : "JDV_J105_EnsembleDiplome_RASS"
    },
    {
      "url" : "https://mos.esante.gouv.fr/NOS/TRE_R38-SpecialiteOrdinale/FHIR/TRE-R38-SpecialiteOrdinale",
      "version" : "20240531120000",
      "status" : "active",
      "name" : "TRE_R38_SpecialiteOrdinale",
      "title" : null,
      "description" : "Spécialité ordinale",
      "oids" : ["1.2.250.1.213.2.28"],
      "uses" : {
      },
      "ValueSet-fr-core-vs-practitioner-specialty.html" : "FR Core ValueSet Practitioner specialty",
      "https://interop.esante.gouv.fr/terminologies/1.2.0/ValueSet-JDV-J107-EnsembleSavoirFaire-RASS.html" : "JDV_J107_EnsembleSavoirFaire_RASS"
    },
    {
      "url" : "https://mos.esante.gouv.fr/NOS/TRE_R39-Competence/FHIR/TRE-R39-Competence",
      "version" : "20240628120000",
      "status" : "active",
      "name" : "TRE_R39_Competence",
      "title" : null,
      "description" : "Compétence",
      "oids" : ["1.2.250.1.213.2.29"],
      "uses" : {
      },
      "https://interop.esante.gouv.fr/terminologies/1.2.0/ValueSet-JDV-J107-EnsembleSavoirFaire-RASS.html" : "JDV_J107_EnsembleSavoirFaire_RASS"
    },
    {
      "url" : "https://mos.esante.gouv.fr/NOS/TRE_R40-CompetenceExclusive/FHIR/TRE-R40-CompetenceExclusive",
      "version" : "20231215120000",
      "status" : "active",
      "name" : "TRE_R40_CompetenceExclusive",
      "title" : null,
      "description" : "Compétence exclusive",
      "oids" : ["1.2.250.1.213.2.30"],
      "uses" : {
      },
      "https://interop.esante.gouv.fr/terminologies/1.2.0/ValueSet-JDV-J107-EnsembleSavoirFaire-RASS.html" : "JDV_J107_EnsembleSavoirFaire_RASS"
    },
    {
      "url" : "https://mos.esante.gouv.fr/NOS/TRE_R42-DESCnonQualifiant/FHIR/TRE-R42-DESCnonQualifiant",
      "version" : "20240628120000",
      "status" : "active",
      "name" : "TRE_R42_DESCnonQualifiant",
      "title" : null,
      "description" : "Savoir-faire liés aux DESC du groupe 1 non qualifiants",
      "oids" : ["1.2.250.1.213.2.32"],
      "uses" : {
      },
      "https://interop.esante.gouv.fr/terminologies/1.2.0/ValueSet-JDV-J107-EnsembleSavoirFaire-RASS.html" : "JDV_J107_EnsembleSavoirFaire_RASS"
    },
    {
      "url" : "https://mos.esante.gouv.fr/NOS/TRE_R43-CapaciteSavoirFaire/FHIR/TRE-R43-CapaciteSavoirFaire",
      "version" : "20231215120000",
      "status" : "active",
      "name" : "TRE_R43_CapaciteSavoirFaire",
      "title" : null,
      "description" : "Capacité (savoir-faire)",
      "oids" : ["1.2.250.1.213.2.33"],
      "uses" : {
      },
      "https://interop.esante.gouv.fr/terminologies/1.2.0/ValueSet-JDV-J107-EnsembleSavoirFaire-RASS.html" : "JDV_J107_EnsembleSavoirFaire_RASS"
    },
    {
      "url" : "https://mos.esante.gouv.fr/NOS/TRE_R44-QualificationPAC/FHIR/TRE-R44-QualificationPAC",
      "version" : "20231215120000",
      "status" : "active",
      "name" : "TRE_R44_QualificationPAC",
      "title" : null,
      "description" : "Qualification de praticien adjoint contractuel",
      "oids" : ["1.2.250.1.213.2.34"],
      "uses" : {
      },
      "https://interop.esante.gouv.fr/terminologies/1.2.0/ValueSet-JDV-J107-EnsembleSavoirFaire-RASS.html" : "JDV_J107_EnsembleSavoirFaire_RASS"
    },
    {
      "url" : "https://mos.esante.gouv.fr/NOS/TRE_R45-FonctionQualifiee/FHIR/TRE-R45-FonctionQualifiee",
      "version" : "20231215120000",
      "status" : "active",
      "name" : "TRE_R45_FonctionQualifiee",
      "title" : null,
      "description" : "Fonction qualifiée",
      "oids" : ["1.2.250.1.213.2.35"],
      "uses" : {
      },
      "https://interop.esante.gouv.fr/terminologies/1.2.0/ValueSet-JDV-J107-EnsembleSavoirFaire-RASS.html" : "JDV_J107_EnsembleSavoirFaire_RASS"
    },
    {
      "url" : "https://mos.esante.gouv.fr/NOS/TRE_R48-DiplomeEtatFrancais/FHIR/TRE-R48-DiplomeEtatFrancais",
      "version" : "20250425120000",
      "status" : "active",
      "name" : "TRE_R48_DiplomeEtatFrancais",
      "title" : null,
      "description" : "Diplôme de l'Etat français",
      "oids" : ["1.2.250.1.213.1.6.1.31"],
      "uses" : {
      },
      "https://interop.esante.gouv.fr/terminologies/1.2.0/ValueSet-JDV-J105-EnsembleDiplome-RASS.html" : "JDV_J105_EnsembleDiplome_RASS"
    },
    {
      "url" : "https://mos.esante.gouv.fr/NOS/TRE_R49-DiplomeEtudeSpecialisee/FHIR/TRE-R49-DiplomeEtudeSpecialisee",
      "version" : "20240531120000",
      "status" : "active",
      "name" : "TRE_R49_DiplomeEtudeSpecialisee",
      "title" : null,
      "description" : "Diplôme d'Etudes Spécialisées",
      "oids" : ["1.2.250.1.213.1.6.1.32"],
      "uses" : {
      },
      "https://interop.esante.gouv.fr/terminologies/1.2.0/ValueSet-JDV-J105-EnsembleDiplome-RASS.html" : "JDV_J105_EnsembleDiplome_RASS"
    },
    {
      "url" : "https://mos.esante.gouv.fr/NOS/TRE_R50-DESCGroupe1Diplome/FHIR/TRE-R50-DESCGroupe1Diplome",
      "version" : "20231215120000",
      "status" : "active",
      "name" : "TRE_R50_DESCGroupe1Diplome",
      "title" : null,
      "description" : "DESC Groupe 1 (diplôme)",
      "oids" : ["1.2.250.1.213.1.6.1.48"],
      "uses" : {
      },
      "https://interop.esante.gouv.fr/terminologies/1.2.0/ValueSet-JDV-J105-EnsembleDiplome-RASS.html" : "JDV_J105_EnsembleDiplome_RASS"
    },
    {
      "url" : "https://mos.esante.gouv.fr/NOS/TRE_R51-DESCGroupe2Diplome/FHIR/TRE-R51-DESCGroupe2Diplome",
      "version" : "20231215120000",
      "status" : "active",
      "name" : "TRE_R51_DESCGroupe2Diplome",
      "title" : null,
      "description" : "DESC Groupe 2 (diplôme)",
      "oids" : ["1.2.250.1.213.1.6.1.49"],
      "uses" : {
      },
      "https://interop.esante.gouv.fr/terminologies/1.2.0/ValueSet-JDV-J105-EnsembleDiplome-RASS.html" : "JDV_J105_EnsembleDiplome_RASS"
    },
    {
      "url" : "https://mos.esante.gouv.fr/NOS/TRE_R52-CapaciteDiplome/FHIR/TRE-R52-CapaciteDiplome",
      "version" : "20231215120000",
      "status" : "active",
      "name" : "TRE_R52_CapaciteDiplome",
      "title" : null,
      "description" : "Capacité (diplôme)",
      "oids" : ["1.2.250.1.213.1.6.1.50"],
      "uses" : {
      },
      "https://interop.esante.gouv.fr/terminologies/1.2.0/ValueSet-JDV-J105-EnsembleDiplome-RASS.html" : "JDV_J105_EnsembleDiplome_RASS"
    },
    {
      "url" : "https://mos.esante.gouv.fr/NOS/TRE_R53-DiplomePaysEEE/FHIR/TRE-R53-DiplomePaysEEE",
      "version" : "20231215120000",
      "status" : "active",
      "name" : "TRE_R53_DiplomePaysEEE",
      "title" : null,
      "description" : "Diplôme d'un pays de l'EEE",
      "oids" : ["1.2.250.1.213.1.6.1.51"],
      "uses" : {
      },
      "https://interop.esante.gouv.fr/terminologies/1.2.0/ValueSet-JDV-J105-EnsembleDiplome-RASS.html" : "JDV_J105_EnsembleDiplome_RASS"
    },
    {
      "url" : "https://mos.esante.gouv.fr/NOS/TRE_R54-DiplomeUniversiteInterUniversitaire/FHIR/TRE-R54-DiplomeUniversiteInterUniversitaire",
      "version" : "20240726120000",
      "status" : "active",
      "name" : "TRE_R54_DiplomeUniversiteInterUniversitaire",
      "title" : null,
      "description" : "Diplôme d'Université ou Inter-Universitaire",
      "oids" : ["1.2.250.1.213.1.6.1.34"],
      "uses" : {
      },
      "https://interop.esante.gouv.fr/terminologies/1.2.0/ValueSet-JDV-J105-EnsembleDiplome-RASS.html" : "JDV_J105_EnsembleDiplome_RASS"
    },
    {
      "url" : "https://mos.esante.gouv.fr/NOS/TRE_R55-CertificatEtudeSpeciale/FHIR/TRE-R55-CertificatEtudeSpeciale",
      "version" : "20231215120000",
      "status" : "active",
      "name" : "TRE_R55_CertificatEtudeSpeciale",
      "title" : null,
      "description" : "Certificat d'Etude Spéciale",
      "oids" : ["1.2.250.1.213.1.6.1.52"],
      "uses" : {
      },
      "https://interop.esante.gouv.fr/terminologies/1.2.0/ValueSet-JDV-J105-EnsembleDiplome-RASS.html" : "JDV_J105_EnsembleDiplome_RASS"
    },
    {
      "url" : "https://mos.esante.gouv.fr/NOS/TRE_R56-Attestation/FHIR/TRE-R56-Attestation",
      "version" : "20240329120000",
      "status" : "active",
      "name" : "TRE_R56_Attestation",
      "title" : null,
      "description" : "Attestation",
      "oids" : ["1.2.250.1.213.1.6.1.27"],
      "uses" : {
      },
      "https://interop.esante.gouv.fr/terminologies/1.2.0/ValueSet-JDV-J105-EnsembleDiplome-RASS.html" : "JDV_J105_EnsembleDiplome_RASS"
    },
    {
      "url" : "https://mos.esante.gouv.fr/NOS/TRE_R57-DiplomeEuropeenEtudeSpecialisee/FHIR/TRE-R57-DiplomeEuropeenEtudeSpecialisee",
      "version" : "20231215120000",
      "status" : "active",
      "name" : "TRE_R57_DiplomeEuropeenEtudeSpecialisee",
      "title" : null,
      "description" : "Diplôme Européen d'Etudes Spécialisées",
      "oids" : ["1.2.250.1.213.1.6.1.33"],
      "uses" : {
      },
      "https://interop.esante.gouv.fr/terminologies/1.2.0/ValueSet-JDV-J105-EnsembleDiplome-RASS.html" : "JDV_J105_EnsembleDiplome_RASS"
    },
    {
      "url" : "https://mos.esante.gouv.fr/NOS/TRE_R58-AutreTypeDiplome/FHIR/TRE-R58-AutreTypeDiplome",
      "version" : "20240927120000",
      "status" : "active",
      "name" : "TRE_R58_AutreTypeDiplome",
      "title" : null,
      "description" : "Autre type de diplôme",
      "oids" : ["1.2.250.1.213.1.6.1.53"],
      "uses" : {
      },
      "https://interop.esante.gouv.fr/terminologies/1.2.0/ValueSet-JDV-J105-EnsembleDiplome-RASS.html" : "JDV_J105_EnsembleDiplome_RASS"
    },
    {
      "url" : "https://mos.esante.gouv.fr/NOS/TRE_R66-CategorieEtablissement/FHIR/TRE-R66-CategorieEtablissement",
      "version" : "20250425120000",
      "status" : "active",
      "name" : "TRE_R66_CategorieEtablissement",
      "title" : null,
      "description" : "Catégorie d'établissements",
      "oids" : ["1.2.250.1.213.1.6.1.8"],
      "uses" : {
      },
      "https://interop.esante.gouv.fr/terminologies/1.2.0/ValueSet-JDV-J129-CategorieEtablissement-RASS.html" : "JDV_J129_CategorieEtablissement_RASS"
    },
    {
      "url" : "https://mos.esante.gouv.fr/NOS/TRE_R81-Civilite/FHIR/TRE-R81-Civilite",
      "version" : "20231215120000",
      "status" : "active",
      "name" : "TRE_R81_Civilite",
      "title" : null,
      "description" : "Civilité",
      "oids" : ["1.2.250.1.213.1.6.1.69"],
      "uses" : {
      },
      "https://interop.esante.gouv.fr/terminologies/1.2.0/ValueSet-JDV-J245-Civilite-CISIS.html" : "JDV_J245_Civilite_CISIS"
    },
    {
      "url" : "https://mos.esante.gouv.fr/NOS/TRE_R85-RolePriseCharge/FHIR/TRE-R85-RolePriseCharge",
      "version" : "20250721120000",
      "status" : "active",
      "name" : "TRE_R85_RolePriseCharge",
      "title" : null,
      "description" : "Rôle dans la prise en charge des patients ou des usagers",
      "oids" : ["1.2.250.1.213.1.6.1.107"],
      "uses" : {
      },
      "ValueSet-fr-core-vs-practitioner-role-exercice.html" : "FR Core ValueSet PractitionerRole Exercice"
    },
    {
      "url" : "https://mos.esante.gouv.fr/NOS/TRE_R94-ProfessionSocial/FHIR/TRE-R94-ProfessionSocial",
      "version" : "20241213120000",
      "status" : "active",
      "name" : "TRE_R94_ProfessionSocial",
      "title" : null,
      "description" : "Profession du social",
      "oids" : ["1.2.250.1.213.1.6.1.4"],
      "uses" : {
      },
      "https://interop.esante.gouv.fr/terminologies/1.2.0/ValueSet-JDV-J106-EnsembleProfession-RASS.html" : "JDV_J106_EnsembleProfession_RASS"
    },
    {
      "url" : "https://mos.esante.gouv.fr/NOS/TRE_R95-UsagerTitre/FHIR/TRE-R95-UsagerTitre",
      "version" : "20241213120000",
      "status" : "active",
      "name" : "TRE_R95_UsagerTitre",
      "title" : null,
      "description" : "Usager de titre professionnel",
      "oids" : ["1.2.250.1.213.1.6.1.109"],
      "uses" : {
      },
      "https://interop.esante.gouv.fr/terminologies/1.2.0/ValueSet-JDV-J106-EnsembleProfession-RASS.html" : "JDV_J106_EnsembleProfession_RASS"
    },
    {
      "url" : "https://mos.esante.gouv.fr/NOS/TRE_R96-AutreFonctionSanitaire/FHIR/TRE-R96-AutreFonctionSanitaire",
      "version" : "20231215120000",
      "status" : "active",
      "name" : "TRE_R96_AutreFonctionSanitaire",
      "title" : null,
      "description" : "Autres fonctions du domaine sanitaire",
      "oids" : ["1.2.250.1.213.1.6.1.110"],
      "uses" : {
      },
      "ValueSet-fr-core-vs-practitioner-role-exercice.html" : "FR Core ValueSet PractitionerRole Exercice"
    },
    {
      "url" : "https://mos.esante.gouv.fr/NOS/TRE_R97-DroitExerciceCompl/FHIR/TRE-R97-DroitExerciceCompl",
      "version" : "20231215120000",
      "status" : "active",
      "name" : "TRE_R97_DroitExerciceCompl",
      "title" : null,
      "description" : "Droit d'exercice complémentaire",
      "oids" : ["1.2.250.1.213.1.6.1.111"],
      "uses" : {
      },
      "https://interop.esante.gouv.fr/terminologies/1.2.0/ValueSet-JDV-J107-EnsembleSavoirFaire-RASS.html" : "JDV_J107_EnsembleSavoirFaire_RASS"
    },
    {
      "url" : "https://smt.esante.gouv.fr/fhir/CodeSystem/tre-r394-competence-metier",
      "version" : "20250625120000",
      "status" : "active",
      "name" : "TreR394CompetenceMetier",
      "title" : "Tre R394 Competence Metier",
      "description" : "Type de savoir-faire opérationnel, transversal ou spécifique, acquis et exercé à titre non exclusif dans le cadre d’une activité professionnelle reconnue.",
      "oids" : ["1.2.250.1.213.1.6.1.375"],
      "uses" : {
      },
      "https://interop.esante.gouv.fr/terminologies/1.2.0/ValueSet-JDV-J107-EnsembleSavoirFaire-RASS.html" : "JDV_J107_EnsembleSavoirFaire_RASS"
    },
    {
      "url" : "urn:ietf:bcp:47",
      "version" : "2.0.1",
      "status" : "active",
      "name" : "Ietf3066",
      "title" : "Tags for the Identification of Languages",
      "description" : "Older value from OID registry.  Superceded; see recommendations in BCP-47.",
      "oids" : ["2.16.840.1.113883.6.121"],
      "uses" : {
      },
      "http://hl7.org/fhir/R4/valueset-languages.html" : "Common Languages"
    },
    {
      "url" : "urn:iso:std:iso:3166",
      "version" : "1.0.0",
      "status" : "active",
      "name" : "ISO3166Part1",
      "title" : "ISO 3166-1 Codes for the representation of names of countries and their subdivisions — Part 1: Country code",
      "description" : "ISO 3166-1 establishes codes that represent the current names of countries, dependencies, and other areas of particular geopolitical interest, on the basis of country names obtained from the United Nations.",
      "oids" : ["1.0.3166.1"],
      "uses" : {
      },
      "http://terminology.hl7.org/6.5.0/ValueSet-v3-Country.html" : "Country"
    }
  ]
}
