<?xml version="1.0" encoding="UTF-8"?>

<CodeSystem xmlns="http://hl7.org/fhir">
  <id value="fr-core-cs-location-position-lit"/>
  <meta>
    <profile value="http://hl7.org/fhir/StructureDefinition/shareablecodesystem|4.0.1"/>
  </meta>
  <text>
    <status value="generated"/><div xmlns="http://www.w3.org/1999/xhtml"><p class="res-header-id"><b>Narratif généré : CodeSystem fr-core-cs-location-position-lit</b></p><a name="fr-core-cs-location-position-lit"> </a><a name="hcfr-core-cs-location-position-lit"> </a><div style="display: inline-block; background-color: #d9e0e7; padding: 6px; margin: 4px; border: 1px solid #8da1b4; border-radius: 5px; line-height: 60%"><p style="margin-bottom: 0px"/><p style="margin-bottom: 0px">Profil: <a href="http://hl7.org/fhir/R4/shareablecodesystem.html">Shareable CodeSystemversion : null4.0.1)</a></p></div><p>This case-sensitive code system <code>https://hl7.fr/ig/fhir/core/CodeSystem/fr-core-cs-location-position-lit</code> defines the following codes:</p><table class="codes"><tr><td style="white-space:nowrap"><b>Code</b></td><td><b>Affichage</b></td></tr><tr><td style="white-space:nowrap">FNTR<a name="fr-core-cs-location-position-lit-FNTR"> </a></td><td>Fenêtre</td></tr><tr><td style="white-space:nowrap">CLR<a name="fr-core-cs-location-position-lit-CLR"> </a></td><td>Couloir</td></tr><tr><td style="white-space:nowrap">ML<a name="fr-core-cs-location-position-lit-ML"> </a></td><td>Milieu</td></tr></table></div>
  </text>
  <url value="https://hl7.fr/ig/fhir/core/CodeSystem/fr-core-cs-location-position-lit"/>
  <version value="2.2.0-ballot"/>
  <name value="FRCoreCodeSystemPositionLit"/>
  <title value="FR Core CodeSystem Position du lit"/>
  <status value="active"/>
  <experimental value="false"/>
  <date value="2026-01-28T10:29:57+00:00"/>
  <publisher value="Interop'Santé"/>
  <contact>
    <name value="Interop'Santé"/>
    <telecom>
      <system value="url"/>
      <value value="http://interopsante.org/"/>
    </telecom>
  </contact>
  <contact>
    <name value="InteropSanté"/>
    <telecom>
      <system value="email"/>
      <value value="fhir@interopsante.org"/>
      <use value="work"/>
    </telecom>
  </contact>
  <description value="Position du lit dans la chambre"/>
  <jurisdiction>
    <coding>
      <system value="urn:iso:std:iso:3166"/>
      <code value="FR"/>
      <display value="France"/>
    </coding>
  </jurisdiction>
  <caseSensitive value="true"/>
  <content value="complete"/>
  <count value="3"/>
  <concept>
    <code value="FNTR"/>
    <display value="Fenêtre"/>
  </concept>
  <concept>
    <code value="CLR"/>
    <display value="Couloir"/>
  </concept>
  <concept>
    <code value="ML"/>
    <display value="Milieu"/>
  </concept>
</CodeSystem>