{
  "resourceType" : "CodeSystem",
  "id" : "fr-core-cs-schedule-type",
  "meta" : {
    "profile" : ["http://hl7.org/fhir/StructureDefinition/shareablecodesystem"]
  },
  "text" : {
    "status" : "generated",
    "div" : "<div xmlns=\"http://www.w3.org/1999/xhtml\"><p class=\"res-header-id\"><b>Narratif généré : CodeSystem fr-core-cs-schedule-type</b></p><a name=\"fr-core-cs-schedule-type\"> </a><a name=\"hcfr-core-cs-schedule-type\"> </a><div style=\"display: inline-block; background-color: #d9e0e7; padding: 6px; margin: 4px; border: 1px solid #8da1b4; border-radius: 5px; line-height: 60%\"><p style=\"margin-bottom: 0px\"/><p style=\"margin-bottom: 0px\">Profil: <a href=\"http://hl7.org/fhir/R4/shareablecodesystem.html\">Shareable CodeSystem</a></p></div><p>This case-sensitive code system <code>https://hl7.fr/ig/fhir/core/CodeSystem/fr-core-cs-schedule-type</code> defines the following codes:</p><table class=\"codes\"><tr><td style=\"white-space:nowrap\"><b>Code</b></td><td><b>Display</b></td><td><b>Définition</b></td></tr><tr><td style=\"white-space:nowrap\">busy-unavailable<a name=\"fr-core-cs-schedule-type-busy-unavailable\"> </a></td><td>Indisponibilité</td><td>Indisponibilité</td></tr><tr><td style=\"white-space:nowrap\">free<a name=\"fr-core-cs-schedule-type-free\"> </a></td><td>Disponibilité</td><td>Disponibilité</td></tr></table></div>"
  },
  "url" : "https://hl7.fr/ig/fhir/core/CodeSystem/fr-core-cs-schedule-type",
  "version" : "2.2.0-ballot",
  "name" : "FRCoreCodeSystemScheduleType",
  "title" : "FR Core CodeSystem Schedule Type",
  "status" : "draft",
  "experimental" : false,
  "date" : "2025-11-07T16:50:39+00:00",
  "publisher" : "Interop'Santé",
  "contact" : [{
    "name" : "Interop'Santé",
    "telecom" : [{
      "system" : "url",
      "value" : "http://interopsante.org/"
    }]
  },
  {
    "name" : "InteropSanté",
    "telecom" : [{
      "system" : "email",
      "value" : "fhir@interopsante.org",
      "use" : "work"
    }]
  }],
  "description" : "Schedule type",
  "jurisdiction" : [{
    "coding" : [{
      "system" : "urn:iso:std:iso:3166",
      "code" : "FR",
      "display" : "France"
    }]
  }],
  "caseSensitive" : true,
  "content" : "complete",
  "count" : 2,
  "concept" : [{
    "code" : "busy-unavailable",
    "display" : "Indisponibilité",
    "definition" : "Indisponibilité"
  },
  {
    "code" : "free",
    "display" : "Disponibilité",
    "definition" : "Disponibilité"
  }]
}