{
  "resourceType" : "CodeSystem",
  "id" : "fr-core-cs-v2-3307",
  "meta" : {
    "profile" : ["http://hl7.org/fhir/StructureDefinition/shareablecodesystem"]
  },
  "text" : {
    "status" : "generated",
    "div" : "<div xmlns=\"http://www.w3.org/1999/xhtml\"><p class=\"res-header-id\"><b>Narratif généré : CodeSystem fr-core-cs-v2-3307</b></p><a name=\"fr-core-cs-v2-3307\"> </a><a name=\"hcfr-core-cs-v2-3307\"> </a><div style=\"display: inline-block; background-color: #d9e0e7; padding: 6px; margin: 4px; border: 1px solid #8da1b4; border-radius: 5px; line-height: 60%\"><p style=\"margin-bottom: 0px\"/><p style=\"margin-bottom: 0px\">Profil: <a href=\"http://hl7.org/fhir/R4/shareablecodesystem.html\">Shareable CodeSystem</a></p></div><p>This case-sensitive code system <code>https://hl7.fr/ig/fhir/core/CodeSystem/fr-core-cs-v2-3307</code> defines the following codes:</p><table class=\"codes\"><tr><td style=\"white-space:nowrap\"><b>Code</b></td><td><b>Affichage</b></td><td><b>Définition</b></td></tr><tr><td style=\"white-space:nowrap\">LEGAL-ENTITY<a name=\"fr-core-cs-v2-3307-LEGAL-ENTITY\"> </a></td><td>Entité légale</td><td>Entité légale</td></tr><tr><td style=\"white-space:nowrap\">GHT<a name=\"fr-core-cs-v2-3307-GHT\"> </a></td><td>Groupement hospitalier de territoire</td><td>Groupement hospitalier de territoire</td></tr><tr><td style=\"white-space:nowrap\">GEOGRAPHICAL-ENTITY<a name=\"fr-core-cs-v2-3307-GEOGRAPHICAL-ENTITY\"> </a></td><td>Entité géographique</td><td>Entité géographique</td></tr><tr><td style=\"white-space:nowrap\">GROUP<a name=\"fr-core-cs-v2-3307-GROUP\"> </a></td><td>Groupe privé/hospitalier</td><td>Groupe privé/hospitalier</td></tr><tr><td style=\"white-space:nowrap\">HEBERGEMENT<a name=\"fr-core-cs-v2-3307-HEBERGEMENT\"> </a></td><td>Hébergement</td><td>Hébergement</td></tr><tr><td style=\"white-space:nowrap\">SOIN<a name=\"fr-core-cs-v2-3307-SOIN\"> </a></td><td>Soin</td><td>Soin</td></tr><tr><td style=\"white-space:nowrap\">ADMINISTRATIF<a name=\"fr-core-cs-v2-3307-ADMINISTRATIF\"> </a></td><td>Administration</td><td>Administration</td></tr><tr><td style=\"white-space:nowrap\">MEDICAL<a name=\"fr-core-cs-v2-3307-MEDICAL\"> </a></td><td>Médical</td><td>Médical</td></tr><tr><td style=\"white-space:nowrap\">TECHNIQUE<a name=\"fr-core-cs-v2-3307-TECHNIQUE\"> </a></td><td>Technique</td><td>Technique</td></tr><tr><td style=\"white-space:nowrap\">MEDICOTEC<a name=\"fr-core-cs-v2-3307-MEDICOTEC\"> </a></td><td>medico technique (radio, scanner …)</td><td>medico technique (radio, scanner …)</td></tr><tr><td style=\"white-space:nowrap\">UF<a name=\"fr-core-cs-v2-3307-UF\"> </a></td><td>Unité fonctionnelle</td><td>Unité fonctionnelle</td></tr><tr><td style=\"white-space:nowrap\">SERVICE<a name=\"fr-core-cs-v2-3307-SERVICE\"> </a></td><td>Service</td><td>Service</td></tr><tr><td style=\"white-space:nowrap\">UM<a name=\"fr-core-cs-v2-3307-UM\"> </a></td><td>Unité médicale</td><td>Unité médicale</td></tr><tr><td style=\"white-space:nowrap\">UAC<a name=\"fr-core-cs-v2-3307-UAC\"> </a></td><td>Unité d'activité</td><td>Unité d'activité</td></tr><tr><td style=\"white-space:nowrap\">POLE<a name=\"fr-core-cs-v2-3307-POLE\"> </a></td><td>Pôle</td><td>Pôle</td></tr><tr><td style=\"white-space:nowrap\">CENTRE-RESP<a name=\"fr-core-cs-v2-3307-CENTRE-RESP\"> </a></td><td>Centre de responsabilité</td><td>Centre de responsabilité</td></tr><tr><td style=\"white-space:nowrap\">CENTRE-ACTIVITE<a name=\"fr-core-cs-v2-3307-CENTRE-ACTIVITE\"> </a></td><td>Centre d'activité</td><td>Centre d'activité</td></tr></table></div>"
  },
  "url" : "https://hl7.fr/ig/fhir/core/CodeSystem/fr-core-cs-v2-3307",
  "version" : "2.2.0-ballot",
  "name" : "FRCoreCodeSystemv2_3307",
  "title" : "FR Core CodeSystem v2-3307",
  "status" : "draft",
  "experimental" : false,
  "date" : "2025-11-29T07:55:08+00:00",
  "publisher" : "Interop'Santé",
  "contact" : [{
    "name" : "Interop'Santé",
    "telecom" : [{
      "system" : "url",
      "value" : "http://interopsante.org/"
    }]
  },
  {
    "name" : "InteropSanté",
    "telecom" : [{
      "system" : "email",
      "value" : "fhir@interopsante.org",
      "use" : "work"
    }]
  }],
  "description" : "HL7 v2 - Table 3307",
  "jurisdiction" : [{
    "coding" : [{
      "system" : "urn:iso:std:iso:3166",
      "code" : "FR",
      "display" : "France"
    }]
  }],
  "caseSensitive" : true,
  "content" : "complete",
  "count" : 17,
  "concept" : [{
    "code" : "LEGAL-ENTITY",
    "display" : "Entité légale",
    "definition" : "Entité légale"
  },
  {
    "code" : "GHT",
    "display" : "Groupement hospitalier de territoire",
    "definition" : "Groupement hospitalier de territoire"
  },
  {
    "code" : "GEOGRAPHICAL-ENTITY",
    "display" : "Entité géographique",
    "definition" : "Entité géographique"
  },
  {
    "code" : "GROUP",
    "display" : "Groupe privé/hospitalier",
    "definition" : "Groupe privé/hospitalier"
  },
  {
    "code" : "HEBERGEMENT",
    "display" : "Hébergement",
    "definition" : "Hébergement"
  },
  {
    "code" : "SOIN",
    "display" : "Soin",
    "definition" : "Soin"
  },
  {
    "code" : "ADMINISTRATIF",
    "display" : "Administration",
    "definition" : "Administration"
  },
  {
    "code" : "MEDICAL",
    "display" : "Médical",
    "definition" : "Médical"
  },
  {
    "code" : "TECHNIQUE",
    "display" : "Technique",
    "definition" : "Technique"
  },
  {
    "code" : "MEDICOTEC",
    "display" : "medico technique (radio, scanner …)",
    "definition" : "medico technique (radio, scanner …)"
  },
  {
    "code" : "UF",
    "display" : "Unité fonctionnelle",
    "definition" : "Unité fonctionnelle"
  },
  {
    "code" : "SERVICE",
    "display" : "Service",
    "definition" : "Service"
  },
  {
    "code" : "UM",
    "display" : "Unité médicale",
    "definition" : "Unité médicale"
  },
  {
    "code" : "UAC",
    "display" : "Unité d'activité",
    "definition" : "Unité d'activité"
  },
  {
    "code" : "POLE",
    "display" : "Pôle",
    "definition" : "Pôle"
  },
  {
    "code" : "CENTRE-RESP",
    "display" : "Centre de responsabilité",
    "definition" : "Centre de responsabilité"
  },
  {
    "code" : "CENTRE-ACTIVITE",
    "display" : "Centre d'activité",
    "definition" : "Centre d'activité"
  }]
}