<?xml version="1.0" encoding="UTF-8"?>

<ValueSet xmlns="http://hl7.org/fhir">
  <id value="fr-core-vs-categorie-sae-etablissement"/>
  <meta>
    <versionId value="2024.1"/>
    <lastUpdated value="2025-03-14T18:01:34.510+00:00"/>
    <profile value="http://hl7.org/fhir/StructureDefinition/shareablevalueset|4.0.1"/>
  </meta>
  <text>
    <status value="generated"/><div xmlns="http://www.w3.org/1999/xhtml"><p class="res-header-id"><b>Narratif généré : EnsembleValeurs fr-core-vs-categorie-sae-etablissement</b></p><a name="fr-core-vs-categorie-sae-etablissement"> </a><a name="hcfr-core-vs-categorie-sae-etablissement"> </a><div style="display: inline-block; background-color: #d9e0e7; padding: 6px; margin: 4px; border: 1px solid #8da1b4; border-radius: 5px; line-height: 60%"><p style="margin-bottom: 0px">version : 2024.1; Dernière mise à jour : 2025-03-14 18:01:34+0000</p><p style="margin-bottom: 0px">Profil: <a href="http://hl7.org/fhir/R4/shareablevalueset.html">Shareable ValueSetversion : null4.0.1)</a></p></div><ul><li>Include ce(s) code(s) tel quil(s) est (sont) défini(s) dans <a href="https://interop.esante.gouv.fr/terminologies/1.4.0/CodeSystem-TRE-R66-CategorieEtablissement.html"><code>https://mos.esante.gouv.fr/NOS/TRE_R66-CategorieEtablissement/FHIR/TRE-R66-CategorieEtablissement</code></a><span title="La version nest pas explicitement indiquée, ce qui signifie quelle est fixée à 20250425120000, la version trouvée via les références de package"> version &#x1F4E6;20250425120000</span><table class="none"><tr><td style="white-space:nowrap"><b>Code</b></td><td><b>Affichage</b></td></tr><tr><td><a href="https://interop.esante.gouv.fr/terminologies/1.4.0/CodeSystem-TRE-R66-CategorieEtablissement.html#TRE-R66-CategorieEtablissement-101">101</a></td><td>Centre hospitalier régional (CHR)</td></tr><tr><td><a href="https://interop.esante.gouv.fr/terminologies/1.4.0/CodeSystem-TRE-R66-CategorieEtablissement.html#TRE-R66-CategorieEtablissement-106">106</a></td><td>Centre hospitalier, ex Hôpital local</td></tr><tr><td><a href="https://interop.esante.gouv.fr/terminologies/1.4.0/CodeSystem-TRE-R66-CategorieEtablissement.html#TRE-R66-CategorieEtablissement-109">109</a></td><td>Etablissement de santé privé autorisé en SSR</td></tr><tr><td><a href="https://interop.esante.gouv.fr/terminologies/1.4.0/CodeSystem-TRE-R66-CategorieEtablissement.html#TRE-R66-CategorieEtablissement-114">114</a></td><td>Hôpital des Armées</td></tr><tr><td><a href="https://interop.esante.gouv.fr/terminologies/1.4.0/CodeSystem-TRE-R66-CategorieEtablissement.html#TRE-R66-CategorieEtablissement-115">115</a></td><td>Etablissement de soins du service de santé des Armées</td></tr><tr><td><a href="https://interop.esante.gouv.fr/terminologies/1.4.0/CodeSystem-TRE-R66-CategorieEtablissement.html#TRE-R66-CategorieEtablissement-122">122</a></td><td>Établissement de soins obstétriques et chirurgico-gynécologiques</td></tr><tr><td><a href="https://interop.esante.gouv.fr/terminologies/1.4.0/CodeSystem-TRE-R66-CategorieEtablissement.html#TRE-R66-CategorieEtablissement-127">127</a></td><td>Hospitalisation à domicile</td></tr><tr><td><a href="https://interop.esante.gouv.fr/terminologies/1.4.0/CodeSystem-TRE-R66-CategorieEtablissement.html#TRE-R66-CategorieEtablissement-128">128</a></td><td>Établissement de soins chirurgicaux</td></tr><tr><td><a href="https://interop.esante.gouv.fr/terminologies/1.4.0/CodeSystem-TRE-R66-CategorieEtablissement.html#TRE-R66-CategorieEtablissement-129">129</a></td><td>Établissement de soins médicaux</td></tr><tr><td><a href="https://interop.esante.gouv.fr/terminologies/1.4.0/CodeSystem-TRE-R66-CategorieEtablissement.html#TRE-R66-CategorieEtablissement-131">131</a></td><td>Centre de lutte contre le cancer (CLCC)</td></tr><tr><td><a href="https://interop.esante.gouv.fr/terminologies/1.4.0/CodeSystem-TRE-R66-CategorieEtablissement.html#TRE-R66-CategorieEtablissement-141">141</a></td><td>Centre de dialyse</td></tr><tr><td><a href="https://interop.esante.gouv.fr/terminologies/1.4.0/CodeSystem-TRE-R66-CategorieEtablissement.html#TRE-R66-CategorieEtablissement-146">146</a></td><td>Structure d'alternative à la dialyse en centre</td></tr><tr><td><a href="https://interop.esante.gouv.fr/terminologies/1.4.0/CodeSystem-TRE-R66-CategorieEtablissement.html#TRE-R66-CategorieEtablissement-156">156</a></td><td>Centre médico-psychologique (CMP)</td></tr><tr><td><a href="https://interop.esante.gouv.fr/terminologies/1.4.0/CodeSystem-TRE-R66-CategorieEtablissement.html#TRE-R66-CategorieEtablissement-161">161</a></td><td>Maison de santé pour maladies mentales</td></tr><tr><td><a href="https://interop.esante.gouv.fr/terminologies/1.4.0/CodeSystem-TRE-R66-CategorieEtablissement.html#TRE-R66-CategorieEtablissement-292">292</a></td><td>Centre hospitalier spécialisé dans la lutte contre les maladies mentales (CHS)</td></tr><tr><td><a href="https://interop.esante.gouv.fr/terminologies/1.4.0/CodeSystem-TRE-R66-CategorieEtablissement.html#TRE-R66-CategorieEtablissement-355">355</a></td><td>Centre hospitalier non dénommé ailleurs (CH)</td></tr><tr><td><a href="https://interop.esante.gouv.fr/terminologies/1.4.0/CodeSystem-TRE-R66-CategorieEtablissement.html#TRE-R66-CategorieEtablissement-362">362</a></td><td>Etablissement de soins longue durée (SLD)</td></tr><tr><td><a href="https://interop.esante.gouv.fr/terminologies/1.4.0/CodeSystem-TRE-R66-CategorieEtablissement.html#TRE-R66-CategorieEtablissement-365">365</a></td><td>Etablissement de soins pluridisciplinaire</td></tr><tr><td><a href="https://interop.esante.gouv.fr/terminologies/1.4.0/CodeSystem-TRE-R66-CategorieEtablissement.html#TRE-R66-CategorieEtablissement-366">366</a></td><td>Atelier thérapeutique</td></tr><tr><td><a href="https://interop.esante.gouv.fr/terminologies/1.4.0/CodeSystem-TRE-R66-CategorieEtablissement.html#TRE-R66-CategorieEtablissement-412">412</a></td><td>Appartement thérapeutique</td></tr><tr><td><a href="https://interop.esante.gouv.fr/terminologies/1.4.0/CodeSystem-TRE-R66-CategorieEtablissement.html#TRE-R66-CategorieEtablissement-415">415</a></td><td>Service médico-psychologique régional (SMPR)</td></tr><tr><td><a href="https://interop.esante.gouv.fr/terminologies/1.4.0/CodeSystem-TRE-R66-CategorieEtablissement.html#TRE-R66-CategorieEtablissement-422">422</a></td><td>Traitements spécialisés à domicile</td></tr><tr><td><a href="https://interop.esante.gouv.fr/terminologies/1.4.0/CodeSystem-TRE-R66-CategorieEtablissement.html#TRE-R66-CategorieEtablissement-425">425</a></td><td>Centre d'accueil thérapeutique à temps partiel (CATTP)</td></tr><tr><td><a href="https://interop.esante.gouv.fr/terminologies/1.4.0/CodeSystem-TRE-R66-CategorieEtablissement.html#TRE-R66-CategorieEtablissement-426">426</a></td><td>Syndicat Inter Hospitalier (SIH)</td></tr><tr><td><a href="https://interop.esante.gouv.fr/terminologies/1.4.0/CodeSystem-TRE-R66-CategorieEtablissement.html#TRE-R66-CategorieEtablissement-430">430</a></td><td>Centre de postcure pour malades mentaux</td></tr><tr><td><a href="https://interop.esante.gouv.fr/terminologies/1.4.0/CodeSystem-TRE-R66-CategorieEtablissement.html#TRE-R66-CategorieEtablissement-433">433</a></td><td>Etablissement sanitaire des prisons</td></tr><tr><td><a href="https://interop.esante.gouv.fr/terminologies/1.4.0/CodeSystem-TRE-R66-CategorieEtablissement.html#TRE-R66-CategorieEtablissement-444">444</a></td><td>Centre Crise ou d'accueil Permanent</td></tr><tr><td><a href="https://interop.esante.gouv.fr/terminologies/1.4.0/CodeSystem-TRE-R66-CategorieEtablissement.html#TRE-R66-CategorieEtablissement-695">695</a></td><td>Groupement de coopération sanitaire de moyens - Exploitant GCS-Exploitant</td></tr><tr><td><a href="https://interop.esante.gouv.fr/terminologies/1.4.0/CodeSystem-TRE-R66-CategorieEtablissement.html#TRE-R66-CategorieEtablissement-696">696</a></td><td>Groupement de coopération sanitaire de moyens GCS-Moyens</td></tr><tr><td><a href="https://interop.esante.gouv.fr/terminologies/1.4.0/CodeSystem-TRE-R66-CategorieEtablissement.html#TRE-R66-CategorieEtablissement-697">697</a></td><td>Groupement de coopération sanitaire - Etablissement de santé GCS-ES</td></tr><tr><td><a href="https://interop.esante.gouv.fr/terminologies/1.4.0/CodeSystem-TRE-R66-CategorieEtablissement.html#TRE-R66-CategorieEtablissement-698">698</a></td><td>Autre établissement soumis aux dispositions de la loi hospitalière</td></tr><tr><td><a href="https://interop.esante.gouv.fr/terminologies/1.4.0/CodeSystem-TRE-R66-CategorieEtablissement.html#TRE-R66-CategorieEtablissement-699">699</a></td><td>Entité Ayant Autorisation</td></tr></table></li></ul></div>
  </text>
  <url value="https://hl7.fr/ig/fhir/core/ValueSet/fr-core-vs-categorie-sae-etablissement"/>
  <version value="2.2.0-ballot-2"/>
  <name value="FRCoreValueSetCategorieSAEEtablissement"/>
  <title value="FR Core ValueSet Categorie SAE Etablissement"/>
  <status value="active"/>
  <experimental value="false"/>
  <date value="2024-10-25T12:00:00+01:00"/>
  <publisher value="Interop'Santé"/>
  <contact>
    <name value="Interop'Santé"/>
    <telecom>
      <system value="url"/>
      <value value="http://interopsante.org"/>
    </telecom>
  </contact>
  <contact>
    <name value="InteropSanté"/>
    <telecom>
      <system value="email"/>
      <value value="fhir@interopsante.org"/>
      <use value="work"/>
    </telecom>
  </contact>
  <description value="Catégrorie d'établissement de santé, suivant les valeurs de la SAE (Structure d'Activité d'Etablissement) 2024"/>
  <jurisdiction>
    <coding>
      <system value="urn:iso:std:iso:3166"/>
      <code value="FRA"/>
      <display value="France"/>
    </coding>
  </jurisdiction>
  <compose>
    <include>
      <system value="https://mos.esante.gouv.fr/NOS/TRE_R66-CategorieEtablissement/FHIR/TRE-R66-CategorieEtablissement"/>
      <concept>
        <code value="101"/>
        <display value="Centre hospitalier régional (CHR)"/>
      </concept>
      <concept>
        <code value="106"/>
        <display value="Centre hospitalier, ex Hôpital local"/>
      </concept>
      <concept>
        <code value="109"/>
        <display value="Etablissement de santé privé autorisé en SSR"/>
      </concept>
      <concept>
        <code value="114"/>
        <display value="Hôpital des Armées"/>
      </concept>
      <concept>
        <code value="115"/>
        <display value="Etablissement de soins du service de santé des Armées"/>
      </concept>
      <concept>
        <code value="122"/>
        <display value="Établissement de soins obstétriques et chirurgico-gynécologiques"/>
      </concept>
      <concept>
        <code value="127"/>
        <display value="Hospitalisation à domicile"/>
      </concept>
      <concept>
        <code value="128"/>
        <display value="Établissement de soins chirurgicaux"/>
      </concept>
      <concept>
        <code value="129"/>
        <display value="Établissement de soins médicaux"/>
      </concept>
      <concept>
        <code value="131"/>
        <display value="Centre de lutte contre le cancer (CLCC)"/>
      </concept>
      <concept>
        <code value="141"/>
        <display value="Centre de dialyse"/>
      </concept>
      <concept>
        <code value="146"/>
        <display value="Structure d'alternative à la dialyse en centre"/>
      </concept>
      <concept>
        <code value="156"/>
        <display value="Centre médico-psychologique (CMP)"/>
      </concept>
      <concept>
        <code value="161"/>
        <display value="Maison de santé pour maladies mentales"/>
      </concept>
      <concept>
        <code value="292"/>
        <display value="Centre hospitalier spécialisé dans la lutte contre les maladies mentales (CHS)"/>
      </concept>
      <concept>
        <code value="355"/>
        <display value="Centre hospitalier non dénommé ailleurs (CH)"/>
      </concept>
      <concept>
        <code value="362"/>
        <display value="Etablissement de soins longue durée (SLD)"/>
      </concept>
      <concept>
        <code value="365"/>
        <display value="Etablissement de soins pluridisciplinaire"/>
      </concept>
      <concept>
        <code value="366"/>
        <display value="Atelier thérapeutique"/>
      </concept>
      <concept>
        <code value="412"/>
        <display value="Appartement thérapeutique"/>
      </concept>
      <concept>
        <code value="415"/>
        <display value="Service médico-psychologique régional (SMPR)"/>
      </concept>
      <concept>
        <code value="422"/>
        <display value="Traitements spécialisés à domicile"/>
      </concept>
      <concept>
        <code value="425"/>
        <display value="Centre d'accueil thérapeutique à temps partiel (CATTP)"/>
      </concept>
      <concept>
        <code value="426"/>
        <display value="Syndicat Inter Hospitalier (SIH)"/>
      </concept>
      <concept>
        <code value="430"/>
        <display value="Centre de postcure pour malades mentaux"/>
      </concept>
      <concept>
        <code value="433"/>
        <display value="Etablissement sanitaire des prisons"/>
      </concept>
      <concept>
        <code value="444"/>
        <display value="Centre Crise ou d'accueil Permanent"/>
      </concept>
      <concept>
        <code value="695"/>
        <display value="Groupement de coopération sanitaire de moyens - Exploitant GCS-Exploitant"/>
      </concept>
      <concept>
        <code value="696"/>
        <display value="Groupement de coopération sanitaire de moyens GCS-Moyens"/>
      </concept>
      <concept>
        <code value="697"/>
        <display value="Groupement de coopération sanitaire - Etablissement de santé GCS-ES"/>
      </concept>
      <concept>
        <code value="698"/>
        <display value="Autre établissement soumis aux dispositions de la loi hospitalière"/>
      </concept>
      <concept>
        <code value="699"/>
        <display value="Entité Ayant Autorisation"/>
      </concept>
    </include>
  </compose>
</ValueSet>