<?xml version="1.0" encoding="UTF-8"?>

<ValueSet xmlns="http://hl7.org/fhir">
  <id value="fr-core-vs-location-identifier-type"/>
  <meta>
    <profile value="http://hl7.org/fhir/StructureDefinition/shareablevalueset|4.0.1"/>
  </meta>
  <text>
    <status value="extensions"/><div xmlns="http://www.w3.org/1999/xhtml"><p class="res-header-id"><b>Narratif généré : EnsembleValeurs fr-core-vs-location-identifier-type</b></p><a name="fr-core-vs-location-identifier-type"> </a><a name="hcfr-core-vs-location-identifier-type"> </a><div style="display: inline-block; background-color: #d9e0e7; padding: 6px; margin: 4px; border: 1px solid #8da1b4; border-radius: 5px; line-height: 60%"><p style="margin-bottom: 0px"/><p style="margin-bottom: 0px">Profil: <a href="http://hl7.org/fhir/R4/shareablevalueset.html">Shareable ValueSetversion : null4.0.1)</a></p></div><ul><li>Include ce(s) code(s) tel quil(s) est (sont) défini(s) dans <a href="CodeSystem-fr-core-cs-location-identifier-type.html"><code>https://hl7.fr/ig/fhir/core/CodeSystem/fr-core-cs-location-identifier-type</code></a><span title="La version nest pas explicitement indiquée, ce qui signifie quelle est fixée à la version fournie dans cette spécification"> version &#x1F4E6;2.2.0-ballot</span><table class="none"><tr><td style="white-space:nowrap"><b>Code</b></td><td><b>Affichage</b></td><td><b>Définition</b></td></tr><tr><td><a href="CodeSystem-fr-core-cs-location-identifier-type.html#fr-core-cs-location-identifier-type-INTRN">INTRN</a></td><td>Identifiant interne</td><td>Identifiant interne</td></tr><tr><td><a href="CodeSystem-fr-core-cs-location-identifier-type.html#fr-core-cs-location-identifier-type-EXTRN">EXTRN</a></td><td>Identifiant externe</td><td>Identifiant externe</td></tr><tr><td><a href="CodeSystem-fr-core-cs-location-identifier-type.html#fr-core-cs-location-identifier-type-GLBL">GLBL</a></td><td>Identifiant global</td><td>Identifiant global</td></tr><tr><td><a href="CodeSystem-fr-core-cs-location-identifier-type.html#fr-core-cs-location-identifier-type-IDNST">IDNST</a></td><td>Identification nationale de structure définie par l’ASIP-SANTE dans le CI_SIS</td><td>Identification nationale de structure définie par l'ANS dans le CI-SIS</td></tr></table></li></ul></div>
  </text>
  <extension url="http://hl7.org/fhir/StructureDefinition/valueset-warning">
    <valueMarkdown value="Types are for general categories of identifiers. See [the identifier registry](identifier-registry.html) for a list of common identifier systems"/>
  </extension>
  <extension url="http://hl7.org/fhir/StructureDefinition/structuredefinition-standards-status">
    <valueCode value="informative"/>
  </extension>
  <extension url="http://hl7.org/fhir/StructureDefinition/structuredefinition-fmm">
    <valueInteger value="1"/>
  </extension>
  <extension url="http://hl7.org/fhir/StructureDefinition/structuredefinition-wg">
    <valueCode value="fhir"/>
  </extension>
  <url value="https://hl7.fr/ig/fhir/core/ValueSet/fr-core-vs-location-identifier-type"/>
  <version value="2.2.0-ballot"/>
  <name value="FRCoreValueSetLocationIdentifierType"/>
  <title value="FR Core ValueSet Location identifier type"/>
  <status value="active"/>
  <experimental value="false"/>
  <date value="2026-01-21T08:47:55+00:00"/>
  <publisher value="Interop'Santé"/>
  <contact>
    <name value="Interop'Santé"/>
    <telecom>
      <system value="url"/>
      <value value="http://interopsante.org/"/>
    </telecom>
  </contact>
  <contact>
    <name value="InteropSanté"/>
    <telecom>
      <system value="email"/>
      <value value="fhir@interopsante.org"/>
      <use value="work"/>
    </telecom>
  </contact>
  <description value="Jeu de valeurs des types d'identifiant de lieu.&#xD;&#xA;A coded type for a location"/>
  <jurisdiction>
    <coding>
      <system value="urn:iso:std:iso:3166"/>
      <code value="FR"/>
      <display value="France"/>
    </coding>
  </jurisdiction>
  <compose>
    <include>
      <system value="https://hl7.fr/ig/fhir/core/CodeSystem/fr-core-cs-location-identifier-type"/>
      <concept>
        <code value="INTRN"/>
        <display value="Identifiant interne"/>
      </concept>
      <concept>
        <code value="EXTRN"/>
        <display value="Identifiant externe"/>
      </concept>
      <concept>
        <code value="GLBL"/>
        <display value="Identifiant global"/>
      </concept>
      <concept>
        <code value="IDNST"/>
        <display value="Identification nationale de structure définie par l’ASIP-SANTE dans le CI_SIS"/>
      </concept>
    </include>
  </compose>
</ValueSet>