{
  "resourceType" : "ValueSet",
  "id" : "fr-core-vs-identity-method-collection",
  "meta" : {
    "profile" : ["http://hl7.org/fhir/StructureDefinition/shareablevalueset"]
  },
  "text" : {
    "status" : "generated",
    "div" : "<div xmlns=\"http://www.w3.org/1999/xhtml\"><p class=\"res-header-id\"><b>Narratif généré : EnsembleValeurs fr-core-vs-identity-method-collection</b></p><a name=\"fr-core-vs-identity-method-collection\"> </a><a name=\"hcfr-core-vs-identity-method-collection\"> </a><div style=\"display: inline-block; background-color: #d9e0e7; padding: 6px; margin: 4px; border: 1px solid #8da1b4; border-radius: 5px; line-height: 60%\"><p style=\"margin-bottom: 0px\"/><p style=\"margin-bottom: 0px\">Profil: <a href=\"http://hl7.org/fhir/R4/shareablevalueset.html\">Shareable ValueSet</a></p></div><ul><li>Include tous les codes définis dans <a href=\"CodeSystem-fr-core-cs-method-collection.html\"><code>https://hl7.fr/ig/fhir/core/CodeSystem/fr-core-cs-method-collection</code></a><span title=\"La version nest pas explicitement indiquée, ce qui signifie quelle est fixée à la version fournie dans cette spécification\"> version &#x1F4E6;2.2.0-ballot</span></li></ul></div>"
  },
  "url" : "https://hl7.fr/ig/fhir/core/ValueSet/fr-core-vs-identity-method-collection",
  "version" : "2.2.0-ballot",
  "name" : "FRCoreValueSetIdentityMethodCollection",
  "title" : "FR Core ValueSet Identity method collection",
  "status" : "active",
  "experimental" : false,
  "date" : "2025-12-05T17:11:23+00:00",
  "publisher" : "Interop'Santé",
  "contact" : [{
    "name" : "Interop'Santé",
    "telecom" : [{
      "system" : "url",
      "value" : "http://interopsante.org/"
    }]
  },
  {
    "name" : "InteropSanté",
    "telecom" : [{
      "system" : "email",
      "value" : "fhir@interopsante.org",
      "use" : "work"
    }]
  }],
  "description" : "The validation mode of the identity.",
  "jurisdiction" : [{
    "coding" : [{
      "system" : "urn:iso:std:iso:3166",
      "code" : "FR",
      "display" : "France"
    }]
  }],
  "immutable" : true,
  "compose" : {
    "include" : [{
      "system" : "https://hl7.fr/ig/fhir/core/CodeSystem/fr-core-cs-method-collection"
    }]
  }
}