<?xml version="1.0" encoding="UTF-8"?>

<ValueSet xmlns="http://hl7.org/fhir">
  <id value="fr-core-vs-patient-identifier-use-pi"/>
  <meta>
    <profile value="http://hl7.org/fhir/StructureDefinition/shareablevalueset"/>
  </meta>
  <text>
    <status value="extensions"/><div xmlns="http://www.w3.org/1999/xhtml"><p class="res-header-id"><b>Narratif généré : EnsembleValeurs fr-core-vs-patient-identifier-use-pi</b></p><a name="fr-core-vs-patient-identifier-use-pi"> </a><a name="hcfr-core-vs-patient-identifier-use-pi"> </a><div style="display: inline-block; background-color: #d9e0e7; padding: 6px; margin: 4px; border: 1px solid #8da1b4; border-radius: 5px; line-height: 60%"><p style="margin-bottom: 0px"/><p style="margin-bottom: 0px">Profil: <a href="http://hl7.org/fhir/R4/shareablevalueset.html">Shareable ValueSet</a></p></div><p>Ce jeu de valeur (ValueSet) inclut les codes selon les règles suivantes :</p><ul><li>Importe tous les codes contenu dans <a href="http://hl7.org/fhir/R4/valueset-identifier-use.html">IdentifierUse</a></li></ul><p>Ce jeu de valeur (ValueSet) exclut les codes selon les règles suivantes :</p><ul><li>Exclude ce(s) code(s) tel quil(s) est (sont) défini(s) dans <a href="http://hl7.org/fhir/R4/codesystem-identifier-use.html"><code>http://hl7.org/fhir/identifier-use</code></a><span title="Version is not explicitly stated, which means it is fixed to 4.0.1, the version found through the package references"> version &#x1F4E6;4.0.1</span><table class="none"><tr><td style="white-space:nowrap"><b>Code</b></td><td><b>Display</b></td><td><b>Définition</b></td></tr><tr><td><a href="http://hl7.org/fhir/R4/codesystem-identifier-use.html#identifier-use-official">official</a></td><td style="color: #cccccc">Official</td><td>The identifier considered to be most trusted for the identification of this item. Sometimes also known as &quot;primary&quot; and &quot;main&quot;. The determination of &quot;official&quot; is subjective and implementation guides often provide additional guidelines for use.</td></tr></table></li></ul></div>
  </text>
  <url value="https://hl7.fr/ig/fhir/core/ValueSet/fr-core-vs-patient-identifier-use-pi"/>
  <version value="2.2.0-ballot"/>
  <name value="FRCoreValueSetPatientIdentifierUsePI"/>
  <title value="FR Core ValueSet Patient identifier use PI"/>
  <status value="active"/>
  <experimental value="false"/>
  <date value="2025-11-07T16:50:39+00:00"/>
  <publisher value="Interop'Santé"/>
  <contact>
    <name value="Interop'Santé"/>
    <telecom>
      <system value="url"/>
      <value value="http://interopsante.org/"/>
    </telecom>
  </contact>
  <contact>
    <name value="InteropSanté"/>
    <telecom>
      <system value="email"/>
      <value value="fhir@interopsante.org"/>
      <use value="work"/>
    </telecom>
  </contact>
  <description value="Use autorisés pour les identifiants patients attribués par les hôpitaux (IPP).&#xD;&#xA;Authorized use for PI identifier."/>
  <jurisdiction>
    <coding>
      <system value="urn:iso:std:iso:3166"/>
      <code value="FR"/>
      <display value="France"/>
    </coding>
  </jurisdiction>
  <compose>
    <include>
      <valueSet value="http://hl7.org/fhir/ValueSet/identifier-use"/>
    </include>
    <exclude>
      <system value="http://hl7.org/fhir/identifier-use"/>
      <concept>
        <code value="official"/>
      </concept>
    </exclude>
  </compose>
</ValueSet>