URL,Version,Status,OIDs,Name,Title,Description,Used
https://hl7.fr/ig/fhir/core/CodeSystem/fr-core-cs-champ-activite,3.0.0-ballot,draft,,FRCoreCodeSystemChampActivite,FR Core CodeSystem Champ Activite - Codes du champ d'activité,"Champ d'activité clinique de l'organisation type UF, tel que cité dans les fiches pratiques de comptabilité analytique hospitalière, de la DGOS.","ValueSet/fr-core-vs-organization-champ-activite"
https://hl7.fr/ig/fhir/core/CodeSystem/fr-core-cs-circonstances-sortie,3.0.0-ballot,draft,,FRCoreCodeSystemCirconstancesSortie,FR Core CodeSystem Circonstances Sortie,"Discharge Disposition","ValueSet/fr-core-vs-encounter-discharge-disposition"
https://hl7.fr/ig/fhir/core/CodeSystem/fr-core-cs-code-tarif-tnjp,3.0.0-ballot,draft,,FRCoreCodeSystemCodeTarifTNJP,FR Core CodeSystem Codes Tarifs - nomenclature TNJP,"La nomenclature des codes Tarif - Tarifs Nationaux Journaliers des Prestations","ValueSet/fr-core-vs-oragnization-code-tarif-tnjp"
https://hl7.fr/ig/fhir/core/CodeSystem/fr-core-cs-contact-relationship,3.0.0-ballot,draft,,FRCoreCodeSystemContactRelationship,FR Core CodeSystem Contact Relationship,"Relationship type","ValueSet/fr-core-vs-contact-relationship"
https://hl7.fr/ig/fhir/core/CodeSystem/fr-core-cs-discipline-equipement,3.0.0-ballot,draft,,FRCoreCodeSystemDisciplineEquipement,FR Core CodeSystem Discipline d'Equipement - nomenclature SAE,"La nomenclature de disciplines d'équipement est utilisée pour ventiler l'activité et le personnel entre les différentes disciplines de la section hôpital (MCO, PSY, HAD, SMR et SLD) et la discipline 'administration, services hôteliers et techniques'. La nomenclature des disciplines d’équipement s’applique aux unités fonctionnelles et aux sections issues du fichier de structure des établissements. Les disciplines sociales, médico-sociales et de formation n'apparaissent pas, car elles ne font pas partie du champ de la SAE.","ValueSet/fr-core-vs-organization-discipline-equipement"
https://hl7.fr/ig/fhir/core/CodeSystem/fr-core-cs-discipline-prestation,3.0.0-ballot,draft,,FRCoreCodeSystemDisciplinePrestation,FR Core CodeSystem Discipline de prestation - nomenclature SAE,"La nomenclature des discipline de prestation.","ValueSet/fr-core-vs-discipline-prestation"
https://hl7.fr/ig/fhir/core/CodeSystem/fr-core-cs-fiabilite-identite,3.0.0-ballot,active,"2.16.840.1.113883.12.445",FRCoreCodeSystemReliabilityIdentity,FR Core CodeSystem Fiabilité Identité,"French Identity reliabilty codes",
https://hl7.fr/ig/fhir/core/CodeSystem/fr-core-cs-identifier-type,3.0.0-ballot,draft,,FRCoreCodeSystemIdentifierType,FR Core CodeSystem Identifier Type,"Identifier type","ValueSet/fr-core-vs-encounter-identifier-type"
https://hl7.fr/ig/fhir/core/CodeSystem/fr-core-cs-location-identifier-type,3.0.0-ballot,draft,,FRCoreCodeSystemLocationIdentifierType,FR Core CodeSystem Location Identifier Type,"Location identifier type",
https://hl7.fr/ig/fhir/core/CodeSystem/fr-core-cs-location-physical-type,3.0.0-ballot,draft,,FRCoreCodeSystemLocationPhysicalType,FR Core CodeSystem Location Physical Type,"Location physical type",
https://hl7.fr/ig/fhir/core/CodeSystem/fr-core-cs-location-position-lit,3.0.0-ballot,active,,FRCoreCodeSystemPositionLit,FR Core CodeSystem Position du lit,"Position du lit dans la chambre","ValueSet/fr-core-vs-location-position-lit"
https://hl7.fr/ig/fhir/core/CodeSystem/fr-core-cs-location-type,3.0.0-ballot,active,,FRCoreCodeSystemLocationType,FR Core CodeSystem Location Type,"Location type","ValueSet/fr-core-vs-location-type"
https://hl7.fr/ig/fhir/core/CodeSystem/fr-core-cs-location-type-chambre,3.0.0-ballot,active,,FRCoreCodeSystemTypeChambre,FR Core CodeSystem Type Chambre,"Type de chambre","ValueSet/fr-core-vs-location-type-chambre"
https://hl7.fr/ig/fhir/core/CodeSystem/fr-core-cs-marital-status,3.0.0-ballot,draft,,FRCoreCodeSystemMaritalStatus,FR Core CodeSystem Marital Status,"Marital status","ValueSet/fr-core-vs-marital-status"
https://hl7.fr/ig/fhir/core/CodeSystem/fr-core-cs-method-collection,3.0.0-ballot,active,,FRCoreCodeSystemMethodCollection,FR Core CodeSystem Method Collection,"Méthode de collection de l'identité","ValueSet/fr-core-vs-identity-method-collection"
https://hl7.fr/ig/fhir/core/CodeSystem/fr-core-cs-mode-validation-identity,3.0.0-ballot,active,,FRCoreCodeSystemModeValidationIdentite,FR Core CodeSystem Mode Validation Identite,"Mode de validation de l'identité","ValueSet/fr-core-vs-mode-validation-identity,ValueSet/fr-core-vs-mode-validation-identity-ins"
https://hl7.fr/ig/fhir/core/CodeSystem/fr-core-cs-patient-contact-relationship-category,3.0.0-ballot,active,,FRCoreCodeSystemPatientContactRelationshipCategory,FR Core CodeSystem Patient Contact Relationship Category,"Catégorie de la relation du contact patient : rôle ou type de relation","ValueSet/fr-core-vs-patient-contact-relationship-category"
https://hl7.fr/ig/fhir/core/CodeSystem/fr-core-cs-schedule-type,3.0.0-ballot,draft,,FRCoreCodeSystemScheduleType,FR Core CodeSystem Schedule Type,"Schedule type","ValueSet/fr-core-vs-schedule-type,ValueSet/fr-core-vs-schedule-unavailability-reason"
https://hl7.fr/ig/fhir/core/CodeSystem/fr-core-cs-type-activite,3.0.0-ballot,draft,,FRCoreCodeSystemTypeActivite,FR Core CodeSystem Type d'activité - nomenclature SAE,"La nomenclature des types d'activité de la terminologie SAE (Statistique Annuelle des Etablissements de santé) maintenue par la DREES.","ValueSet/fr-core-vs-oragnization-type-activite"
https://hl7.fr/ig/fhir/core/CodeSystem/fr-core-cs-type-admission,3.0.0-ballot,draft,,FRCoreCodeSystemTypeAdmission,FR Core CodeSystem Type Admission,"Admission type","ValueSet/fr-core-vs-encounter-type"
https://hl7.fr/ig/fhir/core/CodeSystem/fr-core-cs-type-organisation,3.0.0-ballot,draft,,FRCoreCodeSystemTypesOrganisations,FR Core CodeSystem Organization Type,"Organization type",
https://hl7.fr/ig/fhir/core/CodeSystem/fr-core-cs-uf-indicateur,3.0.0-ballot,draft,,FRCoreCodeSystemUFIndicateur,FR Core CodeSystem UF Indicator - indicateur d'une unité fonctionnelle,"Système de codage permettant de définir les indicateurs d'une unité fonctionnelle.","ValueSet/fr-core-vs-organization-uf-indicateur"
https://hl7.fr/ig/fhir/core/CodeSystem/fr-core-cs-v2-0203,3.0.0-ballot,active,,FRCoreCodeSystemv2_0203,FR Core CodeSystem v2-0203,"HL7 v2 - Identifier type","ValueSet/fr-core-vs-practitioner-identifier-type,ValueSet/fr-core-vs-organization-identifier-type,ValueSet/fr-core-vs-patient-identifier-type"
https://hl7.fr/ig/fhir/core/CodeSystem/fr-core-cs-v2-0445,3.0.0-ballot,draft,,FRCoreCodeSystemv2_0445,FR Core CodeSystem v2-0445,"HL7 v2 - Table 0445","ValueSet/fr-core-vs-identity-reliability"
https://hl7.fr/ig/fhir/core/CodeSystem/fr-core-cs-v2-3307,3.0.0-ballot,draft,,FRCoreCodeSystemv2_3307,FR Core CodeSystem v2-3307,"HL7 v2 - Table 3307","ValueSet/fr-core-vs-organization-type,ValueSet/fr-core-vs-organization-etablissement-type"
https://hl7.fr/ig/fhir/core/CodeSystem/fr-core-cs-v2-3311,3.0.0-ballot,draft,,FRCoreCodeSystemv2_3311,FR Core CodeSystem v2-3311,"HL7 v2 - Table 3311",
