<?xml version="1.0" encoding="UTF-8"?><CodeSystem xmlns="http://hl7.org/fhir"><id value="fr-core-cs-code-tarif-tnjp"/><meta><profile value="http://hl7.org/fhir/StructureDefinition/shareablecodesystem"/></meta><text><status value="generated"/><div xmlns="http://www.w3.org/1999/xhtml"><p class="res-header-id"><b>Narratif généré : CodeSystem fr-core-cs-code-tarif-tnjp</b></p><a name="fr-core-cs-code-tarif-tnjp"> </a><a name="hcfr-core-cs-code-tarif-tnjp"> </a><div style="display: inline-block; background-color: #d9e0e7; padding: 6px; margin: 4px; border: 1px solid #8da1b4; border-radius: 5px; line-height: 60%"><p style="margin-bottom: 0px"/><p style="margin-bottom: 0px">Profil: <a href="http://hl7.org/fhir/R4/shareablecodesystem.html">Shareable CodeSystem</a></p></div><p>This case-sensitive code system <code>https://hl7.fr/ig/fhir/core/CodeSystem/fr-core-cs-code-tarif-tnjp</code> defines the following codes:</p><table class="codes"><tr><td style="white-space:nowrap"><b>Code</b></td><td><b>Affichage</b></td></tr><tr><td style="white-space:nowrap">03<a name="fr-core-cs-code-tarif-tnjp-03"> </a></td><td>Médecine UM gériatrie, addictologie, douleurs chroniques-HC</td></tr><tr><td style="white-space:nowrap">04<a name="fr-core-cs-code-tarif-tnjp-04"> </a></td><td>Médecine UM gériatrie, addictologie, douleurs chroniques-ambu</td></tr><tr><td style="white-space:nowrap">11<a name="fr-core-cs-code-tarif-tnjp-11"> </a></td><td>Médecine autres UM-HC</td></tr><tr><td style="white-space:nowrap">50<a name="fr-core-cs-code-tarif-tnjp-50"> </a></td><td>Médecine autres UM-ambu</td></tr><tr><td style="white-space:nowrap">48<a name="fr-core-cs-code-tarif-tnjp-48"> </a></td><td>Médecine - GHS intermédiaire</td></tr><tr><td style="white-space:nowrap">45<a name="fr-core-cs-code-tarif-tnjp-45"> </a></td><td>Médecine - Administration des produits de la réserve hospitalière</td></tr><tr><td style="white-space:nowrap">20<a name="fr-core-cs-code-tarif-tnjp-20"> </a></td><td>Spécialités couteuses</td></tr><tr><td style="white-space:nowrap">26<a name="fr-core-cs-code-tarif-tnjp-26"> </a></td><td>Spé très couteuses - REA</td></tr><tr><td style="white-space:nowrap">12<a name="fr-core-cs-code-tarif-tnjp-12"> </a></td><td>Chirurgie - HC</td></tr><tr><td style="white-space:nowrap">90<a name="fr-core-cs-code-tarif-tnjp-90"> </a></td><td>Chirurgie -ambu</td></tr><tr><td style="white-space:nowrap">23<a name="fr-core-cs-code-tarif-tnjp-23"> </a></td><td>Obstétrique - HC</td></tr><tr><td style="white-space:nowrap">24<a name="fr-core-cs-code-tarif-tnjp-24"> </a></td><td>Obstétrique-ambu</td></tr><tr><td style="white-space:nowrap">25<a name="fr-core-cs-code-tarif-tnjp-25"> </a></td><td>Nouveaux Nés - HC</td></tr><tr><td style="white-space:nowrap">53<a name="fr-core-cs-code-tarif-tnjp-53"> </a></td><td>Séance chimiothérapie</td></tr><tr><td style="white-space:nowrap">52<a name="fr-core-cs-code-tarif-tnjp-52"> </a></td><td>Séance dialyse</td></tr><tr><td style="white-space:nowrap">49<a name="fr-core-cs-code-tarif-tnjp-49"> </a></td><td>Séance de protonthérapie</td></tr><tr><td style="white-space:nowrap">51<a name="fr-core-cs-code-tarif-tnjp-51"> </a></td><td>Séances Radiot Hte Precision : stéréotaxie, Irradiation corporelle totale, autres techniques spéciales, RCMI</td></tr><tr><td style="white-space:nowrap">27<a name="fr-core-cs-code-tarif-tnjp-27"> </a></td><td>Autres séances</td></tr><tr><td style="white-space:nowrap">70<a name="fr-core-cs-code-tarif-tnjp-70"> </a></td><td>Hospitalisation à domicile (cas général)</td></tr><tr><td style="white-space:nowrap">13<a name="fr-core-cs-code-tarif-tnjp-13"> </a></td><td>Hospitalisation complète de + de 18 ans</td></tr><tr><td style="white-space:nowrap">54<a name="fr-core-cs-code-tarif-tnjp-54"> </a></td><td>Hospitalisation partielle de + de 18 ans</td></tr><tr><td style="white-space:nowrap">14<a name="fr-core-cs-code-tarif-tnjp-14"> </a></td><td>Hospitalisation complète de - de 18 ans</td></tr><tr><td style="white-space:nowrap">55<a name="fr-core-cs-code-tarif-tnjp-55"> </a></td><td>Hospitalisation partielle de - de 18 ans</td></tr><tr><td style="white-space:nowrap">57<a name="fr-core-cs-code-tarif-tnjp-57"> </a></td><td>Centre de Crise de + de 18 ans</td></tr><tr><td style="white-space:nowrap">58<a name="fr-core-cs-code-tarif-tnjp-58"> </a></td><td>Centre de Crise de - de 18 ans</td></tr><tr><td style="white-space:nowrap">91<a name="fr-core-cs-code-tarif-tnjp-91"> </a></td><td>PEDIATRIE- BRULES - ONCOHEMATOLOGIE - HC</td></tr><tr><td style="white-space:nowrap">92<a name="fr-core-cs-code-tarif-tnjp-92"> </a></td><td>NEUROLOGIE - HC</td></tr><tr><td style="white-space:nowrap">93<a name="fr-core-cs-code-tarif-tnjp-93"> </a></td><td>CARDIOLOGIE - HC</td></tr><tr><td style="white-space:nowrap">94<a name="fr-core-cs-code-tarif-tnjp-94"> </a></td><td>LOCOMOTEUR - HC</td></tr><tr><td style="white-space:nowrap">95<a name="fr-core-cs-code-tarif-tnjp-95"> </a></td><td>GERIATRIE - HC</td></tr><tr><td style="white-space:nowrap">96<a name="fr-core-cs-code-tarif-tnjp-96"> </a></td><td>DIGESTIF - HC</td></tr><tr><td style="white-space:nowrap">97<a name="fr-core-cs-code-tarif-tnjp-97"> </a></td><td>RESPIRATOIRE - HC</td></tr><tr><td style="white-space:nowrap">87<a name="fr-core-cs-code-tarif-tnjp-87"> </a></td><td>ADDICTION - HC</td></tr><tr><td style="white-space:nowrap">88<a name="fr-core-cs-code-tarif-tnjp-88"> </a></td><td>POLYVALENT - HC</td></tr><tr><td style="white-space:nowrap">31<a name="fr-core-cs-code-tarif-tnjp-31"> </a></td><td>PEDIATRIE- BRULES - ONCOHEMATOLOGIE - HP</td></tr><tr><td style="white-space:nowrap">32<a name="fr-core-cs-code-tarif-tnjp-32"> </a></td><td>NEUROLOGIE - HP</td></tr><tr><td style="white-space:nowrap">33<a name="fr-core-cs-code-tarif-tnjp-33"> </a></td><td>CARDIOLOGIE - HP</td></tr><tr><td style="white-space:nowrap">34<a name="fr-core-cs-code-tarif-tnjp-34"> </a></td><td>LOCOMOTEUR - HP</td></tr><tr><td style="white-space:nowrap">35<a name="fr-core-cs-code-tarif-tnjp-35"> </a></td><td>GERIATRIE - HP</td></tr><tr><td style="white-space:nowrap">36<a name="fr-core-cs-code-tarif-tnjp-36"> </a></td><td>DIGESTIF - HP</td></tr><tr><td style="white-space:nowrap">37<a name="fr-core-cs-code-tarif-tnjp-37"> </a></td><td>RESPIRATOIRE - HP</td></tr><tr><td style="white-space:nowrap">38<a name="fr-core-cs-code-tarif-tnjp-38"> </a></td><td>ADDICTION - HP</td></tr><tr><td style="white-space:nowrap">39<a name="fr-core-cs-code-tarif-tnjp-39"> </a></td><td>POLYVALENT - HP</td></tr></table></div></text><url value="https://hl7.fr/ig/fhir/core/CodeSystem/fr-core-cs-code-tarif-tnjp"/><version value="2.2.0-ballot"/><name value="FRCoreCodeSystemCodeTarifTNJP"/><title value="FR Core CodeSystem Codes Tarifs - nomenclature TNJP"/><status value="draft"/><experimental value="false"/><date value="2025-12-02T20:15:58+00:00"/><publisher value="Interop'Santé"/><contact><name value="Interop'Santé"/><telecom><system value="url"/><value value="http://interopsante.org/"/></telecom></contact><contact><name value="InteropSanté"/><telecom><system value="email"/><value value="fhir@interopsante.org"/><use value="work"/></telecom></contact><description value="La nomenclature des codes Tarif - Tarifs Nationaux Journaliers des Prestations"/><jurisdiction><coding><system value="urn:iso:std:iso:3166"/><code value="FR"/><display value="France"/></coding></jurisdiction><caseSensitive value="true"/><content value="complete"/><count value="43"/><concept><code value="03"/><display value="Médecine UM gériatrie, addictologie, douleurs chroniques-HC"/><designation><use><system value="http://terminology.hl7.org/CodeSystem/hl7TermMaintInfra"/><code value="preferredForLanguage"/></use><value value="Médecine UM gériatrie, addictologie, douleurs chroniques-HC"/></designation></concept><concept><code value="04"/><display value="Médecine UM gériatrie, addictologie, douleurs chroniques-ambu"/><designation><use><system value="http://terminology.hl7.org/CodeSystem/hl7TermMaintInfra"/><code value="preferredForLanguage"/></use><value value="Médecine UM gériatrie, addictologie, douleurs chroniques-ambu"/></designation></concept><concept><code value="11"/><display value="Médecine autres UM-HC"/><designation><use><system value="http://terminology.hl7.org/CodeSystem/hl7TermMaintInfra"/><code value="preferredForLanguage"/></use><value value="Médecine autres UM-HC"/></designation></concept><concept><code value="50"/><display value="Médecine autres UM-ambu"/><designation><use><system value="http://terminology.hl7.org/CodeSystem/hl7TermMaintInfra"/><code value="preferredForLanguage"/></use><value value="Médecine autres UM-ambu"/></designation></concept><concept><code value="48"/><display value="Médecine - GHS intermédiaire"/><designation><use><system value="http://terminology.hl7.org/CodeSystem/hl7TermMaintInfra"/><code value="preferredForLanguage"/></use><value value="Médecine - GHS intermédiaire"/></designation></concept><concept><code value="45"/><display value="Médecine - Administration des produits de la réserve hospitalière"/><designation><use><system value="http://terminology.hl7.org/CodeSystem/hl7TermMaintInfra"/><code value="preferredForLanguage"/></use><value value="Médecine - Administration des produits de la réserve hospitalière"/></designation></concept><concept><code value="20"/><display value="Spécialités couteuses"/><designation><use><system value="http://terminology.hl7.org/CodeSystem/hl7TermMaintInfra"/><code value="preferredForLanguage"/></use><value value="Spécialités couteuses"/></designation></concept><concept><code value="26"/><display value="Spé très couteuses - REA"/><designation><use><system value="http://terminology.hl7.org/CodeSystem/hl7TermMaintInfra"/><code value="preferredForLanguage"/></use><value value="Spé très couteuses - REA"/></designation></concept><concept><code value="12"/><display value="Chirurgie - HC"/><designation><use><system value="http://terminology.hl7.org/CodeSystem/hl7TermMaintInfra"/><code value="preferredForLanguage"/></use><value value="Chirurgie - HC"/></designation></concept><concept><code value="90"/><display value="Chirurgie -ambu"/><designation><use><system value="http://terminology.hl7.org/CodeSystem/hl7TermMaintInfra"/><code value="preferredForLanguage"/></use><value value="Chirurgie -ambu"/></designation></concept><concept><code value="23"/><display value="Obstétrique - HC"/><designation><use><system value="http://terminology.hl7.org/CodeSystem/hl7TermMaintInfra"/><code value="preferredForLanguage"/></use><value value="Obstétrique - HC"/></designation></concept><concept><code value="24"/><display value="Obstétrique-ambu"/><designation><use><system value="http://terminology.hl7.org/CodeSystem/hl7TermMaintInfra"/><code value="preferredForLanguage"/></use><value value="Obstétrique-ambu"/></designation></concept><concept><code value="25"/><display value="Nouveaux Nés - HC"/><designation><use><system value="http://terminology.hl7.org/CodeSystem/hl7TermMaintInfra"/><code value="preferredForLanguage"/></use><value value="Nouveaux Nés - HC"/></designation></concept><concept><code value="53"/><display value="Séance chimiothérapie"/><designation><use><system value="http://terminology.hl7.org/CodeSystem/hl7TermMaintInfra"/><code value="preferredForLanguage"/></use><value value="Séance chimiothérapie"/></designation></concept><concept><code value="52"/><display value="Séance dialyse"/><designation><use><system value="http://terminology.hl7.org/CodeSystem/hl7TermMaintInfra"/><code value="preferredForLanguage"/></use><value value="Séance dialyse"/></designation></concept><concept><code value="49"/><display value="Séance de protonthérapie"/><designation><use><system value="http://terminology.hl7.org/CodeSystem/hl7TermMaintInfra"/><code value="preferredForLanguage"/></use><value value="Séance de protonthérapie"/></designation></concept><concept><code value="51"/><display value="Séances Radiot Hte Precision : stéréotaxie, Irradiation corporelle totale, autres techniques spéciales, RCMI"/><designation><use><system value="http://terminology.hl7.org/CodeSystem/hl7TermMaintInfra"/><code value="preferredForLanguage"/></use><value value="Séances Radiot Hte Precision : stéréotaxie, Irradiation corporelle totale, autres techniques spéciales, RCMI"/></designation></concept><concept><code value="27"/><display value="Autres séances"/><designation><use><system value="http://terminology.hl7.org/CodeSystem/hl7TermMaintInfra"/><code value="preferredForLanguage"/></use><value value="Autres séances"/></designation></concept><concept><code value="70"/><display value="Hospitalisation à domicile (cas général)"/><designation><use><system value="http://terminology.hl7.org/CodeSystem/hl7TermMaintInfra"/><code value="preferredForLanguage"/></use><value value="Hospitalisation à domicile (cas général)"/></designation></concept><concept><code value="13"/><display value="Hospitalisation complète de + de 18 ans"/><designation><use><system value="http://terminology.hl7.org/CodeSystem/hl7TermMaintInfra"/><code value="preferredForLanguage"/></use><value value="Hospitalisation complète de + de 18 ans"/></designation></concept><concept><code value="54"/><display value="Hospitalisation partielle de + de 18 ans"/><designation><use><system value="http://terminology.hl7.org/CodeSystem/hl7TermMaintInfra"/><code value="preferredForLanguage"/></use><value value="Hospitalisation partielle de + de 18 ans"/></designation></concept><concept><code value="14"/><display value="Hospitalisation complète de - de 18 ans"/><designation><use><system value="http://terminology.hl7.org/CodeSystem/hl7TermMaintInfra"/><code value="preferredForLanguage"/></use><value value="Hospitalisation complète de - de 18 ans"/></designation></concept><concept><code value="55"/><display value="Hospitalisation partielle de - de 18 ans"/><designation><use><system value="http://terminology.hl7.org/CodeSystem/hl7TermMaintInfra"/><code value="preferredForLanguage"/></use><value value="Hospitalisation partielle de - de 18 ans"/></designation></concept><concept><code value="57"/><display value="Centre de Crise de + de 18 ans"/><designation><use><system value="http://terminology.hl7.org/CodeSystem/hl7TermMaintInfra"/><code value="preferredForLanguage"/></use><value value="Centre de Crise de + de 18 ans"/></designation></concept><concept><code value="58"/><display value="Centre de Crise de - de 18 ans"/><designation><use><system value="http://terminology.hl7.org/CodeSystem/hl7TermMaintInfra"/><code value="preferredForLanguage"/></use><value value="Centre de Crise de - de 18 ans"/></designation></concept><concept><code value="91"/><display value="PEDIATRIE- BRULES - ONCOHEMATOLOGIE - HC"/><designation><use><system value="http://terminology.hl7.org/CodeSystem/hl7TermMaintInfra"/><code value="preferredForLanguage"/></use><value value="PEDIATRIE- BRULES - ONCOHEMATOLOGIE - HC"/></designation></concept><concept><code value="92"/><display value="NEUROLOGIE - HC"/><designation><use><system value="http://terminology.hl7.org/CodeSystem/hl7TermMaintInfra"/><code value="preferredForLanguage"/></use><value value="NEUROLOGIE - HC"/></designation></concept><concept><code value="93"/><display value="CARDIOLOGIE - HC"/><designation><use><system value="http://terminology.hl7.org/CodeSystem/hl7TermMaintInfra"/><code value="preferredForLanguage"/></use><value value="CARDIOLOGIE - HC"/></designation></concept><concept><code value="94"/><display value="LOCOMOTEUR - HC"/><designation><use><system value="http://terminology.hl7.org/CodeSystem/hl7TermMaintInfra"/><code value="preferredForLanguage"/></use><value value="LOCOMOTEUR - HC"/></designation></concept><concept><code value="95"/><display value="GERIATRIE - HC"/><designation><use><system value="http://terminology.hl7.org/CodeSystem/hl7TermMaintInfra"/><code value="preferredForLanguage"/></use><value value="GERIATRIE - HC"/></designation></concept><concept><code value="96"/><display value="DIGESTIF - HC"/><designation><use><system value="http://terminology.hl7.org/CodeSystem/hl7TermMaintInfra"/><code value="preferredForLanguage"/></use><value value="DIGESTIF - HC"/></designation></concept><concept><code value="97"/><display value="RESPIRATOIRE - HC"/><designation><use><system value="http://terminology.hl7.org/CodeSystem/hl7TermMaintInfra"/><code value="preferredForLanguage"/></use><value value="RESPIRATOIRE - HC"/></designation></concept><concept><code value="87"/><display value="ADDICTION - HC"/><designation><use><system value="http://terminology.hl7.org/CodeSystem/hl7TermMaintInfra"/><code value="preferredForLanguage"/></use><value value="ADDICTION - HC"/></designation></concept><concept><code value="88"/><display value="POLYVALENT - HC"/><designation><use><system value="http://terminology.hl7.org/CodeSystem/hl7TermMaintInfra"/><code value="preferredForLanguage"/></use><value value="POLYVALENT - HC"/></designation></concept><concept><code value="31"/><display value="PEDIATRIE- BRULES - ONCOHEMATOLOGIE - HP"/><designation><use><system value="http://terminology.hl7.org/CodeSystem/hl7TermMaintInfra"/><code value="preferredForLanguage"/></use><value value="PEDIATRIE- BRULES - ONCOHEMATOLOGIE - HP"/></designation></concept><concept><code value="32"/><display value="NEUROLOGIE - HP"/><designation><use><system value="http://terminology.hl7.org/CodeSystem/hl7TermMaintInfra"/><code value="preferredForLanguage"/></use><value value="NEUROLOGIE - HP"/></designation></concept><concept><code value="33"/><display value="CARDIOLOGIE - HP"/><designation><use><system value="http://terminology.hl7.org/CodeSystem/hl7TermMaintInfra"/><code value="preferredForLanguage"/></use><value value="CARDIOLOGIE - HP"/></designation></concept><concept><code value="34"/><display value="LOCOMOTEUR - HP"/><designation><use><system value="http://terminology.hl7.org/CodeSystem/hl7TermMaintInfra"/><code value="preferredForLanguage"/></use><value value="LOCOMOTEUR - HP"/></designation></concept><concept><code value="35"/><display value="GERIATRIE - HP"/><designation><use><system value="http://terminology.hl7.org/CodeSystem/hl7TermMaintInfra"/><code value="preferredForLanguage"/></use><value value="GERIATRIE - HP"/></designation></concept><concept><code value="36"/><display value="DIGESTIF - HP"/><designation><use><system value="http://terminology.hl7.org/CodeSystem/hl7TermMaintInfra"/><code value="preferredForLanguage"/></use><value value="DIGESTIF - HP"/></designation></concept><concept><code value="37"/><display value="RESPIRATOIRE - HP"/><designation><use><system value="http://terminology.hl7.org/CodeSystem/hl7TermMaintInfra"/><code value="preferredForLanguage"/></use><value value="RESPIRATOIRE - HP"/></designation></concept><concept><code value="38"/><display value="ADDICTION - HP"/><designation><use><system value="http://terminology.hl7.org/CodeSystem/hl7TermMaintInfra"/><code value="preferredForLanguage"/></use><value value="ADDICTION - HP"/></designation></concept><concept><code value="39"/><display value="POLYVALENT - HP"/><designation><use><system value="http://terminology.hl7.org/CodeSystem/hl7TermMaintInfra"/><code value="preferredForLanguage"/></use><value value="POLYVALENT - HP"/></designation></concept></CodeSystem>