<?xml version="1.0" encoding="UTF-8"?><ValueSet xmlns="http://hl7.org/fhir"><id value="fr-core-vs-practitioner-identifier-type"/><meta><profile value="http://hl7.org/fhir/StructureDefinition/shareablevalueset"/></meta><text><status value="extensions"/><div xmlns="http://www.w3.org/1999/xhtml"><p class="res-header-id"><b>Narratif généré : EnsembleValeurs fr-core-vs-practitioner-identifier-type</b></p><a name="fr-core-vs-practitioner-identifier-type"> </a><a name="hcfr-core-vs-practitioner-identifier-type"> </a><div style="display: inline-block; background-color: #d9e0e7; padding: 6px; margin: 4px; border: 1px solid #8da1b4; border-radius: 5px; line-height: 60%"><p style="margin-bottom: 0px"/><p style="margin-bottom: 0px">Profil: <a href="http://hl7.org/fhir/R4/shareablevalueset.html">Shareable ValueSet</a></p></div><p>Ce jeu de valeur (ValueSet) inclut les codes selon les règles suivantes :</p><ul><li>Inclut ce(s) code(s) tel quil(s) est (sont) défini(s) dans <a href="http://terminology.hl7.org/7.0.1/CodeSystem-v2-0203.html"><code>http://terminology.hl7.org/CodeSystem/v2-0203</code></a><span title="La version nest pas explicitement indiquée, ce qui signifie quelle est fixée à 5.0.0, la version trouvée via les références de package"> version 📦5.0.0</span><table class="none"><tr><td style="white-space:nowrap"><b>Code</b></td><td><b>Affichage</b></td><td><b>Définition</b></td></tr><tr><td><a href="http://terminology.hl7.org/7.0.1/CodeSystem-v2-0203.html#v2-0203-EI">EI</a></td><td>Identifiant d'employé</td><td>A number that uniquely identifies an employee to an employer.</td></tr></table></li><li>Inclut ce(s) code(s) tel quil(s) est (sont) défini(s) dans <a href="CodeSystem-fr-core-cs-v2-0203.html"><code>https://hl7.fr/ig/fhir/core/CodeSystem/fr-core-cs-v2-0203</code></a><span title="La version nest pas explicitement indiquée, ce qui signifie quelle est fixée à la version fournie dans cette spécification"> version 📦2.2.0-ballot</span><table class="none"><tr><td style="white-space:nowrap"><b>Code</b></td><td><b>Affichage</b></td><td><b>Définition</b></td></tr><tr><td><a href="CodeSystem-fr-core-cs-v2-0203.html#fr-core-cs-v2-0203-ADELI">ADELI</a></td><td>N° ADELI</td><td>N° ADELI</td></tr><tr><td><a href="CodeSystem-fr-core-cs-v2-0203.html#fr-core-cs-v2-0203-RPPS">RPPS</a></td><td>N° RPPS</td><td>N° RPPS</td></tr><tr><td><a href="CodeSystem-fr-core-cs-v2-0203.html#fr-core-cs-v2-0203-IDNPS">IDNPS</a></td><td>Identifiant National de Professionnel de Santé</td><td>Identifiant National de Professionnel de Santé</td></tr><tr><td><a href="CodeSystem-fr-core-cs-v2-0203.html#fr-core-cs-v2-0203-INTRN">INTRN</a></td><td>Identifiant interne</td><td>Identifiant interne</td></tr></table></li><li>Inclut ce(s) code(s) tel quil(s) est (sont) défini(s) dans <a href="https://interop.esante.gouv.fr/terminologies/1.4.0/CodeSystem-TRE-G08-TypeIdentifiantPersonne.html"><code>https://mos.esante.gouv.fr/NOS/TRE_G08-TypeIdentifiantPersonne/FHIR/TRE-G08-TypeIdentifiantPersonne</code></a><span title="La version nest pas explicitement indiquée, ce qui signifie quelle est fixée à 20240329120000, la version trouvée via les références de package"> version 📦20240329120000</span><table class="none"><tr><td style="white-space:nowrap"><b>Code</b></td><td><b>Affichage</b></td></tr><tr><td><a href="https://interop.esante.gouv.fr/terminologies/1.4.0/CodeSystem-TRE-G08-TypeIdentifiantPersonne.html#TRE-G08-TypeIdentifiantPersonne-1">1</a></td><td>Id cabinet ADELI/n° registre</td></tr><tr><td><a href="https://interop.esante.gouv.fr/terminologies/1.4.0/CodeSystem-TRE-G08-TypeIdentifiantPersonne.html#TRE-G08-TypeIdentifiantPersonne-3">3</a></td><td>FINESS/n° de registre</td></tr><tr><td><a href="https://interop.esante.gouv.fr/terminologies/1.4.0/CodeSystem-TRE-G08-TypeIdentifiantPersonne.html#TRE-G08-TypeIdentifiantPersonne-4">4</a></td><td>SIREN/n° de registre</td></tr><tr><td><a href="https://interop.esante.gouv.fr/terminologies/1.4.0/CodeSystem-TRE-G08-TypeIdentifiantPersonne.html#TRE-G08-TypeIdentifiantPersonne-5">5</a></td><td>SIRET/n° de registre</td></tr><tr><td><a href="https://interop.esante.gouv.fr/terminologies/1.4.0/CodeSystem-TRE-G08-TypeIdentifiantPersonne.html#TRE-G08-TypeIdentifiantPersonne-6">6</a></td><td>Id cabinet RPPS/n° de registre</td></tr></table></li></ul></div></text><extension url="http://hl7.org/fhir/StructureDefinition/valueset-warning"><valueMarkdown value="Types are for general categories of identifiers. See [the identifier registry](identifier-registry.h     tml) for a list of common identifier systems"/></extension><url value="https://hl7.fr/ig/fhir/core/ValueSet/fr-core-vs-practitioner-identifier-type"/><version value="2.2.0-ballot"/><name value="FRCoreValueSetPractitionerIdentifierType"/><title value="FR Core ValueSet Practitioner identifier type"/><status value="active"/><experimental value="false"/><date value="2026-01-22T11:51:24+00:00"/><publisher value="Interop'Santé"/><contact><name value="Interop'Santé"/><telecom><system value="url"/><value value="http://interopsante.org/"/></telecom></contact><contact><name value="InteropSanté"/><telecom><system value="email"/><value value="fhir@interopsante.org"/><use value="work"/></telecom></contact><description value="A coded type for an identifier that can be used to determine which identifier to use for a specific purpose (providers identification)"/><jurisdiction><coding><system value="urn:iso:std:iso:3166"/><code value="FR"/><display value="France"/></coding></jurisdiction><compose><include><system value="http://terminology.hl7.org/CodeSystem/v2-0203"/><concept><code value="EI"/><display value="Identifiant d'employé"/></concept></include><include><system value="https://hl7.fr/ig/fhir/core/CodeSystem/fr-core-cs-v2-0203"/><concept><code value="ADELI"/><display value="N° ADELI"/></concept><concept><code value="RPPS"/><display value="N° RPPS"/></concept><concept><code value="IDNPS"/><display value="Identifiant National de Professionnel de Santé"/></concept><concept><code value="INTRN"/><display value="Identifiant interne"/></concept></include><include><system value="https://mos.esante.gouv.fr/NOS/TRE_G08-TypeIdentifiantPersonne/FHIR/TRE-G08-TypeIdentifiantPersonne"/><concept><code value="1"/><display value="Id cabinet ADELI/n° registre"/></concept><concept><code value="3"/><display value="FINESS/n° de registre"/></concept><concept><code value="4"/><display value="SIREN/n° de registre"/></concept><concept><code value="5"/><display value="SIRET/n° de registre"/></concept><concept><code value="6"/><display value="Id cabinet RPPS/n° de registre"/></concept></include></compose></ValueSet>