<?xml version="1.0" encoding="UTF-8"?><ValueSet xmlns="http://hl7.org/fhir"><id value="fr-core-vs-discipline-prestation"/><meta><profile value="http://hl7.org/fhir/StructureDefinition/shareablevalueset"/></meta><text><status value="generated"/><div xmlns="http://www.w3.org/1999/xhtml"><p class="res-header-id"><b>Narratif généré : EnsembleValeurs fr-core-vs-discipline-prestation</b></p><a name="fr-core-vs-discipline-prestation"> </a><a name="hcfr-core-vs-discipline-prestation"> </a><div style="display: inline-block; background-color: #d9e0e7; padding: 6px; margin: 4px; border: 1px solid #8da1b4; border-radius: 5px; line-height: 60%"><p style="margin-bottom: 0px"/><p style="margin-bottom: 0px">Profil: <a href="http://hl7.org/fhir/R4/shareablevalueset.html">Shareable ValueSet</a></p></div><ul><li>Include tous les codes définis dans <a href="CodeSystem-fr-core-cs-discipline-prestation.html"><code>https://hl7.fr/ig/fhir/core/CodeSystem/fr-core-cs-discipline-prestation</code></a><span title="La version nest pas explicitement indiquée, ce qui signifie quelle est fixée à la version fournie dans cette spécification"> version 📦2.2.0-ballot</span></li></ul></div></text><url value="https://hl7.fr/ig/fhir/core/ValueSet/fr-core-vs-discipline-prestation"/><version value="2.2.0-ballot"/><name value="FRCoreValueSetDisciplinePrestation"/><title value="FR Core ValueSet Organization Discipline de prestation - nomenclature SAE"/><status value="active"/><experimental value="false"/><date value="2026-01-22T13:05:19+00:00"/><publisher value="Interop'Santé"/><contact><name value="Interop'Santé"/><telecom><system value="url"/><value value="http://interopsante.org/"/></telecom></contact><contact><name value="InteropSanté"/><telecom><system value="email"/><value value="fhir@interopsante.org"/><use value="work"/></telecom></contact><description value="Valeurs permettant de coder les disciplines de prestation."/><jurisdiction><coding><system value="urn:iso:std:iso:3166"/><code value="FR"/><display value="France"/></coding></jurisdiction><compose><include><system value="https://hl7.fr/ig/fhir/core/CodeSystem/fr-core-cs-discipline-prestation"/></include></compose></ValueSet>