<?xml version="1.0" encoding="UTF-8"?><CodeSystem xmlns="http://hl7.org/fhir"><id value="fr-core-cs-location-position-room"/><meta><profile value="http://hl7.org/fhir/StructureDefinition/shareablecodesystem"/></meta><text><status value="generated"/><div xmlns="http://www.w3.org/1999/xhtml"><p class="res-header-id"><b>Narratif généré : CodeSystem fr-core-cs-location-position-room</b></p><a name="fr-core-cs-location-position-room"> </a><a name="hcfr-core-cs-location-position-room"> </a><div style="display: inline-block; background-color: #d9e0e7; padding: 6px; margin: 4px; border: 1px solid #8da1b4; border-radius: 5px; line-height: 60%"><p style="margin-bottom: 0px"/><p style="margin-bottom: 0px">Profil: <a href="http://hl7.org/fhir/R4/shareablecodesystem.html">Shareable CodeSystem</a></p></div><p>This case-sensitive code system <code>https://hl7.fr/ig/fhir/core/CodeSystem/fr-core-cs-location-position-room</code> defines the following codes:</p><table class="codes"><tr><td style="white-space:nowrap"><b>Code</b></td><td><b>Display</b></td><td><b>Définition</b></td></tr><tr><td style="white-space:nowrap">FNTR<a name="fr-core-cs-location-position-room-FNTR"> </a></td><td>Coté fenetre</td><td>Coté fenetre</td></tr><tr><td style="white-space:nowrap">CLR<a name="fr-core-cs-location-position-room-CLR"> </a></td><td>coté couloir</td><td>coté couloir</td></tr><tr><td style="white-space:nowrap">ML<a name="fr-core-cs-location-position-room-ML"> </a></td><td>au mileu de la chambre</td><td>au mileu de la chambre</td></tr></table></div></text><url value="https://hl7.fr/ig/fhir/core/CodeSystem/fr-core-cs-location-position-room"/><version value="2.2.0-ballot"/><name value="FRCoreCodeSystemLocationPositionRoom"/><title value="FR Core CodeSystem Location Position Room"/><status value="draft"/><experimental value="false"/><date value="2025-11-14T08:50:36+00:00"/><publisher value="Interop'Santé"/><contact><name value="Interop'Santé"/><telecom><system value="url"/><value value="http://interopsante.org/"/></telecom></contact><contact><name value="InteropSanté"/><telecom><system value="email"/><value value="fhir@interopsante.org"/><use value="work"/></telecom></contact><description value="Location position room"/><jurisdiction><coding><system value="urn:iso:std:iso:3166"/><code value="FR"/><display value="France"/></coding></jurisdiction><caseSensitive value="true"/><content value="complete"/><count value="3"/><concept><code value="FNTR"/><display value="Coté fenetre"/><definition value="Coté fenetre"/><designation><use><system value="http://terminology.hl7.org/CodeSystem/hl7TermMaintInfra"/><code value="preferredForLanguage"/></use><value value="Coté fenetre"/></designation></concept><concept><code value="CLR"/><display value="coté couloir"/><definition value="coté couloir"/><designation><use><system value="http://terminology.hl7.org/CodeSystem/hl7TermMaintInfra"/><code value="preferredForLanguage"/></use><value value="coté couloir"/></designation></concept><concept><code value="ML"/><display value="au mileu de la chambre"/><definition value="au mileu de la chambre"/><designation><use><system value="http://terminology.hl7.org/CodeSystem/hl7TermMaintInfra"/><code value="preferredForLanguage"/></use><value value="au mileu de la chambre"/></designation></concept></CodeSystem>