<?xml version="1.0" encoding="UTF-8"?><ValueSet xmlns="http://hl7.org/fhir"><id value="fr-core-vs-location-physical-type"/><meta><profile value="http://hl7.org/fhir/StructureDefinition/shareablevalueset"/></meta><text><status value="extensions"/><div xmlns="http://www.w3.org/1999/xhtml"><p class="res-header-id"><b>Narratif généré : EnsembleValeurs fr-core-vs-location-physical-type</b></p><a name="fr-core-vs-location-physical-type"> </a><a name="hcfr-core-vs-location-physical-type"> </a><div style="display: inline-block; background-color: #d9e0e7; padding: 6px; margin: 4px; border: 1px solid #8da1b4; border-radius: 5px; line-height: 60%"><p style="margin-bottom: 0px"/><p style="margin-bottom: 0px">Profil: <a href="http://hl7.org/fhir/R4/shareablevalueset.html">Shareable ValueSet</a></p></div><ul><li>Include ce(s) code(s) tel quil(s) est (sont) défini(s) dans <a href="CodeSystem-fr-core-cs-location-physical-type.html"><code>https://hl7.fr/ig/fhir/core/CodeSystem/fr-core-cs-location-physical-type</code></a><span title="Version is not explicitly stated, which means it is fixed to the version provided in this specification"> version 📦2.2.0-ballot</span><table class="none"><tr><td style="white-space:nowrap"><b>Code</b></td><td><b>Display</b></td><td><b>Définition</b></td></tr><tr><td><a href="CodeSystem-fr-core-cs-location-physical-type.html#fr-core-cs-location-physical-type-FTL">FTL</a></td><td>Emplacement fauteuil</td><td>Emplacement fauteuil</td></tr><tr><td><a href="CodeSystem-fr-core-cs-location-physical-type.html#fr-core-cs-location-physical-type-BTMNT">BTMNT</a></td><td>Bâtiment</td><td>Bâtiment</td></tr><tr><td><a href="CodeSystem-fr-core-cs-location-physical-type.html#fr-core-cs-location-physical-type-L">L</a></td><td>Lieu non spécifié</td><td>Lieu non spécifié</td></tr><tr><td><a href="CodeSystem-fr-core-cs-location-physical-type.html#fr-core-cs-location-physical-type-ETG">ETG</a></td><td>Etage</td><td>Etage</td></tr><tr><td><a href="CodeSystem-fr-core-cs-location-physical-type.html#fr-core-cs-location-physical-type-AL">AL</a></td><td>Aile</td><td>Aile</td></tr><tr><td><a href="CodeSystem-fr-core-cs-location-physical-type.html#fr-core-cs-location-physical-type-CLR">CLR</a></td><td>Couloir</td><td>Couloir</td></tr><tr><td><a href="CodeSystem-fr-core-cs-location-physical-type.html#fr-core-cs-location-physical-type-R">R</a></td><td>Chambre</td><td>Chambre</td></tr><tr><td><a href="CodeSystem-fr-core-cs-location-physical-type.html#fr-core-cs-location-physical-type-BX">BX</a></td><td>Box</td><td>Box</td></tr><tr><td><a href="CodeSystem-fr-core-cs-location-physical-type.html#fr-core-cs-location-physical-type-PT">PT</a></td><td>Point</td><td>Point</td></tr><tr><td><a href="CodeSystem-fr-core-cs-location-physical-type.html#fr-core-cs-location-physical-type-B">B</a></td><td>Emplacement lit</td><td>Emplacement lit</td></tr><tr><td><a href="CodeSystem-fr-core-cs-location-physical-type.html#fr-core-cs-location-physical-type-BLC">BLC</a></td><td>Bloc</td><td>Bloc</td></tr><tr><td><a href="CodeSystem-fr-core-cs-location-physical-type.html#fr-core-cs-location-physical-type-BR">BR</a></td><td>Bureau</td><td>Bureau</td></tr></table></li></ul></div></text><extension url="http://hl7.org/fhir/StructureDefinition/valueset-warning"><valueMarkdown value="Types are for general categories of identifiers. See [the identifier registry](identifier-registry.html) for a list of common identifier systems"/></extension><extension url="http://hl7.org/fhir/StructureDefinition/structuredefinition-standards-status"><valueCode value="informative"/></extension><extension url="http://hl7.org/fhir/StructureDefinition/structuredefinition-fmm"><valueInteger value="1"/></extension><extension url="http://hl7.org/fhir/StructureDefinition/structuredefinition-wg"><valueCode value="fhir"/></extension><url value="https://hl7.fr/ig/fhir/core/ValueSet/fr-core-vs-location-physical-type"/><version value="2.2.0-ballot"/><name value="FRCoreValueSetLocationPhysicalType"/><title value="FR Core ValueSet Location physical type"/><status value="active"/><experimental value="false"/><date value="2025-11-14T07:22:57+00:00"/><publisher value="Interop'Santé"/><contact><name value="Interop'Santé"/><telecom><system value="url"/><value value="http://interopsante.org/"/></telecom></contact><contact><name value="InteropSanté"/><telecom><system value="email"/><value value="fhir@interopsante.org"/><use value="work"/></telecom></contact><description value="Types de lieux physiques pour la France.&#xD;&#xA;French location physical type"/><jurisdiction><coding><system value="urn:iso:std:iso:3166"/><code value="FR"/><display value="France"/></coding></jurisdiction><compose><include><system value="https://hl7.fr/ig/fhir/core/CodeSystem/fr-core-cs-location-physical-type"/><concept><code value="FTL"/><display value="Emplacement fauteuil"/></concept><concept><code value="BTMNT"/><display value="Bâtiment"/></concept><concept><code value="L"/><display value="Lieu non spécifié"/></concept><concept><code value="ETG"/><display value="Etage"/></concept><concept><code value="AL"/><display value="Aile"/></concept><concept><code value="CLR"/><display value="Couloir"/></concept><concept><code value="R"/><display value="Chambre"/></concept><concept><code value="BX"/><display value="Box"/></concept><concept><code value="PT"/><display value="Point"/></concept><concept><code value="B"/><display value="Emplacement lit"/></concept><concept><code value="BLC"/><display value="Bloc"/></concept><concept><code value="BR"/><display value="Bureau"/></concept></include></compose></ValueSet>