<?xml version="1.0" encoding="UTF-8"?><ValueSet xmlns="http://hl7.org/fhir"><id value="fr-core-vs-availability-time-rule"/><meta><profile value="http://hl7.org/fhir/StructureDefinition/shareablevalueset|4.0.1"/></meta><text><status value="generated"/><div xmlns="http://www.w3.org/1999/xhtml"><p class="res-header-id"><b>Narratif généré : EnsembleValeurs fr-core-vs-availability-time-rule</b></p><a name="fr-core-vs-availability-time-rule"> </a><a name="hcfr-core-vs-availability-time-rule"> </a><div style="display: inline-block; background-color: #d9e0e7; padding: 6px; margin: 4px; border: 1px solid #8da1b4; border-radius: 5px; line-height: 60%"><p style="margin-bottom: 0px"/><p style="margin-bottom: 0px">Profil: <a href="http://hl7.org/fhir/R4/shareablevalueset.html">Shareable ValueSetversion : null4.0.1)</a></p></div><ul><li>Include ce(s) code(s) tel quil(s) est (sont) défini(s) dans <code>https://www.ietf.org/rfc/rfc2445</code><span title="La version nest pas explicitement indiquée. Aucun {0} correspondant trouvé"> version Non précisé (utilise la dernière version provenant du serveur de terminologie)</span><table class="none"><tr><td style="white-space:nowrap"><b>Code</b></td><td><b>Affichage</b></td></tr><tr><td>SECONDLY</td><td>Par seconde</td></tr><tr><td>MINUTELY</td><td>Par minute</td></tr><tr><td>HOURLY</td><td>Par heure</td></tr><tr><td>DAILY</td><td>Par jour</td></tr><tr><td>WEEKLY</td><td>Par semaine</td></tr><tr><td>MONTHLY</td><td>Par mois</td></tr><tr><td>YEARLY</td><td>Par an</td></tr></table></li></ul></div></text><extension url="http://hl7.org/fhir/StructureDefinition/valueset-warning"><valueMarkdown value="Availability Time Rule"/></extension><extension url="http://hl7.org/fhir/StructureDefinition/structuredefinition-standards-status"><valueCode value="informative"/></extension><extension url="http://hl7.org/fhir/StructureDefinition/structuredefinition-fmm"><valueInteger value="1"/></extension><extension url="http://hl7.org/fhir/StructureDefinition/structuredefinition-wg"><valueCode value="fhir"/></extension><url value="https://hl7.fr/ig/fhir/core/ValueSet/fr-core-vs-availability-time-rule"/><version value="2.2.0-ballot"/><name value="FRCoreValueSetAvailabilityTimeRule"/><title value="FR Core ValueSet Availability Schedule"/><status value="active"/><experimental value="false"/><date value="2025-12-05T08:32:19+00:00"/><publisher value="Interop'Santé"/><contact><name value="Interop'Santé"/><telecom><system value="url"/><value value="http://interopsante.org/"/></telecom></contact><contact><name value="InteropSanté"/><telecom><system value="email"/><value value="fhir@interopsante.org"/><use value="work"/></telecom></contact><description value="Spécifications des périodes récurrentes.&#xD;&#xA;Specification of the recurrent periods "/><jurisdiction><coding><system value="urn:iso:std:iso:3166"/><code value="FR"/><display value="France"/></coding></jurisdiction><compose><include><system value="https://www.ietf.org/rfc/rfc2445"/><concept><code value="SECONDLY"/><display value="Par seconde"/></concept><concept><code value="MINUTELY"/><display value="Par minute"/></concept><concept><code value="HOURLY"/><display value="Par heure"/></concept><concept><code value="DAILY"/><display value="Par jour"/></concept><concept><code value="WEEKLY"/><display value="Par semaine"/></concept><concept><code value="MONTHLY"/><display value="Par mois"/></concept><concept><code value="YEARLY"/><display value="Par an"/></concept></include></compose></ValueSet>