<?xml version="1.0" encoding="UTF-8"?><CodeSystem xmlns="http://hl7.org/fhir"><id value="fr-core-cs-type-activite"/><meta><profile value="http://hl7.org/fhir/StructureDefinition/shareablecodesystem|4.0.1"/></meta><text><status value="generated"/><div xmlns="http://www.w3.org/1999/xhtml"><p class="res-header-id"><b>Narratif généré : CodeSystem fr-core-cs-type-activite</b></p><a name="fr-core-cs-type-activite"> </a><a name="hcfr-core-cs-type-activite"> </a><div style="display: inline-block; background-color: #d9e0e7; padding: 6px; margin: 4px; border: 1px solid #8da1b4; border-radius: 5px; line-height: 60%"><p style="margin-bottom: 0px"/><p style="margin-bottom: 0px">Profil: <a href="http://hl7.org/fhir/R4/shareablecodesystem.html">Shareable CodeSystemversion : null4.0.1)</a></p></div><p>This case-sensitive code system <code>https://hl7.fr/ig/fhir/core/CodeSystem/fr-core-cs-type-activite</code> defines the following codes:</p><table class="codes"><tr><td style="white-space:nowrap"><b>Code</b></td><td><b>Affichage</b></td></tr><tr><td style="white-space:nowrap">01<a name="fr-core-cs-type-activite-01"> </a></td><td>Administration</td></tr><tr><td style="white-space:nowrap">02<a name="fr-core-cs-type-activite-02"> </a></td><td>Services hôteliers et techniques</td></tr><tr><td style="white-space:nowrap">03<a name="fr-core-cs-type-activite-03"> </a></td><td>Hospitalisation complète (non compris hospitalisation de semaine)</td></tr><tr><td style="white-space:nowrap">04<a name="fr-core-cs-type-activite-04"> </a></td><td>Hospitalisation de jour</td></tr><tr><td style="white-space:nowrap">05<a name="fr-core-cs-type-activite-05"> </a></td><td>Hospitalisation de nuit</td></tr><tr><td style="white-space:nowrap">06<a name="fr-core-cs-type-activite-06"> </a></td><td>Hospitalisation à domicile</td></tr><tr><td style="white-space:nowrap">07<a name="fr-core-cs-type-activite-07"> </a></td><td>Consultations, soins externes</td></tr><tr><td style="white-space:nowrap">08<a name="fr-core-cs-type-activite-08"> </a></td><td>Bloc opératoire (y compris obstétrical et gynécologique)</td></tr><tr><td style="white-space:nowrap">09<a name="fr-core-cs-type-activite-09"> </a></td><td>Autres unités médico-techniques (anesthésiologie, explorations fonctionnelles, rééducation et réadaptation fonctionnelles, pharmacie)</td></tr><tr><td style="white-space:nowrap">10<a name="fr-core-cs-type-activite-10"> </a></td><td>Accueil des urgences</td></tr><tr><td style="white-space:nowrap">11<a name="fr-core-cs-type-activite-11"> </a></td><td>Hébergement complet ou internat (non compris internat de semaine)</td></tr><tr><td style="white-space:nowrap">12<a name="fr-core-cs-type-activite-12"> </a></td><td>Hébergement de nuit en structure regroupée</td></tr><tr><td style="white-space:nowrap">13<a name="fr-core-cs-type-activite-13"> </a></td><td>Semi-internat</td></tr><tr><td style="white-space:nowrap">14<a name="fr-core-cs-type-activite-14"> </a></td><td>Externat</td></tr><tr><td style="white-space:nowrap">15<a name="fr-core-cs-type-activite-15"> </a></td><td>Placement en famille d'accueil (strictement social)</td></tr><tr><td style="white-space:nowrap">16<a name="fr-core-cs-type-activite-16"> </a></td><td>Prestations sur le lieu de vie (non compris placement familial)</td></tr><tr><td style="white-space:nowrap">17<a name="fr-core-cs-type-activite-17"> </a></td><td>Internat de semaine</td></tr><tr><td style="white-space:nowrap">18<a name="fr-core-cs-type-activite-18"> </a></td><td>Hébergement de nuit en structure éclatée</td></tr><tr><td style="white-space:nowrap">19<a name="fr-core-cs-type-activite-19"> </a></td><td>Traitements et cures ambulatoires</td></tr><tr><td style="white-space:nowrap">20<a name="fr-core-cs-type-activite-20"> </a></td><td>Hospitalisation de semaine</td></tr><tr><td style="white-space:nowrap">21<a name="fr-core-cs-type-activite-21"> </a></td><td>Accueil de jour</td></tr><tr><td style="white-space:nowrap">23<a name="fr-core-cs-type-activite-23"> </a></td><td>Anesthésie ou chirurgie ambulatoires</td></tr><tr><td style="white-space:nowrap">24<a name="fr-core-cs-type-activite-24"> </a></td><td>Accueil et prise en charge en service d'accueil familial thérapeutique psychiatrique</td></tr><tr><td style="white-space:nowrap">25<a name="fr-core-cs-type-activite-25"> </a></td><td>Hébergement temporaire de week-end ou de vacances</td></tr><tr><td style="white-space:nowrap">26<a name="fr-core-cs-type-activite-26"> </a></td><td>Analyses médicales biologiques</td></tr><tr><td style="white-space:nowrap">28<a name="fr-core-cs-type-activite-28"> </a></td><td>Consultations dentaires et soins dentaires</td></tr><tr><td style="white-space:nowrap">30<a name="fr-core-cs-type-activite-30"> </a></td><td>Stockage d'organes et de produits humains</td></tr><tr><td style="white-space:nowrap">31<a name="fr-core-cs-type-activite-31"> </a></td><td>Transport de malades</td></tr><tr><td style="white-space:nowrap">32<a name="fr-core-cs-type-activite-32"> </a></td><td>Radiologie (radiodiagnostic et radiothérapie), imagerie médicale</td></tr><tr><td style="white-space:nowrap">33<a name="fr-core-cs-type-activite-33"> </a></td><td>Recherche</td></tr><tr><td style="white-space:nowrap">34<a name="fr-core-cs-type-activite-34"> </a></td><td>Enseignement</td></tr><tr><td style="white-space:nowrap">37<a name="fr-core-cs-type-activite-37"> </a></td><td>Accueil et prise en charge en appartement thérapeutique psychiatrique</td></tr><tr><td style="white-space:nowrap">38<a name="fr-core-cs-type-activite-38"> </a></td><td>Accueil et prise en charge en centre de postcure psychiatrique</td></tr><tr><td style="white-space:nowrap">39<a name="fr-core-cs-type-activite-39"> </a></td><td>Accueil et prise en charge en centre de crise psychiatrique</td></tr><tr><td style="white-space:nowrap">40<a name="fr-core-cs-type-activite-40"> </a></td><td>Commerce de détail des biens à usage médical</td></tr><tr><td style="white-space:nowrap">41<a name="fr-core-cs-type-activite-41"> </a></td><td>Commerce en gros de produits à usage médical ou vétérinaire</td></tr><tr><td style="white-space:nowrap">97<a name="fr-core-cs-type-activite-97"> </a></td><td>Activité non dénommée ailleurs</td></tr></table></div></text><url value="https://hl7.fr/ig/fhir/core/CodeSystem/fr-core-cs-type-activite"/><version value="2.2.0-ballot-2"/><name value="FRCoreCodeSystemTypeActivite"/><title value="FR Core CodeSystem Type d'activité - nomenclature SAE"/><status value="draft"/><experimental value="false"/><date value="2026-01-28T13:01:34+00:00"/><publisher value="Interop'Santé"/><contact><name value="Interop'Santé"/><telecom><system value="url"/><value value="http://interopsante.org"/></telecom></contact><contact><name value="InteropSanté"/><telecom><system value="email"/><value value="fhir@interopsante.org"/><use value="work"/></telecom></contact><description value="La nomenclature des types d'activité de la terminologie SAE (Statistique Annuelle des Etablissements de santé) maintenue par la DREES."/><jurisdiction><coding><system value="urn:iso:std:iso:3166"/><code value="FRA"/><display value="France"/></coding></jurisdiction><caseSensitive value="true"/><content value="complete"/><count value="37"/><concept><code value="01"/><display value="Administration"/><designation><use><system value="http://terminology.hl7.org/CodeSystem/hl7TermMaintInfra"/><code value="preferredForLanguage"/></use><value value="Administration"/></designation></concept><concept><code value="02"/><display value="Services hôteliers et techniques"/><designation><use><system value="http://terminology.hl7.org/CodeSystem/hl7TermMaintInfra"/><code value="preferredForLanguage"/></use><value value="Services hôteliers et techniques"/></designation></concept><concept><code value="03"/><display value="Hospitalisation complète (non compris hospitalisation de semaine)"/><designation><use><system value="http://terminology.hl7.org/CodeSystem/hl7TermMaintInfra"/><code value="preferredForLanguage"/></use><value value="Hospitalisation complète (non compris hospitalisation de semaine)"/></designation></concept><concept><code value="04"/><display value="Hospitalisation de jour"/><designation><use><system value="http://terminology.hl7.org/CodeSystem/hl7TermMaintInfra"/><code value="preferredForLanguage"/></use><value value="Hospitalisation de jour"/></designation></concept><concept><code value="05"/><display value="Hospitalisation de nuit"/><designation><use><system value="http://terminology.hl7.org/CodeSystem/hl7TermMaintInfra"/><code value="preferredForLanguage"/></use><value value="Hospitalisation de nuit"/></designation></concept><concept><code value="06"/><display value="Hospitalisation à domicile"/><designation><use><system value="http://terminology.hl7.org/CodeSystem/hl7TermMaintInfra"/><code value="preferredForLanguage"/></use><value value="Hospitalisation à domicile"/></designation></concept><concept><code value="07"/><display value="Consultations, soins externes"/><designation><use><system value="http://terminology.hl7.org/CodeSystem/hl7TermMaintInfra"/><code value="preferredForLanguage"/></use><value value="Consultations, soins externes"/></designation></concept><concept><code value="08"/><display value="Bloc opératoire (y compris obstétrical et gynécologique)"/><designation><use><system value="http://terminology.hl7.org/CodeSystem/hl7TermMaintInfra"/><code value="preferredForLanguage"/></use><value value="Bloc opératoire (y compris obstétrical et gynécologique)"/></designation></concept><concept><code value="09"/><display value="Autres unités médico-techniques (anesthésiologie, explorations fonctionnelles, rééducation et réadaptation fonctionnelles, pharmacie)"/><designation><use><system value="http://terminology.hl7.org/CodeSystem/hl7TermMaintInfra"/><code value="preferredForLanguage"/></use><value value="Autres unités médico-techniques (anesthésiologie, explorations fonctionnelles, rééducation et réadaptation fonctionnelles, pharmacie)"/></designation></concept><concept><code value="10"/><display value="Accueil des urgences"/><designation><use><system value="http://terminology.hl7.org/CodeSystem/hl7TermMaintInfra"/><code value="preferredForLanguage"/></use><value value="Accueil des urgences"/></designation></concept><concept><code value="11"/><display value="Hébergement complet ou internat (non compris internat de semaine)"/><designation><use><system value="http://terminology.hl7.org/CodeSystem/hl7TermMaintInfra"/><code value="preferredForLanguage"/></use><value value="Hébergement complet ou internat (non compris internat de semaine)"/></designation></concept><concept><code value="12"/><display value="Hébergement de nuit en structure regroupée"/><designation><use><system value="http://terminology.hl7.org/CodeSystem/hl7TermMaintInfra"/><code value="preferredForLanguage"/></use><value value="Hébergement de nuit en structure regroupée"/></designation></concept><concept><code value="13"/><display value="Semi-internat"/><designation><use><system value="http://terminology.hl7.org/CodeSystem/hl7TermMaintInfra"/><code value="preferredForLanguage"/></use><value value="Semi-internat"/></designation></concept><concept><code value="14"/><display value="Externat"/><designation><use><system value="http://terminology.hl7.org/CodeSystem/hl7TermMaintInfra"/><code value="preferredForLanguage"/></use><value value="Externat"/></designation></concept><concept><code value="15"/><display value="Placement en famille d'accueil (strictement social)"/><designation><use><system value="http://terminology.hl7.org/CodeSystem/hl7TermMaintInfra"/><code value="preferredForLanguage"/></use><value value="Placement en famille d'accueil (strictement social)"/></designation></concept><concept><code value="16"/><display value="Prestations sur le lieu de vie (non compris placement familial)"/><designation><use><system value="http://terminology.hl7.org/CodeSystem/hl7TermMaintInfra"/><code value="preferredForLanguage"/></use><value value="Prestations sur le lieu de vie (non compris placement familial)"/></designation></concept><concept><code value="17"/><display value="Internat de semaine"/><designation><use><system value="http://terminology.hl7.org/CodeSystem/hl7TermMaintInfra"/><code value="preferredForLanguage"/></use><value value="Internat de semaine"/></designation></concept><concept><code value="18"/><display value="Hébergement de nuit en structure éclatée"/><designation><use><system value="http://terminology.hl7.org/CodeSystem/hl7TermMaintInfra"/><code value="preferredForLanguage"/></use><value value="Hébergement de nuit en structure éclatée"/></designation></concept><concept><code value="19"/><display value="Traitements et cures ambulatoires"/><designation><use><system value="http://terminology.hl7.org/CodeSystem/hl7TermMaintInfra"/><code value="preferredForLanguage"/></use><value value="Traitements et cures ambulatoires"/></designation></concept><concept><code value="20"/><display value="Hospitalisation de semaine"/><designation><use><system value="http://terminology.hl7.org/CodeSystem/hl7TermMaintInfra"/><code value="preferredForLanguage"/></use><value value="Hospitalisation de semaine"/></designation></concept><concept><code value="21"/><display value="Accueil de jour"/><designation><use><system value="http://terminology.hl7.org/CodeSystem/hl7TermMaintInfra"/><code value="preferredForLanguage"/></use><value value="Accueil de jour"/></designation></concept><concept><code value="23"/><display value="Anesthésie ou chirurgie ambulatoires"/><designation><use><system value="http://terminology.hl7.org/CodeSystem/hl7TermMaintInfra"/><code value="preferredForLanguage"/></use><value value="Anesthésie ou chirurgie ambulatoires"/></designation></concept><concept><code value="24"/><display value="Accueil et prise en charge en service d'accueil familial thérapeutique psychiatrique"/><designation><use><system value="http://terminology.hl7.org/CodeSystem/hl7TermMaintInfra"/><code value="preferredForLanguage"/></use><value value="Accueil et prise en charge en service d'accueil familial thérapeutique psychiatrique"/></designation></concept><concept><code value="25"/><display value="Hébergement temporaire de week-end ou de vacances"/><designation><use><system value="http://terminology.hl7.org/CodeSystem/hl7TermMaintInfra"/><code value="preferredForLanguage"/></use><value value="Hébergement temporaire de week-end ou de vacances"/></designation></concept><concept><code value="26"/><display value="Analyses médicales biologiques"/><designation><use><system value="http://terminology.hl7.org/CodeSystem/hl7TermMaintInfra"/><code value="preferredForLanguage"/></use><value value="Analyses médicales biologiques"/></designation></concept><concept><code value="28"/><display value="Consultations dentaires et soins dentaires"/><designation><use><system value="http://terminology.hl7.org/CodeSystem/hl7TermMaintInfra"/><code value="preferredForLanguage"/></use><value value="Consultations dentaires et soins dentaires"/></designation></concept><concept><code value="30"/><display value="Stockage d'organes et de produits humains"/><designation><use><system value="http://terminology.hl7.org/CodeSystem/hl7TermMaintInfra"/><code value="preferredForLanguage"/></use><value value="Stockage d'organes et de produits humains"/></designation></concept><concept><code value="31"/><display value="Transport de malades"/><designation><use><system value="http://terminology.hl7.org/CodeSystem/hl7TermMaintInfra"/><code value="preferredForLanguage"/></use><value value="Transport de malades"/></designation></concept><concept><code value="32"/><display value="Radiologie (radiodiagnostic et radiothérapie), imagerie médicale"/><designation><use><system value="http://terminology.hl7.org/CodeSystem/hl7TermMaintInfra"/><code value="preferredForLanguage"/></use><value value="Radiologie (radiodiagnostic et radiothérapie), imagerie médicale"/></designation></concept><concept><code value="33"/><display value="Recherche"/><designation><use><system value="http://terminology.hl7.org/CodeSystem/hl7TermMaintInfra"/><code value="preferredForLanguage"/></use><value value="Recherche"/></designation></concept><concept><code value="34"/><display value="Enseignement"/><designation><use><system value="http://terminology.hl7.org/CodeSystem/hl7TermMaintInfra"/><code value="preferredForLanguage"/></use><value value="Enseignement"/></designation></concept><concept><code value="37"/><display value="Accueil et prise en charge en appartement thérapeutique psychiatrique"/><designation><use><system value="http://terminology.hl7.org/CodeSystem/hl7TermMaintInfra"/><code value="preferredForLanguage"/></use><value value="Accueil et prise en charge en appartement thérapeutique psychiatrique"/></designation></concept><concept><code value="38"/><display value="Accueil et prise en charge en centre de postcure psychiatrique"/><designation><use><system value="http://terminology.hl7.org/CodeSystem/hl7TermMaintInfra"/><code value="preferredForLanguage"/></use><value value="Accueil et prise en charge en centre de postcure psychiatrique"/></designation></concept><concept><code value="39"/><display value="Accueil et prise en charge en centre de crise psychiatrique"/><designation><use><system value="http://terminology.hl7.org/CodeSystem/hl7TermMaintInfra"/><code value="preferredForLanguage"/></use><value value="Accueil et prise en charge en centre de crise psychiatrique"/></designation></concept><concept><code value="40"/><display value="Commerce de détail des biens à usage médical"/><designation><use><system value="http://terminology.hl7.org/CodeSystem/hl7TermMaintInfra"/><code value="preferredForLanguage"/></use><value value="Commerce de détail des biens à usage médical"/></designation></concept><concept><code value="41"/><display value="Commerce en gros de produits à usage médical ou vétérinaire"/><designation><use><system value="http://terminology.hl7.org/CodeSystem/hl7TermMaintInfra"/><code value="preferredForLanguage"/></use><value value="Commerce en gros de produits à usage médical ou vétérinaire"/></designation></concept><concept><code value="97"/><display value="Activité non dénommée ailleurs"/><designation><use><system value="http://terminology.hl7.org/CodeSystem/hl7TermMaintInfra"/><code value="preferredForLanguage"/></use><value value="Activité non dénommée ailleurs"/></designation></concept></CodeSystem>