<?xml version="1.0" encoding="UTF-8"?><CodeSystem xmlns="http://hl7.org/fhir"><id value="fr-core-cs-location-type-chambre"/><meta><profile value="http://hl7.org/fhir/StructureDefinition/shareablecodesystem|4.0.1"/></meta><text><status value="generated"/><div xmlns="http://www.w3.org/1999/xhtml"><p class="res-header-id"><b>Narratif généré : CodeSystem fr-core-cs-location-type-chambre</b></p><a name="fr-core-cs-location-type-chambre"> </a><a name="hcfr-core-cs-location-type-chambre"> </a><div style="display: inline-block; background-color: #d9e0e7; padding: 6px; margin: 4px; border: 1px solid #8da1b4; border-radius: 5px; line-height: 60%"><p style="margin-bottom: 0px"/><p style="margin-bottom: 0px">Profil: <a href="http://hl7.org/fhir/R4/shareablecodesystem.html">Shareable CodeSystemversion : null4.0.1)</a></p></div><p>This case-sensitive code system <code>https://hl7.fr/ig/fhir/core/CodeSystem/fr-core-cs-location-type-chambre</code> defines the following codes:</p><table class="codes"><tr><td style="white-space:nowrap"><b>Code</b></td><td><b>Affichage</b></td></tr><tr><td style="white-space:nowrap">STD<a name="fr-core-cs-location-type-chambre-STD"> </a></td><td>Standard</td></tr><tr><td style="white-space:nowrap">PRSN_NGTV<a name="fr-core-cs-location-type-chambre-PRSN_NGTV"> </a></td><td>Pression négative</td></tr><tr><td style="white-space:nowrap">PRSN_PSTV<a name="fr-core-cs-location-type-chambre-PRSN_PSTV"> </a></td><td>Pression positive</td></tr><tr><td style="white-space:nowrap">CRCRL<a name="fr-core-cs-location-type-chambre-CRCRL"> </a></td><td>Carcéral</td></tr><tr><td style="white-space:nowrap">CPTN<a name="fr-core-cs-location-type-chambre-CPTN"> </a></td><td>Capitonné</td></tr></table></div></text><url value="https://hl7.fr/ig/fhir/core/CodeSystem/fr-core-cs-location-type-chambre"/><version value="2.2.0-ballot-2"/><name value="FRCoreCodeSystemTypeChambre"/><title value="FR Core CodeSystem Type Chambre"/><status value="active"/><experimental value="false"/><date value="2026-01-28T13:01:34+00:00"/><publisher value="Interop'Santé"/><contact><name value="Interop'Santé"/><telecom><system value="url"/><value value="http://interopsante.org"/></telecom></contact><contact><name value="InteropSanté"/><telecom><system value="email"/><value value="fhir@interopsante.org"/><use value="work"/></telecom></contact><description value="Type de chambre"/><jurisdiction><coding><system value="urn:iso:std:iso:3166"/><code value="FRA"/><display value="France"/></coding></jurisdiction><caseSensitive value="true"/><content value="complete"/><count value="5"/><concept><code value="STD"/><display value="Standard"/><designation><use><system value="http://terminology.hl7.org/CodeSystem/hl7TermMaintInfra"/><code value="preferredForLanguage"/></use><value value="Standard"/></designation></concept><concept><code value="PRSN_NGTV"/><display value="Pression négative"/><designation><use><system value="http://terminology.hl7.org/CodeSystem/hl7TermMaintInfra"/><code value="preferredForLanguage"/></use><value value="Pression négative"/></designation></concept><concept><code value="PRSN_PSTV"/><display value="Pression positive"/><designation><use><system value="http://terminology.hl7.org/CodeSystem/hl7TermMaintInfra"/><code value="preferredForLanguage"/></use><value value="Pression positive"/></designation></concept><concept><code value="CRCRL"/><display value="Carcéral"/><designation><use><system value="http://terminology.hl7.org/CodeSystem/hl7TermMaintInfra"/><code value="preferredForLanguage"/></use><value value="Carcéral"/></designation></concept><concept><code value="CPTN"/><display value="Capitonné"/><designation><use><system value="http://terminology.hl7.org/CodeSystem/hl7TermMaintInfra"/><code value="preferredForLanguage"/></use><value value="Capitonné"/></designation></concept></CodeSystem>