"Id","Path","Slice Name","Alias(s)","Label","Min","Max","Must Support?","Is Modifier?","Is Summary?","Type(s)","Short","Definition","Comments","Requirements","Default Value","Meaning When Missing","Fixed Value","Pattern","Example","Minimum Value","Maximum Value","Maximum Length","Binding Strength","Binding Description","Binding Value Set","Code","Slicing Discriminator","Slicing Description","Slicing Ordered","Slicing Rules","Base Path","Base Min","Base Max","Condition(s)","Constraint(s)","Mapping: RIM Mapping","Mapping: Open EHR Archetype Mapping","Mapping: FiveWs Pattern Mapping","Mapping: HL7 v2 Mapping"
"BodyStructure","BodyStructure","","anatomical location
","",0,*,"","","","null {[]} {[]}
","Specific and identified anatomical structure","Record details about an anatomical structure.  This resource may be used when a coded concept does not provide the necessary detail needed for the use case.","","","","","","","","","",,,,,"",,,,"BodyStructure",0,*,"","dom-2:If the resource is contained in another resource, it SHALL NOT contain nested Resources {contained.contained.empty()}
dom-3:If the resource is contained in another resource, it SHALL be referred to from elsewhere in the resource or SHALL refer to the containing resource {contained.where((('#'+id in (%resource.descendants().reference | %resource.descendants().as(canonical) | %resource.descendants().as(uri) | %resource.descendants().as(url))) or descendants().where(reference = '#').exists() or descendants().where(as(canonical) = '#').exists() or descendants().where(as(canonical) = '#').exists()).not()).trace('unmatched', id).empty()}dom-4:If a resource is contained in another resource, it SHALL NOT have a meta.versionId or a meta.lastUpdated {contained.meta.versionId.empty() and contained.meta.lastUpdated.empty()}dom-5:If a resource is contained in another resource, it SHALL NOT have a security label {contained.meta.security.empty()}dom-6:A resource should have narrative for robust management {text.`div`.exists()}","Entity. Role, or Act","ActSIte","Archetype ID   openEHR-EHR-CLUSTER.anatomical_location.v1      Concept name   Anatomical Location      Concept description   Record details about an anatomical location.      Keywords   location, site, anatomical      Copyright   © openEHR Foundation      Purpose   To record details about anatomical location.      Misuse   Not for specifiying unilateral/bilateral occurrence - this is related to an evaluation which perhaps includes multiple locations.      Author   Author name: Heather Leslie Organization: Ocean Informatics Email: heather.leslie@oceaninformatics.com Date of Origination: 2008-11-10       Translator   Norwegian Bokmål: Lars Bitsch-Larsen, Haukeland University Hospital of Bergen, Norway, MD, DEAA, MBA, spec in anesthesia, spec in tropical medicine. Arabic (Syria): Mona Saleh       Other contributors   Heather Leslie, Ocean Informatics, Australia (Editor) Ian McNicoll, freshEHR Clinical Informatics, United Kingdom (Editor) Dunmail Hodkinson, Black Pear Software Ltd, UK      References   Use cases: - 5LICS, midclavicular line - L forearm, 2cm anterior to the cubital fossa - Right iliac fossa - 5 cm below L tibial tuberosity - 2 cm medial to R nipple - 4 cm below R costal margin in midclavicular line - R femur - midline nose - medial aspect of R great toe nail."
"BodyStructure.id","BodyStructure.id","","","",0,1,"","","Y","id {[]} {[]}
","Logical id of this artifact","The logical id of the resource, as used in the URL for the resource. Once assigned, this value never changes.","The only time that a resource does not have an id is when it is being submitted to the server using a create operation.","","","","","","","","",,,,,"",,,,"Resource.id",0,1,"",""
"BodyStructure.meta","BodyStructure.meta","","","",0,1,"","","Y","Meta {[]} {[]}
","Metadata about the resource","The metadata about the resource. This is content that is maintained by the infrastructure. Changes to the content might not always be associated with version changes to the resource.","","","","","","","","","",,,,,"",,,,"Resource.meta",0,1,"","ele-1:All FHIR elements must have a @value or children {hasValue() or (children().count() > id.count())}
"
"BodyStructure.implicitRules","BodyStructure.implicitRules","","","",0,1,"","Y","Y","uri {[]} {[]}
","A set of rules under which this content was created","A reference to a set of rules that were followed when the resource was constructed, and which must be understood when processing the content. Often, this is a reference to an implementation guide that defines the special rules along with other profiles etc.","Asserting this rule set restricts the content to be only understood by a limited set of trading partners. This inherently limits the usefulness of the data in the long term. However, the existing health eco-system is highly fractured, and not yet ready to define, collect, and exchange data in a generally computable sense. Wherever possible, implementers and/or specification writers should avoid using this element. Often, when used, the URL is a reference to an implementation guide that defines these special rules as part of it's narrative along with other profiles, value sets, etc.","","","","","","","","",,,,,"",,,,"Resource.implicitRules",0,1,"","ele-1:All FHIR elements must have a @value or children {hasValue() or (children().count() > id.count())}
"
"BodyStructure.language","BodyStructure.language","","","",0,1,"","","","code {[]} {[]}
","Language of the resource content","The base language in which the resource is written.","Language is provided to support indexing and accessibility (typically, services such as text to speech use the language tag). The html language tag in the narrative applies  to the narrative. The language tag on the resource may be used to specify the language of other presentations generated from the data in the resource. Not all the content has to be in the base language. The Resource.language should not be assumed to apply to the narrative automatically. If a language is specified, it should it also be specified on the div element in the html (see rules in HTML5 for information about the relationship between xml:lang and the html lang attribute).","","","","","","","","",,"preferred","A human language.","http://hl7.org/fhir/ValueSet/languages|4.0.1","",,,,"Resource.language",0,1,"","ele-1:All FHIR elements must have a @value or children {hasValue() or (children().count() > id.count())}
"
"BodyStructure.text","BodyStructure.text","","narrative
htmlxhtmldisplay","",0,1,"","","","Narrative {[]} {[]}
","Textual description of the body structure","A human-readable narrative that contains a summary of the resource and can be used to represent the content of the resource to a human. The narrative need not encode all the structured data, but is required to contain sufficient detail to make it ""clinically safe"" for a human to just read the narrative. Resource definitions may define what content should be represented in the narrative to ensure clinical safety.","Contained resources do not have narrative. Resources that are not contained SHOULD have a narrative. In some cases, a resource may only have text with little or no additional discrete data (as long as all minOccurs=1 elements are satisfied).  This may be necessary for data from legacy systems where information is captured as a ""text blob"" or where text is additionally entered raw or narrated and encoded information is added later.","","","","","","","","",,,,,"",,,,"DomainResource.text",0,1,"","ele-1:All FHIR elements must have a @value or children {hasValue() or (children().count() > id.count())}
","Act.text?"
"BodyStructure.contained","BodyStructure.contained","","inline resources
anonymous resourcescontained resources","",0,*,"","","","Resource {[]} {[]}
","Contained, inline Resources","These resources do not have an independent existence apart from the resource that contains them - they cannot be identified independently, and nor can they have their own independent transaction scope.","This should never be done when the content can be identified properly, as once identification is lost, it is extremely difficult (and context dependent) to restore it again. Contained resources may have profiles and tags In their meta elements, but SHALL NOT have security labels.","","","","","","","","",,,,,"",,,,"DomainResource.contained",0,*,"","","N/A"
"BodyStructure.extension","BodyStructure.extension","","","",0,*,"","","","Extension {[]} {[]}
","Extension","An Extension","","","","","","","","","",,,,,"","value:url}
","",,"open","DomainResource.extension",0,*,"","ele-1:All FHIR elements must have a @value or children {hasValue() or (children().count() > id.count())}
ext-1:Must have either extensions or value[x], not both {extension.exists() != value.exists()}"
"BodyStructure.extension:includedStructure","BodyStructure.extension","includedStructure","","",0,*,"","","","Extension {[CanonicalType[http://hl7.org/fhir/5.0/StructureDefinition/extension-BodyStructure.includedStructure|0.1.0]]} {[]}
","R5: Included anatomic location(s) (new)","R5: `BodyStructure.includedStructure` (new:BackboneElement)","Element `BodyStructure.includedStructure` has a context of BodyStructure based on following the parent source element upwards and mapping to `BodyStructure`.
Element `BodyStructure.includedStructure` has no mapping targets in FHIR R4. Typically, this is because the element has been added (is a new element).","","","","","","","","",,,,,"",,,,"DomainResource.extension",0,*,"ele-1
","ele-1:All FHIR elements must have a @value or children {hasValue() or (children().count() > id.count())}
ext-1:Must have either extensions or value[x], not both {extension.exists() != value.exists()}"
"BodyStructure.extension:includedStructure.id","BodyStructure.extension.id","","","",0,1,"","","","string {[]} {[]}
","Unique id for inter-element referencing","Unique id for the element within a resource (for internal references). This may be any string value that does not contain spaces.","","","","","","","","","",,,,,"",,,,"Element.id",0,1,"","","n/a"
"BodyStructure.extension:includedStructure.extension","BodyStructure.extension.extension","","","",1,*,"","","","Extension {[]} {[]}
","Extension","An Extension","","","","","","","","","",,,,,"","value:url}
","Extensions are always sliced by (at least) url",,"open","Element.extension",0,*,"","ele-1:All FHIR elements must have a @value or children {hasValue() or (children().count() > id.count())}
ext-1:Must have either extensions or value[x], not both {extension.exists() != value.exists()}"
"BodyStructure.extension:includedStructure.extension:structure","BodyStructure.extension.extension","structure","","",1,1,"","","","Extension {[]} {[]}
","Localisation anatomique ou voie d'abord","An Extension","","","","","","","","","",,,,,"",,,,"Element.extension",0,*,"","ele-1:All FHIR elements must have a @value or children {hasValue() or (children().count() > id.count())}
ext-1:Must have either extensions or value[x], not both {extension.exists() != value.exists()}"
"BodyStructure.extension:includedStructure.extension:structure.id","BodyStructure.extension.extension.id","","","",0,1,"","","","string {[]} {[]}
","Unique id for inter-element referencing","Unique id for the element within a resource (for internal references). This may be any string value that does not contain spaces.","","","","","","","","","",,,,,"",,,,"Element.id",0,1,"","","n/a"
"BodyStructure.extension:includedStructure.extension:structure.extension","BodyStructure.extension.extension.extension","","","",0,0,"","","","Extension {[]} {[]}
","Extension","An Extension","","","","","","","","","",,,,,"","value:url}
","Extensions are always sliced by (at least) url",,"open","Element.extension",0,*,"","ele-1:All FHIR elements must have a @value or children {hasValue() or (children().count() > id.count())}
ext-1:Must have either extensions or value[x], not both {extension.exists() != value.exists()}"
"BodyStructure.extension:includedStructure.extension:structure.url","BodyStructure.extension.extension.url","","","",1,1,"","","","uri {[]} {[]}
","identifies the meaning of the extension","Source of the definition for the extension code - a logical name or a URL.","The definition may point directly to a computable or human-readable definition of the extensibility codes, or it may be a logical URI as declared in some other specification. The definition SHALL be a URI for the Structure Definition defining the extension.","","","","<valueUri xmlns=""http://hl7.org/fhir"" value=""structure""/>","","","","",,,,,"",,,,"Extension.url",1,1,"","","N/A"
"BodyStructure.extension:includedStructure.extension:structure.value[x]","BodyStructure.extension.extension.value[x]","","","",1,1,"","","","CodeableConcept {[]} {[]}
","Code that represents the included structure","Code that represents the included structure.","","","","","","","","","",,"extensible","","https://hl7.fr/ig/fhir/core/ValueSet/fr-core-vs-body-structure-location|2.2.0","",,,,"Extension.value[x]",0,1,"","ele-1:All FHIR elements must have a @value or children {hasValue() or (children().count() > id.count())}
","N/A"
"BodyStructure.extension:includedStructure.extension:laterality","BodyStructure.extension.extension","laterality","","",0,1,"","","","Extension {[]} {[]}
","Extension","An Extension","","","","","","","","","",,,,,"",,,,"Element.extension",0,*,"","ele-1:All FHIR elements must have a @value or children {hasValue() or (children().count() > id.count())}
ext-1:Must have either extensions or value[x], not both {extension.exists() != value.exists()}"
"BodyStructure.extension:includedStructure.extension:laterality.id","BodyStructure.extension.extension.id","","","",0,1,"","","","string {[]} {[]}
","Unique id for inter-element referencing","Unique id for the element within a resource (for internal references). This may be any string value that does not contain spaces.","","","","","","","","","",,,,,"",,,,"Element.id",0,1,"","","n/a"
"BodyStructure.extension:includedStructure.extension:laterality.extension","BodyStructure.extension.extension.extension","","","",0,0,"","","","Extension {[]} {[]}
","Extension","An Extension","","","","","","","","","",,,,,"","value:url}
","Extensions are always sliced by (at least) url",,"open","Element.extension",0,*,"","ele-1:All FHIR elements must have a @value or children {hasValue() or (children().count() > id.count())}
ext-1:Must have either extensions or value[x], not both {extension.exists() != value.exists()}"
"BodyStructure.extension:includedStructure.extension:laterality.url","BodyStructure.extension.extension.url","","","",1,1,"","","","uri {[]} {[]}
","identifies the meaning of the extension","Source of the definition for the extension code - a logical name or a URL.","The definition may point directly to a computable or human-readable definition of the extensibility codes, or it may be a logical URI as declared in some other specification. The definition SHALL be a URI for the Structure Definition defining the extension.","","","","<valueUri xmlns=""http://hl7.org/fhir"" value=""laterality""/>","","","","",,,,,"",,,,"Extension.url",1,1,"","","N/A"
"BodyStructure.extension:includedStructure.extension:laterality.value[x]","BodyStructure.extension.extension.value[x]","","","",0,1,"","","","CodeableConcept {[]} {[]}
","Code that represents the included structure laterality","Code that represents the included structure laterality.","","","","","","","","","",,"preferred","","http://hl7.eu/fhir/base/ValueSet/siteLaterality-eu|2.0.0","",,,,"Extension.value[x]",0,1,"","ele-1:All FHIR elements must have a @value or children {hasValue() or (children().count() > id.count())}
","N/A"
"BodyStructure.extension:includedStructure.extension:bodyLandmarkOrientation","BodyStructure.extension.extension","bodyLandmarkOrientation","","",0,*,"","","","Extension {[]} {[]}
","R5: Landmark relative location (new)","R5: `BodyStructure.includedStructure.bodyLandmarkOrientation` (new:BackboneElement)","Element `BodyStructure.includedStructure.bodyLandmarkOrientation` is part of an existing definition because parent element `BodyStructure.includedStructure` requires a cross-version extension.
Element `BodyStructure.includedStructure.bodyLandmarkOrientation` has a context of BodyStructure based on following the parent source element upwards and mapping to `BodyStructure`.
Element `BodyStructure.includedStructure.bodyLandmarkOrientation` has no mapping targets in FHIR R4. Typically, this is because the element has been added (is a new element).","Element `BodyStructure.includedStructure.bodyLandmarkOrientation` is part of an existing definition because parent element `BodyStructure.includedStructure` requires a cross-version extension.
Element `BodyStructure.includedStructure.bodyLandmarkOrientation` has a context of BodyStructure based on following the parent source element upwards and mapping to `BodyStructure`.
Element `BodyStructure.includedStructure.bodyLandmarkOrientation` has no mapping targets in FHIR R4. Typically, this is because the element has been added (is a new element).","","","","","","","",,,,,"",,,,"Element.extension",0,*,"","ele-1:All FHIR elements must have a @value or children {hasValue() or (children().count() > id.count())}
ext-1:Must have either extensions or value[x], not both {extension.exists() != value.exists()}"
"BodyStructure.extension:includedStructure.extension:bodyLandmarkOrientation.id","BodyStructure.extension.extension.id","","","",0,1,"","","","string {[]} {[]}
","Unique id for inter-element referencing","Unique id for the element within a resource (for internal references). This may be any string value that does not contain spaces.","","","","","","","","","",,,,,"",,,,"Element.id",0,1,"","","n/a"
"BodyStructure.extension:includedStructure.extension:bodyLandmarkOrientation.extension","BodyStructure.extension.extension.extension","","","",0,*,"","","","Extension {[]} {[]}
","Extension","An Extension","","","","","","","","","",,,,,"","value:url}
","Extensions are always sliced by (at least) url",,"open","Element.extension",0,*,"","ele-1:All FHIR elements must have a @value or children {hasValue() or (children().count() > id.count())}
ext-1:Must have either extensions or value[x], not both {extension.exists() != value.exists()}"
"BodyStructure.extension:includedStructure.extension:bodyLandmarkOrientation.extension:landmarkDescription","BodyStructure.extension.extension.extension","landmarkDescription","","",0,*,"","","","Extension {[]} {[]}
","R5: Body ]andmark description (new)","R5: `BodyStructure.includedStructure.bodyLandmarkOrientation.landmarkDescription` (new:CodeableConcept)","Element `BodyStructure.includedStructure.bodyLandmarkOrientation.landmarkDescription` is part of an existing definition because parent element `BodyStructure.includedStructure.bodyLandmarkOrientation` requires a cross-version extension.
Element `BodyStructure.includedStructure.bodyLandmarkOrientation.landmarkDescription` has a context of BodyStructure based on following the parent source element upwards and mapping to `BodyStructure`.
Element `BodyStructure.includedStructure.bodyLandmarkOrientation.landmarkDescription` has no mapping targets in FHIR R4. Typically, this is because the element has been added (is a new element).","Element `BodyStructure.includedStructure.bodyLandmarkOrientation.landmarkDescription` is part of an existing definition because parent element `BodyStructure.includedStructure.bodyLandmarkOrientation` requires a cross-version extension.
Element `BodyStructure.includedStructure.bodyLandmarkOrientation.landmarkDescription` has a context of BodyStructure based on following the parent source element upwards and mapping to `BodyStructure`.
Element `BodyStructure.includedStructure.bodyLandmarkOrientation.landmarkDescription` has no mapping targets in FHIR R4. Typically, this is because the element has been added (is a new element).","","","","","","","",,,,,"",,,,"Element.extension",0,*,"","ele-1:All FHIR elements must have a @value or children {hasValue() or (children().count() > id.count())}
ext-1:Must have either extensions or value[x], not both {extension.exists() != value.exists()}"
"BodyStructure.extension:includedStructure.extension:bodyLandmarkOrientation.extension:landmarkDescription.id","BodyStructure.extension.extension.extension.id","","","",0,1,"","","","string {[]} {[]}
","Unique id for inter-element referencing","Unique id for the element within a resource (for internal references). This may be any string value that does not contain spaces.","","","","","","","","","",,,,,"",,,,"Element.id",0,1,"","","n/a"
"BodyStructure.extension:includedStructure.extension:bodyLandmarkOrientation.extension:landmarkDescription.extension","BodyStructure.extension.extension.extension.extension","","extensions
user content","",0,*,"","","","Extension {[]} {[]}
","Additional content defined by implementations","May be used to represent additional information that is not part of the basic definition of the element. To make the use of extensions safe and manageable, there is a strict set of governance  applied to the definition and use of extensions. Though any implementer can define an extension, there is a set of requirements that SHALL be met as part of the definition of the extension.","There can be no stigma associated with the use of extensions by any application, project, or standard - regardless of the institution or jurisdiction that uses or defines the extensions.  The use of extensions is what allows the FHIR specification to retain a core level of simplicity for everyone.","","","","","","","","",,,,,"","value:url}
","Extensions are always sliced by (at least) url",,"open","Element.extension",0,*,"","ele-1:All FHIR elements must have a @value or children {hasValue() or (children().count() > id.count())}
ext-1:Must have either extensions or value[x], not both {extension.exists() != value.exists()}","n/a"
"BodyStructure.extension:includedStructure.extension:bodyLandmarkOrientation.extension:landmarkDescription.url","BodyStructure.extension.extension.extension.url","","","",1,1,"","","","uri {[]} {[]}
","identifies the meaning of the extension","Source of the definition for the extension code - a logical name or a URL.","The definition may point directly to a computable or human-readable definition of the extensibility codes, or it may be a logical URI as declared in some other specification. The definition SHALL be a URI for the Structure Definition defining the extension.","","","","<valueUri xmlns=""http://hl7.org/fhir"" value=""landmarkDescription""/>","","","","",,,,,"",,,,"Extension.url",1,1,"","","N/A"
"BodyStructure.extension:includedStructure.extension:bodyLandmarkOrientation.extension:landmarkDescription.value[x]","BodyStructure.extension.extension.extension.value[x]","","","",0,1,"","","","CodeableConcept {[]} {[]}
","Body ]andmark description","A description of a landmark on the body used as a reference to locate something else.","","","","","","","","","",,,,,"",,,,"Extension.value[x]",0,1,"","ele-1:All FHIR elements must have a @value or children {hasValue() or (children().count() > id.count())}
","N/A"
"BodyStructure.extension:includedStructure.extension:bodyLandmarkOrientation.extension:clockFacePosition","BodyStructure.extension.extension.extension","clockFacePosition","","",0,*,"","","","Extension {[]} {[]}
","R5: Clockface orientation (new)","R5: `BodyStructure.includedStructure.bodyLandmarkOrientation.clockFacePosition` (new:CodeableConcept)","Element `BodyStructure.includedStructure.bodyLandmarkOrientation.clockFacePosition` is part of an existing definition because parent element `BodyStructure.includedStructure.bodyLandmarkOrientation` requires a cross-version extension.
Element `BodyStructure.includedStructure.bodyLandmarkOrientation.clockFacePosition` has a context of BodyStructure based on following the parent source element upwards and mapping to `BodyStructure`.
Element `BodyStructure.includedStructure.bodyLandmarkOrientation.clockFacePosition` has no mapping targets in FHIR R4. Typically, this is because the element has been added (is a new element).","Element `BodyStructure.includedStructure.bodyLandmarkOrientation.clockFacePosition` is part of an existing definition because parent element `BodyStructure.includedStructure.bodyLandmarkOrientation` requires a cross-version extension.
Element `BodyStructure.includedStructure.bodyLandmarkOrientation.clockFacePosition` has a context of BodyStructure based on following the parent source element upwards and mapping to `BodyStructure`.
Element `BodyStructure.includedStructure.bodyLandmarkOrientation.clockFacePosition` has no mapping targets in FHIR R4. Typically, this is because the element has been added (is a new element).","","","","","","","",,,,,"",,,,"Element.extension",0,*,"","ele-1:All FHIR elements must have a @value or children {hasValue() or (children().count() > id.count())}
ext-1:Must have either extensions or value[x], not both {extension.exists() != value.exists()}"
"BodyStructure.extension:includedStructure.extension:bodyLandmarkOrientation.extension:clockFacePosition.id","BodyStructure.extension.extension.extension.id","","","",0,1,"","","","string {[]} {[]}
","Unique id for inter-element referencing","Unique id for the element within a resource (for internal references). This may be any string value that does not contain spaces.","","","","","","","","","",,,,,"",,,,"Element.id",0,1,"","","n/a"
"BodyStructure.extension:includedStructure.extension:bodyLandmarkOrientation.extension:clockFacePosition.extension","BodyStructure.extension.extension.extension.extension","","extensions
user content","",0,*,"","","","Extension {[]} {[]}
","Additional content defined by implementations","May be used to represent additional information that is not part of the basic definition of the element. To make the use of extensions safe and manageable, there is a strict set of governance  applied to the definition and use of extensions. Though any implementer can define an extension, there is a set of requirements that SHALL be met as part of the definition of the extension.","There can be no stigma associated with the use of extensions by any application, project, or standard - regardless of the institution or jurisdiction that uses or defines the extensions.  The use of extensions is what allows the FHIR specification to retain a core level of simplicity for everyone.","","","","","","","","",,,,,"","value:url}
","Extensions are always sliced by (at least) url",,"open","Element.extension",0,*,"","ele-1:All FHIR elements must have a @value or children {hasValue() or (children().count() > id.count())}
ext-1:Must have either extensions or value[x], not both {extension.exists() != value.exists()}","n/a"
"BodyStructure.extension:includedStructure.extension:bodyLandmarkOrientation.extension:clockFacePosition.url","BodyStructure.extension.extension.extension.url","","","",1,1,"","","","uri {[]} {[]}
","identifies the meaning of the extension","Source of the definition for the extension code - a logical name or a URL.","The definition may point directly to a computable or human-readable definition of the extensibility codes, or it may be a logical URI as declared in some other specification. The definition SHALL be a URI for the Structure Definition defining the extension.","","","","<valueUri xmlns=""http://hl7.org/fhir"" value=""clockFacePosition""/>","","","","",,,,,"",,,,"Extension.url",1,1,"","","N/A"
"BodyStructure.extension:includedStructure.extension:bodyLandmarkOrientation.extension:clockFacePosition.value[x]","BodyStructure.extension.extension.extension.value[x]","","","",0,1,"","","","CodeableConcept {[]} {[]}
","Clockface orientation","An description of the direction away from a landmark something is located based on a radial clock dial.","","","","","","","","","",,,,,"",,,,"Extension.value[x]",0,1,"","ele-1:All FHIR elements must have a @value or children {hasValue() or (children().count() > id.count())}
","N/A"
"BodyStructure.extension:includedStructure.extension:bodyLandmarkOrientation.extension:distanceFromLandmark","BodyStructure.extension.extension.extension","distanceFromLandmark","","",0,*,"","","","Extension {[]} {[]}
","R5: Landmark relative location (new)","R5: `BodyStructure.includedStructure.bodyLandmarkOrientation.distanceFromLandmark` (new:BackboneElement)","Element `BodyStructure.includedStructure.bodyLandmarkOrientation.distanceFromLandmark` is part of an existing definition because parent element `BodyStructure.includedStructure.bodyLandmarkOrientation` requires a cross-version extension.
Element `BodyStructure.includedStructure.bodyLandmarkOrientation.distanceFromLandmark` has a context of BodyStructure based on following the parent source element upwards and mapping to `BodyStructure`.
Element `BodyStructure.includedStructure.bodyLandmarkOrientation.distanceFromLandmark` has no mapping targets in FHIR R4. Typically, this is because the element has been added (is a new element).","Element `BodyStructure.includedStructure.bodyLandmarkOrientation.distanceFromLandmark` is part of an existing definition because parent element `BodyStructure.includedStructure.bodyLandmarkOrientation` requires a cross-version extension.
Element `BodyStructure.includedStructure.bodyLandmarkOrientation.distanceFromLandmark` has a context of BodyStructure based on following the parent source element upwards and mapping to `BodyStructure`.
Element `BodyStructure.includedStructure.bodyLandmarkOrientation.distanceFromLandmark` has no mapping targets in FHIR R4. Typically, this is because the element has been added (is a new element).","","","","","","","",,,,,"",,,,"Element.extension",0,*,"","ele-1:All FHIR elements must have a @value or children {hasValue() or (children().count() > id.count())}
ext-1:Must have either extensions or value[x], not both {extension.exists() != value.exists()}"
"BodyStructure.extension:includedStructure.extension:bodyLandmarkOrientation.extension:distanceFromLandmark.id","BodyStructure.extension.extension.extension.id","","","",0,1,"","","","string {[]} {[]}
","Unique id for inter-element referencing","Unique id for the element within a resource (for internal references). This may be any string value that does not contain spaces.","","","","","","","","","",,,,,"",,,,"Element.id",0,1,"","","n/a"
"BodyStructure.extension:includedStructure.extension:bodyLandmarkOrientation.extension:distanceFromLandmark.extension","BodyStructure.extension.extension.extension.extension","","","",0,*,"","","","Extension {[]} {[]}
","Extension","An Extension","","","","","","","","","",,,,,"","value:url}
","Extensions are always sliced by (at least) url",,"open","Element.extension",0,*,"","ele-1:All FHIR elements must have a @value or children {hasValue() or (children().count() > id.count())}
ext-1:Must have either extensions or value[x], not both {extension.exists() != value.exists()}"
"BodyStructure.extension:includedStructure.extension:bodyLandmarkOrientation.extension:distanceFromLandmark.extension:device","BodyStructure.extension.extension.extension.extension","device","","",0,*,"","","","Extension {[]} {[]}
","R5: Measurement device (new)","R5: `BodyStructure.includedStructure.bodyLandmarkOrientation.distanceFromLandmark.device` (new:CodeableReference(Device))","Element `BodyStructure.includedStructure.bodyLandmarkOrientation.distanceFromLandmark.device` is part of an existing definition because parent element `BodyStructure.includedStructure.bodyLandmarkOrientation.distanceFromLandmark` requires a cross-version extension.
Element `BodyStructure.includedStructure.bodyLandmarkOrientation.distanceFromLandmark.device` has a context of BodyStructure based on following the parent source element upwards and mapping to `BodyStructure`.
Element `BodyStructure.includedStructure.bodyLandmarkOrientation.distanceFromLandmark.device` has no mapping targets in FHIR R4. Typically, this is because the element has been added (is a new element).","Element `BodyStructure.includedStructure.bodyLandmarkOrientation.distanceFromLandmark.device` is part of an existing definition because parent element `BodyStructure.includedStructure.bodyLandmarkOrientation.distanceFromLandmark` requires a cross-version extension.
Element `BodyStructure.includedStructure.bodyLandmarkOrientation.distanceFromLandmark.device` has a context of BodyStructure based on following the parent source element upwards and mapping to `BodyStructure`.
Element `BodyStructure.includedStructure.bodyLandmarkOrientation.distanceFromLandmark.device` has no mapping targets in FHIR R4. Typically, this is because the element has been added (is a new element).","","","","","","","",,,,,"",,,,"Element.extension",0,*,"","ele-1:All FHIR elements must have a @value or children {hasValue() or (children().count() > id.count())}
ext-1:Must have either extensions or value[x], not both {extension.exists() != value.exists()}"
"BodyStructure.extension:includedStructure.extension:bodyLandmarkOrientation.extension:distanceFromLandmark.extension:device.id","BodyStructure.extension.extension.extension.extension.id","","","",0,1,"","","","string {[]} {[]}
","Unique id for inter-element referencing","Unique id for the element within a resource (for internal references). This may be any string value that does not contain spaces.","","","","","","","","","",,,,,"",,,,"Element.id",0,1,"","","n/a"
"BodyStructure.extension:includedStructure.extension:bodyLandmarkOrientation.extension:distanceFromLandmark.extension:device.extension","BodyStructure.extension.extension.extension.extension.extension","","","",0,*,"","","","Extension {[]} {[]}
","Extension","An Extension","","","","","","","","","",,,,,"","value:url}
","Extensions are always sliced by (at least) url",,"open","Element.extension",0,*,"","ele-1:All FHIR elements must have a @value or children {hasValue() or (children().count() > id.count())}
ext-1:Must have either extensions or value[x], not both {extension.exists() != value.exists()}"
"BodyStructure.extension:includedStructure.extension:bodyLandmarkOrientation.extension:distanceFromLandmark.extension:device.extension:_datatype","BodyStructure.extension.extension.extension.extension.extension","_datatype","","",1,1,"","","","Extension {[]} {[]}
","DataType slice for a FHIR R5 `CodeableReference` value","Slice to indicate the presence of a R5 `CodeableReference` in FHIR R4","","","","","","","","","",,,,,"",,,,"Element.extension",0,*,"","ele-1:All FHIR elements must have a @value or children {hasValue() or (children().count() > id.count())}
ext-1:Must have either extensions or value[x], not both {extension.exists() != value.exists()}"
"BodyStructure.extension:includedStructure.extension:bodyLandmarkOrientation.extension:distanceFromLandmark.extension:device.extension:_datatype.id","BodyStructure.extension.extension.extension.extension.extension.id","","","",0,1,"","","","string {[]} {[]}
","Unique id for inter-element referencing","Unique id for the element within a resource (for internal references). This may be any string value that does not contain spaces.","","","","","","","","","",,,,,"",,,,"Element.id",0,1,"","","n/a"
"BodyStructure.extension:includedStructure.extension:bodyLandmarkOrientation.extension:distanceFromLandmark.extension:device.extension:_datatype.extension","BodyStructure.extension.extension.extension.extension.extension.extension","","extensions
user content","",0,*,"","","","Extension {[]} {[]}
","Additional content defined by implementations","May be used to represent additional information that is not part of the basic definition of the element. To make the use of extensions safe and manageable, there is a strict set of governance  applied to the definition and use of extensions. Though any implementer can define an extension, there is a set of requirements that SHALL be met as part of the definition of the extension.","There can be no stigma associated with the use of extensions by any application, project, or standard - regardless of the institution or jurisdiction that uses or defines the extensions.  The use of extensions is what allows the FHIR specification to retain a core level of simplicity for everyone.","","","","","","","","",,,,,"","value:url}
","Extensions are always sliced by (at least) url",,"open","Element.extension",0,*,"","ele-1:All FHIR elements must have a @value or children {hasValue() or (children().count() > id.count())}
ext-1:Must have either extensions or value[x], not both {extension.exists() != value.exists()}","n/a"
"BodyStructure.extension:includedStructure.extension:bodyLandmarkOrientation.extension:distanceFromLandmark.extension:device.extension:_datatype.url","BodyStructure.extension.extension.extension.extension.extension.url","","","",1,1,"","","","uri {[]} {[]}
","identifies the meaning of the extension","Source of the definition for the extension code - a logical name or a URL.","The definition may point directly to a computable or human-readable definition of the extensibility codes, or it may be a logical URI as declared in some other specification. The definition SHALL be a URI for the Structure Definition defining the extension.","","","","<valueUri xmlns=""http://hl7.org/fhir"" value=""http://hl7.org/fhir/StructureDefinition/_datatype""/>","","","","",,,,,"",,,,"Extension.url",1,1,"","","N/A"
"BodyStructure.extension:includedStructure.extension:bodyLandmarkOrientation.extension:distanceFromLandmark.extension:device.extension:_datatype.value[x]","BodyStructure.extension.extension.extension.extension.extension.value[x]","","","",1,1,"","","","string {[]} {[]}
","Value of extension","Value of extension - must be one of a constrained set of the data types (see [Extensibility](http://hl7.org/fhir/R4/extensibility.html) for a list).","Must be: CodeableReference","","","","<valueString xmlns=""http://hl7.org/fhir"" value=""CodeableReference""/>","","","","",,,,,"",,,,"Extension.value[x]",0,1,"","ele-1:All FHIR elements must have a @value or children {hasValue() or (children().count() > id.count())}
","N/A"
"BodyStructure.extension:includedStructure.extension:bodyLandmarkOrientation.extension:distanceFromLandmark.extension:device.extension:concept","BodyStructure.extension.extension.extension.extension.extension","concept","","",0,1,"","","","Extension {[]} {[]}
","R5: Reference to a concept (by class)","R5: `CodeableReference.concept`","Element `CodeableReference.concept` is mapped to FHIR R4 element `CodeableConcept` as `Equivalent`.","Element `CodeableReference.concept` is mapped to FHIR R4 element `CodeableConcept` as `Equivalent`.","","","","","","","",,,,,"",,,,"Element.extension",0,*,"","ele-1:All FHIR elements must have a @value or children {hasValue() or (children().count() > id.count())}
ext-1:Must have either extensions or value[x], not both {extension.exists() != value.exists()}"
"BodyStructure.extension:includedStructure.extension:bodyLandmarkOrientation.extension:distanceFromLandmark.extension:device.extension:concept.id","BodyStructure.extension.extension.extension.extension.extension.id","","","",0,1,"","","","string {[]} {[]}
","Unique id for inter-element referencing","Unique id for the element within a resource (for internal references). This may be any string value that does not contain spaces.","","","","","","","","","",,,,,"",,,,"Element.id",0,1,"","","n/a"
"BodyStructure.extension:includedStructure.extension:bodyLandmarkOrientation.extension:distanceFromLandmark.extension:device.extension:concept.extension","BodyStructure.extension.extension.extension.extension.extension.extension","","extensions
user content","",0,*,"","","","Extension {[]} {[]}
","Additional content defined by implementations","May be used to represent additional information that is not part of the basic definition of the element. To make the use of extensions safe and manageable, there is a strict set of governance  applied to the definition and use of extensions. Though any implementer can define an extension, there is a set of requirements that SHALL be met as part of the definition of the extension.","There can be no stigma associated with the use of extensions by any application, project, or standard - regardless of the institution or jurisdiction that uses or defines the extensions.  The use of extensions is what allows the FHIR specification to retain a core level of simplicity for everyone.","","","","","","","","",,,,,"","value:url}
","Extensions are always sliced by (at least) url",,"open","Element.extension",0,*,"","ele-1:All FHIR elements must have a @value or children {hasValue() or (children().count() > id.count())}
ext-1:Must have either extensions or value[x], not both {extension.exists() != value.exists()}","n/a"
"BodyStructure.extension:includedStructure.extension:bodyLandmarkOrientation.extension:distanceFromLandmark.extension:device.extension:concept.url","BodyStructure.extension.extension.extension.extension.extension.url","","","",1,1,"","","","uri {[]} {[]}
","identifies the meaning of the extension","Source of the definition for the extension code - a logical name or a URL.","The definition may point directly to a computable or human-readable definition of the extensibility codes, or it may be a logical URI as declared in some other specification. The definition SHALL be a URI for the Structure Definition defining the extension.","","","","<valueUri xmlns=""http://hl7.org/fhir"" value=""concept""/>","","","","",,,,,"",,,,"Extension.url",1,1,"","","N/A"
"BodyStructure.extension:includedStructure.extension:bodyLandmarkOrientation.extension:distanceFromLandmark.extension:device.extension:concept.value[x]","BodyStructure.extension.extension.extension.extension.extension.value[x]","","","",0,1,"","","","CodeableConcept {[]} {[]}
","Reference to a concept (by class)","A reference to a concept - e.g. the information is identified by its general class to the degree of precision found in the terminology.","","","","","","","","","",,,,,"",,,,"Extension.value[x]",0,1,"","ele-1:All FHIR elements must have a @value or children {hasValue() or (children().count() > id.count())}
","N/A"
"BodyStructure.extension:includedStructure.extension:bodyLandmarkOrientation.extension:distanceFromLandmark.extension:device.extension:reference","BodyStructure.extension.extension.extension.extension.extension","reference","","",0,1,"","","","Extension {[]} {[]}
","R5: Reference to a resource (by instance)","R5: `CodeableReference.reference`","Element `CodeableReference.reference` is mapped to FHIR R4 element `Reference` as `Equivalent`.","Element `CodeableReference.reference` is mapped to FHIR R4 element `Reference` as `Equivalent`.","","","","","","","",,,,,"",,,,"Element.extension",0,*,"","ele-1:All FHIR elements must have a @value or children {hasValue() or (children().count() > id.count())}
ext-1:Must have either extensions or value[x], not both {extension.exists() != value.exists()}"
"BodyStructure.extension:includedStructure.extension:bodyLandmarkOrientation.extension:distanceFromLandmark.extension:device.extension:reference.id","BodyStructure.extension.extension.extension.extension.extension.id","","","",0,1,"","","","string {[]} {[]}
","Unique id for inter-element referencing","Unique id for the element within a resource (for internal references). This may be any string value that does not contain spaces.","","","","","","","","","",,,,,"",,,,"Element.id",0,1,"","","n/a"
"BodyStructure.extension:includedStructure.extension:bodyLandmarkOrientation.extension:distanceFromLandmark.extension:device.extension:reference.extension","BodyStructure.extension.extension.extension.extension.extension.extension","","extensions
user content","",0,*,"","","","Extension {[]} {[]}
","Additional content defined by implementations","May be used to represent additional information that is not part of the basic definition of the element. To make the use of extensions safe and manageable, there is a strict set of governance  applied to the definition and use of extensions. Though any implementer can define an extension, there is a set of requirements that SHALL be met as part of the definition of the extension.","There can be no stigma associated with the use of extensions by any application, project, or standard - regardless of the institution or jurisdiction that uses or defines the extensions.  The use of extensions is what allows the FHIR specification to retain a core level of simplicity for everyone.","","","","","","","","",,,,,"","value:url}
","Extensions are always sliced by (at least) url",,"open","Element.extension",0,*,"","ele-1:All FHIR elements must have a @value or children {hasValue() or (children().count() > id.count())}
ext-1:Must have either extensions or value[x], not both {extension.exists() != value.exists()}","n/a"
"BodyStructure.extension:includedStructure.extension:bodyLandmarkOrientation.extension:distanceFromLandmark.extension:device.extension:reference.url","BodyStructure.extension.extension.extension.extension.extension.url","","","",1,1,"","","","uri {[]} {[]}
","identifies the meaning of the extension","Source of the definition for the extension code - a logical name or a URL.","The definition may point directly to a computable or human-readable definition of the extensibility codes, or it may be a logical URI as declared in some other specification. The definition SHALL be a URI for the Structure Definition defining the extension.","","","","<valueUri xmlns=""http://hl7.org/fhir"" value=""reference""/>","","","","",,,,,"",,,,"Extension.url",1,1,"","","N/A"
"BodyStructure.extension:includedStructure.extension:bodyLandmarkOrientation.extension:distanceFromLandmark.extension:device.extension:reference.value[x]","BodyStructure.extension.extension.extension.extension.extension.value[x]","","","",0,1,"","","","Reference {[]} {[CanonicalType[http://hl7.org/fhir/5.0/StructureDefinition/profile-Device|0.1.0], CanonicalType[http://hl7.org/fhir/StructureDefinition/Device|4.0.1]]}
","Reference to a resource (by instance)","A reference to a resource the provides exact details about the information being referenced.","","","","","","","","","",,,,,"",,,,"Extension.value[x]",0,1,"","ele-1:All FHIR elements must have a @value or children {hasValue() or (children().count() > id.count())}
","N/A"
"BodyStructure.extension:includedStructure.extension:bodyLandmarkOrientation.extension:distanceFromLandmark.extension:device.url","BodyStructure.extension.extension.extension.extension.url","","","",1,1,"","","","uri {[]} {[]}
","identifies the meaning of the extension","Source of the definition for the extension code - a logical name or a URL.","The definition may point directly to a computable or human-readable definition of the extensibility codes, or it may be a logical URI as declared in some other specification. The definition SHALL be a URI for the Structure Definition defining the extension.","","","","<valueUri xmlns=""http://hl7.org/fhir"" value=""device""/>","","","","",,,,,"",,,,"Extension.url",1,1,"","","N/A"
"BodyStructure.extension:includedStructure.extension:bodyLandmarkOrientation.extension:distanceFromLandmark.extension:device.value[x]","BodyStructure.extension.extension.extension.extension.value[x]","","","",0,0,"","","","base64Binary {[]} {[]}
boolean {[]} {[]}canonical {[]} {[]}code {[]} {[]}date {[]} {[]}dateTime {[]} {[]}decimal {[]} {[]}id {[]} {[]}instant {[]} {[]}integer {[]} {[]}markdown {[]} {[]}oid {[]} {[]}positiveInt {[]} {[]}string {[]} {[]}time {[]} {[]}unsignedInt {[]} {[]}uri {[]} {[]}url {[]} {[]}uuid {[]} {[]}Address {[]} {[]}Age {[]} {[]}Annotation {[]} {[]}Attachment {[]} {[]}CodeableConcept {[]} {[]}Coding {[]} {[]}ContactPoint {[]} {[]}Count {[]} {[]}Distance {[]} {[]}Duration {[]} {[]}HumanName {[]} {[]}Identifier {[]} {[]}Money {[]} {[]}Period {[]} {[]}Quantity {[]} {[]}Range {[]} {[]}Ratio {[]} {[]}Reference {[]} {[]}SampledData {[]} {[]}Signature {[]} {[]}Timing {[]} {[]}ContactDetail {[]} {[]}Contributor {[]} {[]}DataRequirement {[]} {[]}Expression {[]} {[]}ParameterDefinition {[]} {[]}RelatedArtifact {[]} {[]}TriggerDefinition {[]} {[]}UsageContext {[]} {[]}Dosage {[]} {[]}Meta {[]} {[]}","Value of extension","Value of extension - must be one of a constrained set of the data types (see [Extensibility](http://hl7.org/fhir/R4/extensibility.html) for a list).","","","","","","","","","",,,,,"",,,,"Extension.value[x]",0,1,"","ele-1:All FHIR elements must have a @value or children {hasValue() or (children().count() > id.count())}
","N/A"
"BodyStructure.extension:includedStructure.extension:bodyLandmarkOrientation.extension:distanceFromLandmark.extension:value","BodyStructure.extension.extension.extension.extension","value","","",0,*,"","","","Extension {[]} {[]}
","R5: Measured distance from body landmark (new)","R5: `BodyStructure.includedStructure.bodyLandmarkOrientation.distanceFromLandmark.value` (new:Quantity)","Element `BodyStructure.includedStructure.bodyLandmarkOrientation.distanceFromLandmark.value` is part of an existing definition because parent element `BodyStructure.includedStructure.bodyLandmarkOrientation.distanceFromLandmark` requires a cross-version extension.
Element `BodyStructure.includedStructure.bodyLandmarkOrientation.distanceFromLandmark.value` has a context of BodyStructure based on following the parent source element upwards and mapping to `BodyStructure`.
Element `BodyStructure.includedStructure.bodyLandmarkOrientation.distanceFromLandmark.value` has no mapping targets in FHIR R4. Typically, this is because the element has been added (is a new element).","Element `BodyStructure.includedStructure.bodyLandmarkOrientation.distanceFromLandmark.value` is part of an existing definition because parent element `BodyStructure.includedStructure.bodyLandmarkOrientation.distanceFromLandmark` requires a cross-version extension.
Element `BodyStructure.includedStructure.bodyLandmarkOrientation.distanceFromLandmark.value` has a context of BodyStructure based on following the parent source element upwards and mapping to `BodyStructure`.
Element `BodyStructure.includedStructure.bodyLandmarkOrientation.distanceFromLandmark.value` has no mapping targets in FHIR R4. Typically, this is because the element has been added (is a new element).","","","","","","","",,,,,"",,,,"Element.extension",0,*,"","ele-1:All FHIR elements must have a @value or children {hasValue() or (children().count() > id.count())}
ext-1:Must have either extensions or value[x], not both {extension.exists() != value.exists()}"
"BodyStructure.extension:includedStructure.extension:bodyLandmarkOrientation.extension:distanceFromLandmark.extension:value.id","BodyStructure.extension.extension.extension.extension.id","","","",0,1,"","","","string {[]} {[]}
","Unique id for inter-element referencing","Unique id for the element within a resource (for internal references). This may be any string value that does not contain spaces.","","","","","","","","","",,,,,"",,,,"Element.id",0,1,"","","n/a"
"BodyStructure.extension:includedStructure.extension:bodyLandmarkOrientation.extension:distanceFromLandmark.extension:value.extension","BodyStructure.extension.extension.extension.extension.extension","","extensions
user content","",0,*,"","","","Extension {[]} {[]}
","Additional content defined by implementations","May be used to represent additional information that is not part of the basic definition of the element. To make the use of extensions safe and manageable, there is a strict set of governance  applied to the definition and use of extensions. Though any implementer can define an extension, there is a set of requirements that SHALL be met as part of the definition of the extension.","There can be no stigma associated with the use of extensions by any application, project, or standard - regardless of the institution or jurisdiction that uses or defines the extensions.  The use of extensions is what allows the FHIR specification to retain a core level of simplicity for everyone.","","","","","","","","",,,,,"","value:url}
","Extensions are always sliced by (at least) url",,"open","Element.extension",0,*,"","ele-1:All FHIR elements must have a @value or children {hasValue() or (children().count() > id.count())}
ext-1:Must have either extensions or value[x], not both {extension.exists() != value.exists()}","n/a"
"BodyStructure.extension:includedStructure.extension:bodyLandmarkOrientation.extension:distanceFromLandmark.extension:value.url","BodyStructure.extension.extension.extension.extension.url","","","",1,1,"","","","uri {[]} {[]}
","identifies the meaning of the extension","Source of the definition for the extension code - a logical name or a URL.","The definition may point directly to a computable or human-readable definition of the extensibility codes, or it may be a logical URI as declared in some other specification. The definition SHALL be a URI for the Structure Definition defining the extension.","","","","<valueUri xmlns=""http://hl7.org/fhir"" value=""value""/>","","","","",,,,,"",,,,"Extension.url",1,1,"","","N/A"
"BodyStructure.extension:includedStructure.extension:bodyLandmarkOrientation.extension:distanceFromLandmark.extension:value.value[x]","BodyStructure.extension.extension.extension.extension.value[x]","","","",0,1,"","","","Quantity {[]} {[]}
","Measured distance from body landmark","The measured distance (e.g., in cm) from a body landmark.","","","","","","","","","",,,,,"",,,,"Extension.value[x]",0,1,"","ele-1:All FHIR elements must have a @value or children {hasValue() or (children().count() > id.count())}
","N/A"
"BodyStructure.extension:includedStructure.extension:bodyLandmarkOrientation.extension:distanceFromLandmark.url","BodyStructure.extension.extension.extension.url","","","",1,1,"","","","uri {[]} {[]}
","identifies the meaning of the extension","Source of the definition for the extension code - a logical name or a URL.","The definition may point directly to a computable or human-readable definition of the extensibility codes, or it may be a logical URI as declared in some other specification. The definition SHALL be a URI for the Structure Definition defining the extension.","","","","<valueUri xmlns=""http://hl7.org/fhir"" value=""distanceFromLandmark""/>","","","","",,,,,"",,,,"Extension.url",1,1,"","","N/A"
"BodyStructure.extension:includedStructure.extension:bodyLandmarkOrientation.extension:distanceFromLandmark.value[x]","BodyStructure.extension.extension.extension.value[x]","","","",0,0,"","","","base64Binary {[]} {[]}
boolean {[]} {[]}canonical {[]} {[]}code {[]} {[]}date {[]} {[]}dateTime {[]} {[]}decimal {[]} {[]}id {[]} {[]}instant {[]} {[]}integer {[]} {[]}markdown {[]} {[]}oid {[]} {[]}positiveInt {[]} {[]}string {[]} {[]}time {[]} {[]}unsignedInt {[]} {[]}uri {[]} {[]}url {[]} {[]}uuid {[]} {[]}Address {[]} {[]}Age {[]} {[]}Annotation {[]} {[]}Attachment {[]} {[]}CodeableConcept {[]} {[]}Coding {[]} {[]}ContactPoint {[]} {[]}Count {[]} {[]}Distance {[]} {[]}Duration {[]} {[]}HumanName {[]} {[]}Identifier {[]} {[]}Money {[]} {[]}Period {[]} {[]}Quantity {[]} {[]}Range {[]} {[]}Ratio {[]} {[]}Reference {[]} {[]}SampledData {[]} {[]}Signature {[]} {[]}Timing {[]} {[]}ContactDetail {[]} {[]}Contributor {[]} {[]}DataRequirement {[]} {[]}Expression {[]} {[]}ParameterDefinition {[]} {[]}RelatedArtifact {[]} {[]}TriggerDefinition {[]} {[]}UsageContext {[]} {[]}Dosage {[]} {[]}Meta {[]} {[]}","Value of extension","Value of extension - must be one of a constrained set of the data types (see [Extensibility](http://hl7.org/fhir/R4/extensibility.html) for a list).","","","","","","","","","",,,,,"",,,,"Extension.value[x]",0,1,"","ele-1:All FHIR elements must have a @value or children {hasValue() or (children().count() > id.count())}
","N/A"
"BodyStructure.extension:includedStructure.extension:bodyLandmarkOrientation.extension:surfaceOrientation","BodyStructure.extension.extension.extension","surfaceOrientation","","",0,*,"","","","Extension {[]} {[]}
","R5: Relative landmark surface orientation (new)","R5: `BodyStructure.includedStructure.bodyLandmarkOrientation.surfaceOrientation` (new:CodeableConcept)","Element `BodyStructure.includedStructure.bodyLandmarkOrientation.surfaceOrientation` is part of an existing definition because parent element `BodyStructure.includedStructure.bodyLandmarkOrientation` requires a cross-version extension.
Element `BodyStructure.includedStructure.bodyLandmarkOrientation.surfaceOrientation` has a context of BodyStructure based on following the parent source element upwards and mapping to `BodyStructure`.
Element `BodyStructure.includedStructure.bodyLandmarkOrientation.surfaceOrientation` has no mapping targets in FHIR R4. Typically, this is because the element has been added (is a new element).","Element `BodyStructure.includedStructure.bodyLandmarkOrientation.surfaceOrientation` is part of an existing definition because parent element `BodyStructure.includedStructure.bodyLandmarkOrientation` requires a cross-version extension.
Element `BodyStructure.includedStructure.bodyLandmarkOrientation.surfaceOrientation` has a context of BodyStructure based on following the parent source element upwards and mapping to `BodyStructure`.
Element `BodyStructure.includedStructure.bodyLandmarkOrientation.surfaceOrientation` has no mapping targets in FHIR R4. Typically, this is because the element has been added (is a new element).","","","","","","","",,,,,"",,,,"Element.extension",0,*,"","ele-1:All FHIR elements must have a @value or children {hasValue() or (children().count() > id.count())}
ext-1:Must have either extensions or value[x], not both {extension.exists() != value.exists()}"
"BodyStructure.extension:includedStructure.extension:bodyLandmarkOrientation.extension:surfaceOrientation.id","BodyStructure.extension.extension.extension.id","","","",0,1,"","","","string {[]} {[]}
","Unique id for inter-element referencing","Unique id for the element within a resource (for internal references). This may be any string value that does not contain spaces.","","","","","","","","","",,,,,"",,,,"Element.id",0,1,"","","n/a"
"BodyStructure.extension:includedStructure.extension:bodyLandmarkOrientation.extension:surfaceOrientation.extension","BodyStructure.extension.extension.extension.extension","","extensions
user content","",0,*,"","","","Extension {[]} {[]}
","Additional content defined by implementations","May be used to represent additional information that is not part of the basic definition of the element. To make the use of extensions safe and manageable, there is a strict set of governance  applied to the definition and use of extensions. Though any implementer can define an extension, there is a set of requirements that SHALL be met as part of the definition of the extension.","There can be no stigma associated with the use of extensions by any application, project, or standard - regardless of the institution or jurisdiction that uses or defines the extensions.  The use of extensions is what allows the FHIR specification to retain a core level of simplicity for everyone.","","","","","","","","",,,,,"","value:url}
","Extensions are always sliced by (at least) url",,"open","Element.extension",0,*,"","ele-1:All FHIR elements must have a @value or children {hasValue() or (children().count() > id.count())}
ext-1:Must have either extensions or value[x], not both {extension.exists() != value.exists()}","n/a"
"BodyStructure.extension:includedStructure.extension:bodyLandmarkOrientation.extension:surfaceOrientation.url","BodyStructure.extension.extension.extension.url","","","",1,1,"","","","uri {[]} {[]}
","identifies the meaning of the extension","Source of the definition for the extension code - a logical name or a URL.","The definition may point directly to a computable or human-readable definition of the extensibility codes, or it may be a logical URI as declared in some other specification. The definition SHALL be a URI for the Structure Definition defining the extension.","","","","<valueUri xmlns=""http://hl7.org/fhir"" value=""surfaceOrientation""/>","","","","",,,,,"",,,,"Extension.url",1,1,"","","N/A"
"BodyStructure.extension:includedStructure.extension:bodyLandmarkOrientation.extension:surfaceOrientation.value[x]","BodyStructure.extension.extension.extension.value[x]","","","",0,1,"","","","CodeableConcept {[]} {[]}
","Relative landmark surface orientation","The surface area a body location is in relation to a landmark.","","","","","","","","","",,,,,"",,,,"Extension.value[x]",0,1,"","ele-1:All FHIR elements must have a @value or children {hasValue() or (children().count() > id.count())}
","N/A"
"BodyStructure.extension:includedStructure.extension:bodyLandmarkOrientation.url","BodyStructure.extension.extension.url","","","",1,1,"","","","uri {[]} {[]}
","identifies the meaning of the extension","Source of the definition for the extension code - a logical name or a URL.","The definition may point directly to a computable or human-readable definition of the extensibility codes, or it may be a logical URI as declared in some other specification. The definition SHALL be a URI for the Structure Definition defining the extension.","","","","<valueUri xmlns=""http://hl7.org/fhir"" value=""bodyLandmarkOrientation""/>","","","","",,,,,"",,,,"Extension.url",1,1,"","","N/A"
"BodyStructure.extension:includedStructure.extension:bodyLandmarkOrientation.value[x]","BodyStructure.extension.extension.value[x]","","","",0,0,"","","","base64Binary {[]} {[]}
boolean {[]} {[]}canonical {[]} {[]}code {[]} {[]}date {[]} {[]}dateTime {[]} {[]}decimal {[]} {[]}id {[]} {[]}instant {[]} {[]}integer {[]} {[]}markdown {[]} {[]}oid {[]} {[]}positiveInt {[]} {[]}string {[]} {[]}time {[]} {[]}unsignedInt {[]} {[]}uri {[]} {[]}url {[]} {[]}uuid {[]} {[]}Address {[]} {[]}Age {[]} {[]}Annotation {[]} {[]}Attachment {[]} {[]}CodeableConcept {[]} {[]}Coding {[]} {[]}ContactPoint {[]} {[]}Count {[]} {[]}Distance {[]} {[]}Duration {[]} {[]}HumanName {[]} {[]}Identifier {[]} {[]}Money {[]} {[]}Period {[]} {[]}Quantity {[]} {[]}Range {[]} {[]}Ratio {[]} {[]}Reference {[]} {[]}SampledData {[]} {[]}Signature {[]} {[]}Timing {[]} {[]}ContactDetail {[]} {[]}Contributor {[]} {[]}DataRequirement {[]} {[]}Expression {[]} {[]}ParameterDefinition {[]} {[]}RelatedArtifact {[]} {[]}TriggerDefinition {[]} {[]}UsageContext {[]} {[]}Dosage {[]} {[]}Meta {[]} {[]}","Value of extension","Value of extension - must be one of a constrained set of the data types (see [Extensibility](http://hl7.org/fhir/R4/extensibility.html) for a list).","","","","","","","","","",,,,,"",,,,"Extension.value[x]",0,1,"","ele-1:All FHIR elements must have a @value or children {hasValue() or (children().count() > id.count())}
","N/A"
"BodyStructure.extension:includedStructure.extension:spatialReference","BodyStructure.extension.extension","spatialReference","","",0,*,"","","","Extension {[]} {[]}
","R5: Cartesian reference for structure (new)","R5: `BodyStructure.includedStructure.spatialReference` (new:Reference(ImagingSelection))","Element `BodyStructure.includedStructure.spatialReference` is part of an existing definition because parent element `BodyStructure.includedStructure` requires a cross-version extension.
Element `BodyStructure.includedStructure.spatialReference` has a context of BodyStructure based on following the parent source element upwards and mapping to `BodyStructure`.
Element `BodyStructure.includedStructure.spatialReference` has no mapping targets in FHIR R4. Typically, this is because the element has been added (is a new element).","Element `BodyStructure.includedStructure.spatialReference` is part of an existing definition because parent element `BodyStructure.includedStructure` requires a cross-version extension.
Element `BodyStructure.includedStructure.spatialReference` has a context of BodyStructure based on following the parent source element upwards and mapping to `BodyStructure`.
Element `BodyStructure.includedStructure.spatialReference` has no mapping targets in FHIR R4. Typically, this is because the element has been added (is a new element).","","","","","","","",,,,,"",,,,"Element.extension",0,*,"","ele-1:All FHIR elements must have a @value or children {hasValue() or (children().count() > id.count())}
ext-1:Must have either extensions or value[x], not both {extension.exists() != value.exists()}"
"BodyStructure.extension:includedStructure.extension:spatialReference.id","BodyStructure.extension.extension.id","","","",0,1,"","","","string {[]} {[]}
","Unique id for inter-element referencing","Unique id for the element within a resource (for internal references). This may be any string value that does not contain spaces.","","","","","","","","","",,,,,"",,,,"Element.id",0,1,"","","n/a"
"BodyStructure.extension:includedStructure.extension:spatialReference.extension","BodyStructure.extension.extension.extension","","extensions
user content","",0,*,"","","","Extension {[]} {[]}
","Additional content defined by implementations","May be used to represent additional information that is not part of the basic definition of the element. To make the use of extensions safe and manageable, there is a strict set of governance  applied to the definition and use of extensions. Though any implementer can define an extension, there is a set of requirements that SHALL be met as part of the definition of the extension.","There can be no stigma associated with the use of extensions by any application, project, or standard - regardless of the institution or jurisdiction that uses or defines the extensions.  The use of extensions is what allows the FHIR specification to retain a core level of simplicity for everyone.","","","","","","","","",,,,,"","value:url}
","Extensions are always sliced by (at least) url",,"open","Element.extension",0,*,"","ele-1:All FHIR elements must have a @value or children {hasValue() or (children().count() > id.count())}
ext-1:Must have either extensions or value[x], not both {extension.exists() != value.exists()}","n/a"
"BodyStructure.extension:includedStructure.extension:spatialReference.url","BodyStructure.extension.extension.url","","","",1,1,"","","","uri {[]} {[]}
","identifies the meaning of the extension","Source of the definition for the extension code - a logical name or a URL.","The definition may point directly to a computable or human-readable definition of the extensibility codes, or it may be a logical URI as declared in some other specification. The definition SHALL be a URI for the Structure Definition defining the extension.","","","","<valueUri xmlns=""http://hl7.org/fhir"" value=""spatialReference""/>","","","","",,,,,"",,,,"Extension.url",1,1,"","","N/A"
"BodyStructure.extension:includedStructure.extension:spatialReference.value[x]","BodyStructure.extension.extension.value[x]","","","",0,1,"","","","Reference {[]} {[CanonicalType[http://hl7.org/fhir/5.0/StructureDefinition/profile-ImagingSelection|0.1.0], CanonicalType[http://hl7.org/fhir/StructureDefinition/Basic|4.0.1]]}
","Cartesian reference for structure","XY or XYZ-coordinate orientation for structure.","","","","","","","","","",,,,,"",,,,"Extension.value[x]",0,1,"","ele-1:All FHIR elements must have a @value or children {hasValue() or (children().count() > id.count())}
","N/A"
"BodyStructure.extension:includedStructure.extension:qualifier","BodyStructure.extension.extension","qualifier","","",0,*,"","","","Extension {[]} {[]}
","Modificateurs topographiques","An Extension","","","","","","","","","",,,,,"",,,,"Element.extension",0,*,"","ele-1:All FHIR elements must have a @value or children {hasValue() or (children().count() > id.count())}
ext-1:Must have either extensions or value[x], not both {extension.exists() != value.exists()}"
"BodyStructure.extension:includedStructure.extension:qualifier.id","BodyStructure.extension.extension.id","","","",0,1,"","","","string {[]} {[]}
","Unique id for inter-element referencing","Unique id for the element within a resource (for internal references). This may be any string value that does not contain spaces.","","","","","","","","","",,,,,"",,,,"Element.id",0,1,"","","n/a"
"BodyStructure.extension:includedStructure.extension:qualifier.extension","BodyStructure.extension.extension.extension","","","",0,0,"","","","Extension {[]} {[]}
","Extension","An Extension","","","","","","","","","",,,,,"","value:url}
","Extensions are always sliced by (at least) url",,"open","Element.extension",0,*,"","ele-1:All FHIR elements must have a @value or children {hasValue() or (children().count() > id.count())}
ext-1:Must have either extensions or value[x], not both {extension.exists() != value.exists()}"
"BodyStructure.extension:includedStructure.extension:qualifier.url","BodyStructure.extension.extension.url","","","",1,1,"","","","uri {[]} {[]}
","identifies the meaning of the extension","Source of the definition for the extension code - a logical name or a URL.","The definition may point directly to a computable or human-readable definition of the extensibility codes, or it may be a logical URI as declared in some other specification. The definition SHALL be a URI for the Structure Definition defining the extension.","","","","<valueUri xmlns=""http://hl7.org/fhir"" value=""qualifier""/>","","","","",,,,,"",,,,"Extension.url",1,1,"","","N/A"
"BodyStructure.extension:includedStructure.extension:qualifier.value[x]","BodyStructure.extension.extension.value[x]","","","",0,1,"","","","CodeableConcept {[]} {[]}
","Code that represents the included structure qualifier","Code that represents the included structure qualifier.","","","","","","","","","",,"required","","https://smt.esante.gouv.fr/fhir/ValueSet/jdv-modificateur-topographique-cisis|20260619134042","",,,,"Extension.value[x]",0,1,"","ele-1:All FHIR elements must have a @value or children {hasValue() or (children().count() > id.count())}
","N/A"
"BodyStructure.extension:includedStructure.url","BodyStructure.extension.url","","","",1,1,"","","","uri {[]} {[]}
","identifies the meaning of the extension","Source of the definition for the extension code - a logical name or a URL.","The definition may point directly to a computable or human-readable definition of the extensibility codes, or it may be a logical URI as declared in some other specification. The definition SHALL be a URI for the Structure Definition defining the extension.","","","","<valueUri xmlns=""http://hl7.org/fhir"" value=""http://hl7.org/fhir/5.0/StructureDefinition/extension-BodyStructure.includedStructure""/>","","","","",,,,,"",,,,"Extension.url",1,1,"","","N/A"
"BodyStructure.extension:includedStructure.value[x]","BodyStructure.extension.value[x]","","","",0,0,"","","","base64Binary {[]} {[]}
boolean {[]} {[]}canonical {[]} {[]}code {[]} {[]}date {[]} {[]}dateTime {[]} {[]}decimal {[]} {[]}id {[]} {[]}instant {[]} {[]}integer {[]} {[]}markdown {[]} {[]}oid {[]} {[]}positiveInt {[]} {[]}string {[]} {[]}time {[]} {[]}unsignedInt {[]} {[]}uri {[]} {[]}url {[]} {[]}uuid {[]} {[]}Address {[]} {[]}Age {[]} {[]}Annotation {[]} {[]}Attachment {[]} {[]}CodeableConcept {[]} {[]}Coding {[]} {[]}ContactPoint {[]} {[]}Count {[]} {[]}Distance {[]} {[]}Duration {[]} {[]}HumanName {[]} {[]}Identifier {[]} {[]}Money {[]} {[]}Period {[]} {[]}Quantity {[]} {[]}Range {[]} {[]}Ratio {[]} {[]}Reference {[]} {[]}SampledData {[]} {[]}Signature {[]} {[]}Timing {[]} {[]}ContactDetail {[]} {[]}Contributor {[]} {[]}DataRequirement {[]} {[]}Expression {[]} {[]}ParameterDefinition {[]} {[]}RelatedArtifact {[]} {[]}TriggerDefinition {[]} {[]}UsageContext {[]} {[]}Dosage {[]} {[]}Meta {[]} {[]}","Value of extension","Value of extension - must be one of a constrained set of the data types (see [Extensibility](http://hl7.org/fhir/R4/extensibility.html) for a list).","","","","","","","","","",,,,,"",,,,"Extension.value[x]",0,1,"","ele-1:All FHIR elements must have a @value or children {hasValue() or (children().count() > id.count())}
","N/A"
"BodyStructure.modifierExtension","BodyStructure.modifierExtension","","extensions
user content","",0,*,"","Y","","Extension {[]} {[]}
","Extensions that cannot be ignored","May be used to represent additional information that is not part of the basic definition of the resource and that modifies the understanding of the element that contains it and/or the understanding of the containing element's descendants. Usually modifier elements provide negation or qualification. To make the use of extensions safe and manageable, there is a strict set of governance applied to the definition and use of extensions. Though any implementer is allowed to define an extension, there is a set of requirements that SHALL be met as part of the definition of the extension. Applications processing a resource are required to check for modifier extensions.

Modifier extensions SHALL NOT change the meaning of any elements on Resource or DomainResource (including cannot change the meaning of modifierExtension itself).","There can be no stigma associated with the use of extensions by any application, project, or standard - regardless of the institution or jurisdiction that uses or defines the extensions.  The use of extensions is what allows the FHIR specification to retain a core level of simplicity for everyone.","Modifier extensions allow for extensions that *cannot* be safely ignored to be clearly distinguished from the vast majority of extensions which can be safely ignored.  This promotes interoperability by eliminating the need for implementers to prohibit the presence of extensions. For further information, see the [definition of modifier extensions](http://hl7.org/fhir/R4/extensibility.html#modifierExtension).","","","","","","","",,,,,"",,,,"DomainResource.modifierExtension",0,*,"","ele-1:All FHIR elements must have a @value or children {hasValue() or (children().count() > id.count())}
ext-1:Must have either extensions or value[x], not both {extension.exists() != value.exists()}","N/A"
"BodyStructure.identifier","BodyStructure.identifier","","","",0,*,"","","Y","Identifier {[]} {[]}
","Body structure identifier","Identifier for this instance of the anatomical structure.","","","","","","","","","",,,,,"",,,,"BodyStructure.identifier",0,*,"","ele-1:All FHIR elements must have a @value or children {hasValue() or (children().count() > id.count())}
",".id","Specific location  Cluster Optional (0..1) Cardinality: Mandatory, repeating, unordered (1..*)","FiveWs.identifier"
"BodyStructure.active","BodyStructure.active","","","",0,1,"","Y","Y","boolean {[]} {[]}
","Whether this record is in active use","Whether this body site is in active use.","This element is labeled as a modifier because it may be used to mark that the resource was created in error.","Need to be able to mark a body site entry as not to be used because it was created in error.","","This resource is generally assumed to be active if no value is provided for the active element","","","","","",,,,,"",,,,"BodyStructure.active",0,1,"","ele-1:All FHIR elements must have a @value or children {hasValue() or (children().count() > id.count())}
","statusCode","FiveWs.status"
"BodyStructure.morphology","BodyStructure.morphology","","","",0,1,"","","Y","CodeableConcept {[]} {[]}
","Kind of Structure","The kind of structure being represented by the body structure at `BodyStructure.location`.  This can define both normal and abnormal morphologies.","The minimum cardinality of 0 supports the use case of specifying a location without defining a morphology.","","","","","","","","",,"preferred","","http://hl7.org/fhir/ValueSet/bodystructure-code|4.0.1","",,,,"BodyStructure.morphology",0,1,"","ele-1:All FHIR elements must have a @value or children {hasValue() or (children().count() > id.count())}
","FiveWs.what[x]","SPM-4/SPM-5"
"BodyStructure.location","BodyStructure.location","","","",0,0,"","","Y","CodeableConcept {[]} {[]}
","Body site","The anatomical location or region of the specimen, lesion, or body structure.","","","","","","","","","",,"example","Codes describing anatomical locations. May include laterality.","http://hl7.org/fhir/ValueSet/body-site|4.0.1","",,,,"BodyStructure.location",0,1,"","ele-1:All FHIR elements must have a @value or children {hasValue() or (children().count() > id.count())}
",".targetSiteCode","Name of location","FiveWs.what[x]","OBX-20/SPM-8/SPM-10"
"BodyStructure.locationQualifier","BodyStructure.locationQualifier","","","",0,0,"","","","CodeableConcept {[]} {[]}
","Body site modifier","Qualifier to refine the anatomical location.  These include qualifiers for laterality, relative location, directionality, number, and plane.","","","","","","","","","",,"example","Concepts modifying the anatomic location.","http://hl7.org/fhir/ValueSet/bodystructure-relative-location|4.0.1","",,,,"BodyStructure.locationQualifier",0,*,"","ele-1:All FHIR elements must have a @value or children {hasValue() or (children().count() > id.count())}
",".targetSiteCode","Combines Side, Numerical identifier, Anatomical plane,and Aspect","FiveWs.what[x]","No distinct element defined in V2.x. The IHE Radiology Technical Framework directs the use of OBR-15-specimen source to contain laterality for imaging studies./SPM-9"
"BodyStructure.description","BodyStructure.description","","","",0,1,"","","Y","string {[]} {[]}
","Text description","A summary, characterization or explanation of the body structure.","This description could include any visual markings used to orientate the viewer e.g. external reference points, special sutures, ink markings.","","","","","","","","",,,,,"",,,,"BodyStructure.description",0,1,"","ele-1:All FHIR elements must have a @value or children {hasValue() or (children().count() > id.count())}
",".text","Description of anatomical location/Visual markings/orientation","FiveWs.what[x]","NTE"
"BodyStructure.image","BodyStructure.image","","","",0,*,"","","","Attachment {[]} {[]}
","Attached images","Image or images used to identify a location.","","","","","","","","","",,,,,"",,,,"BodyStructure.image",0,*,"","ele-1:All FHIR elements must have a @value or children {hasValue() or (children().count() > id.count())}
","outboundRelationship[typeCode=COMP].target","Image","FiveWs.what[x]","OBX"
"BodyStructure.patient","BodyStructure.patient","","","",1,1,"","","Y","Reference {[]} {[CanonicalType[http://hl7.org/fhir/StructureDefinition/Patient|4.0.1]]}
","Who this is about","The person to which the body site belongs.","","","","","","","","","",,,,,"",,,,"BodyStructure.patient",1,1,"","ele-1:All FHIR elements must have a @value or children {hasValue() or (children().count() > id.count())}
",".scoper or .scoper.playsRole","FiveWs.subject[x]","FiveWs.subject","PID-3"
