{"resourceType":"CodeSystem","id":"fr-core-cs-location-type","meta":{"profile":["http://hl7.org/fhir/StructureDefinition/shareablecodesystem|4.0.1"]},"text":{"status":"generated","div":"<div xmlns=\"http://www.w3.org/1999/xhtml\"><p class=\"res-header-id\"><b>Narratif généré : CodeSystem fr-core-cs-location-type</b></p><a name=\"fr-core-cs-location-type\"> </a><a name=\"hcfr-core-cs-location-type\"> </a><div style=\"display: inline-block; background-color: #d9e0e7; padding: 6px; margin: 4px; border: 1px solid #8da1b4; border-radius: 5px; line-height: 60%\"><p style=\"margin-bottom: 0px\"/><p style=\"margin-bottom: 0px\">Profil: <a href=\"http://hl7.org/fhir/R4/shareablecodesystem.html\">Shareable CodeSystemversion : null4.0.1)</a></p></div><p>This case-sensitive code system <code>https://hl7.fr/ig/fhir/core/CodeSystem/fr-core-cs-location-type</code> defines the following codes:</p><table class=\"codes\"><tr><td style=\"white-space:nowrap\"><b>Code</b></td><td><b>Affichage</b></td><td><b>Définition</b></td></tr><tr><td style=\"white-space:nowrap\">PRSN_NGTV<a name=\"fr-core-cs-location-type-PRSN_NGTV\"> </a></td><td>Pression négative</td><td>Pression négative</td></tr><tr><td style=\"white-space:nowrap\">PRSN_PSTV<a name=\"fr-core-cs-location-type-PRSN_PSTV\"> </a></td><td>Pression positive</td><td>Pression positive</td></tr><tr><td style=\"white-space:nowrap\">CRCRL<a name=\"fr-core-cs-location-type-CRCRL\"> </a></td><td>Carcéral</td><td>Carcéral</td></tr><tr><td style=\"white-space:nowrap\">CPTN<a name=\"fr-core-cs-location-type-CPTN\"> </a></td><td>Capitonné</td><td>Capitonné</td></tr><tr><td style=\"white-space:nowrap\">PNT_CLCT<a name=\"fr-core-cs-location-type-PNT_CLCT\"> </a></td><td>Point de collecte</td><td>Point de collecte</td></tr><tr><td style=\"white-space:nowrap\">PNT_LVRSN<a name=\"fr-core-cs-location-type-PNT_LVRSN\"> </a></td><td>Point de livraison</td><td>Point de livraison</td></tr><tr><td style=\"white-space:nowrap\">SL_ATNT<a name=\"fr-core-cs-location-type-SL_ATNT\"> </a></td><td>Salle d’attente</td><td>Salle d’attente</td></tr><tr><td style=\"white-space:nowrap\">SL_RVL<a name=\"fr-core-cs-location-type-SL_RVL\"> </a></td><td>Salle réveil</td><td>Salle réveil</td></tr><tr><td style=\"white-space:nowrap\">SL_EXM<a name=\"fr-core-cs-location-type-SL_EXM\"> </a></td><td>Salle examen</td><td>Salle examen</td></tr><tr><td style=\"white-space:nowrap\">SL_RN<a name=\"fr-core-cs-location-type-SL_RN\"> </a></td><td>Salle de réunion</td><td>Salle de réunion</td></tr><tr><td style=\"white-space:nowrap\">SL_TRV<a name=\"fr-core-cs-location-type-SL_TRV\"> </a></td><td>Salle de travail</td><td>Salle de travail</td></tr><tr><td style=\"white-space:nowrap\">ACC<a name=\"fr-core-cs-location-type-ACC\"> </a></td><td>Point d'accueil</td><td>Point d'accueil</td></tr></table></div>"},"url":"https://hl7.fr/ig/fhir/core/CodeSystem/fr-core-cs-location-type","version":"2.2.0-ballot","name":"FRCoreCodeSystemLocationType","title":"FR Core CodeSystem Location Type","status":"draft","experimental":false,"date":"2026-01-12T08:44:59+00:00","publisher":"Interop'Santé","contact":[{"name":"Interop'Santé","telecom":[{"system":"url","value":"http://interopsante.org/"}]},{"name":"InteropSanté","telecom":[{"system":"email","value":"fhir@interopsante.org","use":"work"}]}],"description":"Location type","jurisdiction":[{"coding":[{"system":"urn:iso:std:iso:3166","code":"FR","display":"France"}]}],"caseSensitive":true,"content":"complete","count":12,"concept":[{"code":"PRSN_NGTV","display":"Pression négative","definition":"Pression négative","designation":[{"use":{"system":"http://terminology.hl7.org/CodeSystem/hl7TermMaintInfra","code":"preferredForLanguage"},"value":"Pression négative"}]},{"code":"PRSN_PSTV","display":"Pression positive","definition":"Pression positive","designation":[{"use":{"system":"http://terminology.hl7.org/CodeSystem/hl7TermMaintInfra","code":"preferredForLanguage"},"value":"Pression positive"}]},{"code":"CRCRL","display":"Carcéral","definition":"Carcéral","designation":[{"use":{"system":"http://terminology.hl7.org/CodeSystem/hl7TermMaintInfra","code":"preferredForLanguage"},"value":"Carcéral"}]},{"code":"CPTN","display":"Capitonné","definition":"Capitonné","designation":[{"use":{"system":"http://terminology.hl7.org/CodeSystem/hl7TermMaintInfra","code":"preferredForLanguage"},"value":"Capitonné"}]},{"code":"PNT_CLCT","display":"Point de collecte","definition":"Point de collecte","designation":[{"use":{"system":"http://terminology.hl7.org/CodeSystem/hl7TermMaintInfra","code":"preferredForLanguage"},"value":"Point de collecte"}]},{"code":"PNT_LVRSN","display":"Point de livraison","definition":"Point de livraison","designation":[{"use":{"system":"http://terminology.hl7.org/CodeSystem/hl7TermMaintInfra","code":"preferredForLanguage"},"value":"Point de livraison"}]},{"code":"SL_ATNT","display":"Salle d’attente","definition":"Salle d’attente","designation":[{"use":{"system":"http://terminology.hl7.org/CodeSystem/hl7TermMaintInfra","code":"preferredForLanguage"},"value":"Salle d’attente"}]},{"code":"SL_RVL","display":"Salle réveil","definition":"Salle réveil","designation":[{"use":{"system":"http://terminology.hl7.org/CodeSystem/hl7TermMaintInfra","code":"preferredForLanguage"},"value":"Salle réveil"}]},{"code":"SL_EXM","display":"Salle examen","definition":"Salle examen","designation":[{"use":{"system":"http://terminology.hl7.org/CodeSystem/hl7TermMaintInfra","code":"preferredForLanguage"},"value":"Salle examen"}]},{"code":"SL_RN","display":"Salle de réunion","definition":"Salle de réunion","designation":[{"use":{"system":"http://terminology.hl7.org/CodeSystem/hl7TermMaintInfra","code":"preferredForLanguage"},"value":"Salle de réunion"}]},{"code":"SL_TRV","display":"Salle de travail","definition":"Salle de travail","designation":[{"use":{"system":"http://terminology.hl7.org/CodeSystem/hl7TermMaintInfra","code":"preferredForLanguage"},"value":"Salle de travail"}]},{"code":"ACC","display":"Point d'accueil","definition":"Point d'accueil","designation":[{"use":{"system":"http://terminology.hl7.org/CodeSystem/hl7TermMaintInfra","code":"preferredForLanguage"},"value":"Point d'accueil"}]}]}