{"resourceType":"ValueSet","id":"fr-core-vs-bp-meas-method","meta":{"profile":["http://hl7.org/fhir/StructureDefinition/shareablevalueset|4.0.1"]},"text":{"status":"generated","div":"<div xmlns=\"http://www.w3.org/1999/xhtml\"><p class=\"res-header-id\"><b>Narratif généré : EnsembleValeurs fr-core-vs-bp-meas-method</b></p><a name=\"fr-core-vs-bp-meas-method\"> </a><a name=\"hcfr-core-vs-bp-meas-method\"> </a><div style=\"display: inline-block; background-color: #d9e0e7; padding: 6px; margin: 4px; border: 1px solid #8da1b4; border-radius: 5px; line-height: 60%\"><p style=\"margin-bottom: 0px\"/><p style=\"margin-bottom: 0px\">Profil: <a href=\"http://hl7.org/fhir/R4/shareablevalueset.html\">Shareable ValueSetversion : null4.0.1)</a></p></div><ul><li>Include ce(s) code(s) tel quil(s) est (sont) défini(s) dans <a href=\"http://www.snomed.org/\"><code>http://snomed.info/sct</code></a><span title=\"La version nest pas explicitement indiquée. Aucun {0} correspondant trouvé\"> version Non précisé (utilise la dernière version provenant du serveur de terminologie)</span><table class=\"none\"><tr><td style=\"white-space:nowrap\"><b>Code</b></td><td><b>Affichage</b></td></tr><tr><td><a href=\"http://snomed.info/id/77938009\">77938009</a></td><td>Arterial pressure monitoring, invasive method (regime/therapy)</td></tr><tr><td><a href=\"http://snomed.info/id/17146006\">17146006</a></td><td>Arterial pressure monitoring, non-invasive method (regime/therapy)</td></tr><tr><td><a href=\"http://snomed.info/id/37931006\">37931006</a></td><td>Auscultation (procedure)</td></tr><tr><td><a href=\"http://snomed.info/id/765172009\">765172009</a></td><td>Doppler ultrasound (procedure)</td></tr><tr><td><a href=\"http://snomed.info/id/13385008\">13385008</a></td><td>Mediate auscultation (procedure)</td></tr><tr><td><a href=\"http://snomed.info/id/113011001\">113011001</a></td><td>Palpation (procedure)</td></tr><tr><td><a href=\"http://snomed.info/id/31813000\">31813000</a></td><td>Vascular oscillometry (procedure)</td></tr></table></li></ul></div>"},"url":"https://hl7.fr/ig/fhir/core/ValueSet/fr-core-vs-bp-meas-method","version":"2.2.0-ballot","name":"FRCoreValueSetBloodPressureMeasurementMethod","title":"Blood Pressure Measurement Method value set","status":"active","experimental":false,"date":"2026-01-12T09:01:56+00:00","publisher":"Interop'Santé","contact":[{"name":"Interop'Santé","telecom":[{"system":"url","value":"http://interopsante.org/"}]},{"name":"InteropSanté","telecom":[{"system":"email","value":"fhir@interopsante.org","use":"work"}]}],"description":"SELECT SNOMED CT code system values that describe how a blood pressure was measured.","jurisdiction":[{"coding":[{"system":"urn:iso:std:iso:3166","code":"FR","display":"France"}]}],"compose":{"include":[{"system":"http://snomed.info/sct","concept":[{"code":"77938009","display":"Arterial pressure monitoring, invasive method (regime/therapy)"},{"code":"17146006","display":"Arterial pressure monitoring, non-invasive method (regime/therapy)"},{"code":"37931006","display":"Auscultation (procedure)"},{"code":"765172009","display":"Doppler ultrasound (procedure)"},{"code":"13385008","display":"Mediate auscultation (procedure)"},{"code":"113011001","display":"Palpation (procedure)"},{"code":"31813000","display":"Vascular oscillometry (procedure)"}]}]}}