<?xml version="1.0" encoding="UTF-8"?><CodeSystem xmlns="http://hl7.org/fhir"><id value="fr-core-cs-location-physical-type"/><meta><profile value="http://hl7.org/fhir/StructureDefinition/shareablecodesystem|4.0.1"/></meta><text><status value="generated"/><div xmlns="http://www.w3.org/1999/xhtml"><p class="res-header-id"><b>Narratif généré : CodeSystem fr-core-cs-location-physical-type</b></p><a name="fr-core-cs-location-physical-type"> </a><a name="hcfr-core-cs-location-physical-type"> </a><div style="display: inline-block; background-color: #d9e0e7; padding: 6px; margin: 4px; border: 1px solid #8da1b4; border-radius: 5px; line-height: 60%"><p style="margin-bottom: 0px"/><p style="margin-bottom: 0px">Profil: <a href="http://hl7.org/fhir/R4/shareablecodesystem.html">Shareable CodeSystemversion : null4.0.1)</a></p></div><p>This case-sensitive code system <code>https://hl7.fr/ig/fhir/core/CodeSystem/fr-core-cs-location-physical-type</code> defines the following codes:</p><table class="codes"><tr><td style="white-space:nowrap"><b>Code</b></td><td><b>Affichage</b></td><td><b>Définition</b></td></tr><tr><td style="white-space:nowrap">FTL<a name="fr-core-cs-location-physical-type-FTL"> </a></td><td>Emplacement fauteuil</td><td>Emplacement fauteuil</td></tr><tr><td style="white-space:nowrap">BTMNT<a name="fr-core-cs-location-physical-type-BTMNT"> </a></td><td>Bâtiment</td><td>Bâtiment</td></tr><tr><td style="white-space:nowrap">L<a name="fr-core-cs-location-physical-type-L"> </a></td><td>Lieu non spécifié</td><td>Lieu non spécifié</td></tr><tr><td style="white-space:nowrap">ETG<a name="fr-core-cs-location-physical-type-ETG"> </a></td><td>Etage</td><td>Etage</td></tr><tr><td style="white-space:nowrap">AL<a name="fr-core-cs-location-physical-type-AL"> </a></td><td>Aile</td><td>Aile</td></tr><tr><td style="white-space:nowrap">CLR<a name="fr-core-cs-location-physical-type-CLR"> </a></td><td>Couloir</td><td>Couloir</td></tr><tr><td style="white-space:nowrap">R<a name="fr-core-cs-location-physical-type-R"> </a></td><td>Chambre</td><td>Chambre</td></tr><tr><td style="white-space:nowrap">BX<a name="fr-core-cs-location-physical-type-BX"> </a></td><td>Box</td><td>Box</td></tr><tr><td style="white-space:nowrap">PT<a name="fr-core-cs-location-physical-type-PT"> </a></td><td>Point</td><td>Point</td></tr><tr><td style="white-space:nowrap">B<a name="fr-core-cs-location-physical-type-B"> </a></td><td>Emplacement lit</td><td>Emplacement lit</td></tr><tr><td style="white-space:nowrap">BLC<a name="fr-core-cs-location-physical-type-BLC"> </a></td><td>Bloc</td><td>Bloc</td></tr><tr><td style="white-space:nowrap">BR<a name="fr-core-cs-location-physical-type-BR"> </a></td><td>Bureau</td><td>Bureau</td></tr></table></div></text><url value="https://hl7.fr/ig/fhir/core/CodeSystem/fr-core-cs-location-physical-type"/><version value="2.2.0-ballot"/><name value="FRCoreCodeSystemLocationPhysicalType"/><title value="FR Core CodeSystem Location Physical Type"/><status value="draft"/><experimental value="false"/><date value="2026-01-12T09:01:56+00:00"/><publisher value="Interop'Santé"/><contact><name value="Interop'Santé"/><telecom><system value="url"/><value value="http://interopsante.org/"/></telecom></contact><contact><name value="InteropSanté"/><telecom><system value="email"/><value value="fhir@interopsante.org"/><use value="work"/></telecom></contact><description value="Location physical type"/><jurisdiction><coding><system value="urn:iso:std:iso:3166"/><code value="FR"/><display value="France"/></coding></jurisdiction><caseSensitive value="true"/><content value="complete"/><count value="12"/><concept><code value="FTL"/><display value="Emplacement fauteuil"/><definition value="Emplacement fauteuil"/></concept><concept><code value="BTMNT"/><display value="Bâtiment"/><definition value="Bâtiment"/></concept><concept><code value="L"/><display value="Lieu non spécifié"/><definition value="Lieu non spécifié"/></concept><concept><code value="ETG"/><display value="Etage"/><definition value="Etage"/></concept><concept><code value="AL"/><display value="Aile"/><definition value="Aile"/></concept><concept><code value="CLR"/><display value="Couloir"/><definition value="Couloir"/></concept><concept><code value="R"/><display value="Chambre"/><definition value="Chambre"/></concept><concept><code value="BX"/><display value="Box"/><definition value="Box"/></concept><concept><code value="PT"/><display value="Point"/><definition value="Point"/></concept><concept><code value="B"/><display value="Emplacement lit"/><definition value="Emplacement lit"/></concept><concept><code value="BLC"/><display value="Bloc"/><definition value="Bloc"/></concept><concept><code value="BR"/><display value="Bureau"/><definition value="Bureau"/></concept></CodeSystem>