<?xml version="1.0" encoding="UTF-8"?><CodeSystem xmlns="http://hl7.org/fhir"><id value="fr-core-cs-circonstances-sortie"/><meta><profile value="http://hl7.org/fhir/StructureDefinition/shareablecodesystem"/></meta><text><status value="generated"/><div xmlns="http://www.w3.org/1999/xhtml"><p class="res-header-id"><b>Narratif généré : CodeSystem fr-core-cs-circonstances-sortie</b></p><a name="fr-core-cs-circonstances-sortie"> </a><a name="hcfr-core-cs-circonstances-sortie"> </a><div style="display: inline-block; background-color: #d9e0e7; padding: 6px; margin: 4px; border: 1px solid #8da1b4; border-radius: 5px; line-height: 60%"><p style="margin-bottom: 0px"/><p style="margin-bottom: 0px">Profil: <a href="http://hl7.org/fhir/R4/shareablecodesystem.html">Shareable CodeSystem</a></p></div><p>This case-sensitive code system <code>https://hl7.fr/ig/fhir/core/CodeSystem/fr-core-cs-circonstances-sortie</code> defines the following codes:</p><table class="codes"><tr><td style="white-space:nowrap"><b>Code</b></td><td><b>Affichage</b></td><td><b>Définition</b></td></tr><tr><td style="white-space:nowrap">2<a name="fr-core-cs-circonstances-sortie-2"> </a></td><td>Mesure disciplinaire</td><td>Mesure disciplinaire</td></tr><tr><td style="white-space:nowrap">3<a name="fr-core-cs-circonstances-sortie-3"> </a></td><td>Décision médicale</td><td>Décision médicale</td></tr><tr><td style="white-space:nowrap">4<a name="fr-core-cs-circonstances-sortie-4"> </a></td><td>Contre avis médical</td><td>Contre avis médical</td></tr><tr><td style="white-space:nowrap">5<a name="fr-core-cs-circonstances-sortie-5"> </a></td><td>en attente d'examen</td><td>en attente d'examen</td></tr><tr><td style="white-space:nowrap">6<a name="fr-core-cs-circonstances-sortie-6"> </a></td><td>Convenance personnelle</td><td>Convenance personnelle</td></tr><tr><td style="white-space:nowrap">R<a name="fr-core-cs-circonstances-sortie-R"> </a></td><td>Essai (contexte psychiatrique)</td><td>Essai (contexte psychiatrique)</td></tr><tr><td style="white-space:nowrap">E<a name="fr-core-cs-circonstances-sortie-E"> </a></td><td>Evasion</td><td>Evasion</td></tr><tr><td style="white-space:nowrap">F<a name="fr-core-cs-circonstances-sortie-F"> </a></td><td>Fugue</td><td>Fugue</td></tr><tr><td style="white-space:nowrap">A<a name="fr-core-cs-circonstances-sortie-A"> </a></td><td>Absence ( &lt; 12h)</td><td>Absence ( &lt; 12h)</td></tr><tr><td style="white-space:nowrap">P<a name="fr-core-cs-circonstances-sortie-P"> </a></td><td>Permission ( &lt;72h)</td><td>Permission ( &lt;72h)</td></tr><tr><td style="white-space:nowrap">S<a name="fr-core-cs-circonstances-sortie-S"> </a></td><td>Sortie avec programme de soins</td><td>Sortie avec programme de soins</td></tr><tr><td style="white-space:nowrap">B<a name="fr-core-cs-circonstances-sortie-B"> </a></td><td>Départ vers MCO</td><td>Départ vers MCO</td></tr><tr><td style="white-space:nowrap">REO<a name="fr-core-cs-circonstances-sortie-REO"> </a></td><td>Réorientation</td><td>Réorientation</td></tr><tr><td style="white-space:nowrap">PSA<a name="fr-core-cs-circonstances-sortie-PSA"> </a></td><td>Patient parti sans attendre les soins</td><td>Patient parti sans attendre les soins</td></tr></table></div></text><url value="https://hl7.fr/ig/fhir/core/CodeSystem/fr-core-cs-circonstances-sortie"/><version value="2.2.0-ballot"/><name value="FRCoreCodeSystemCirconstancesSortie"/><title value="FR Core CodeSystem Circonstances Sortie"/><status value="draft"/><experimental value="false"/><date value="2025-12-29T16:39:07+00:00"/><publisher value="Interop'Santé"/><contact><name value="Interop'Santé"/><telecom><system value="url"/><value value="http://interopsante.org/"/></telecom></contact><contact><name value="InteropSanté"/><telecom><system value="email"/><value value="fhir@interopsante.org"/><use value="work"/></telecom></contact><description value="Discharge Disposition"/><jurisdiction><coding><system value="urn:iso:std:iso:3166"/><code value="FR"/><display value="France"/></coding></jurisdiction><caseSensitive value="true"/><content value="complete"/><count value="14"/><concept><code value="2"/><display value="Mesure disciplinaire"/><definition value="Mesure disciplinaire"/><designation><use><system value="http://terminology.hl7.org/CodeSystem/hl7TermMaintInfra"/><code value="preferredForLanguage"/></use><value value="Mesure disciplinaire"/></designation></concept><concept><code value="3"/><display value="Décision médicale"/><definition value="Décision médicale"/><designation><use><system value="http://terminology.hl7.org/CodeSystem/hl7TermMaintInfra"/><code value="preferredForLanguage"/></use><value value="Décision médicale"/></designation></concept><concept><code value="4"/><display value="Contre avis médical"/><definition value="Contre avis médical"/><designation><use><system value="http://terminology.hl7.org/CodeSystem/hl7TermMaintInfra"/><code value="preferredForLanguage"/></use><value value="Contre avis médical"/></designation></concept><concept><code value="5"/><display value="en attente d'examen"/><definition value="en attente d'examen"/><designation><use><system value="http://terminology.hl7.org/CodeSystem/hl7TermMaintInfra"/><code value="preferredForLanguage"/></use><value value="en attente d'examen"/></designation></concept><concept><code value="6"/><display value="Convenance personnelle"/><definition value="Convenance personnelle"/><designation><use><system value="http://terminology.hl7.org/CodeSystem/hl7TermMaintInfra"/><code value="preferredForLanguage"/></use><value value="Convenance personnelle"/></designation></concept><concept><code value="R"/><display value="Essai (contexte psychiatrique)"/><definition value="Essai (contexte psychiatrique)"/><designation><use><system value="http://terminology.hl7.org/CodeSystem/hl7TermMaintInfra"/><code value="preferredForLanguage"/></use><value value="Essai (contexte psychiatrique)"/></designation></concept><concept><code value="E"/><display value="Evasion"/><definition value="Evasion"/><designation><use><system value="http://terminology.hl7.org/CodeSystem/hl7TermMaintInfra"/><code value="preferredForLanguage"/></use><value value="Evasion"/></designation></concept><concept><code value="F"/><display value="Fugue"/><definition value="Fugue"/><designation><use><system value="http://terminology.hl7.org/CodeSystem/hl7TermMaintInfra"/><code value="preferredForLanguage"/></use><value value="Fugue"/></designation></concept><concept><code value="A"/><display value="Absence ( &lt; 12h)"/><definition value="Absence ( &lt; 12h)"/><designation><use><system value="http://terminology.hl7.org/CodeSystem/hl7TermMaintInfra"/><code value="preferredForLanguage"/></use><value value="Absence ( &lt; 12h)"/></designation></concept><concept><code value="P"/><display value="Permission ( &lt;72h)"/><definition value="Permission ( &lt;72h)"/><designation><use><system value="http://terminology.hl7.org/CodeSystem/hl7TermMaintInfra"/><code value="preferredForLanguage"/></use><value value="Permission ( &lt;72h)"/></designation></concept><concept><code value="S"/><display value="Sortie avec programme de soins"/><definition value="Sortie avec programme de soins"/><designation><use><system value="http://terminology.hl7.org/CodeSystem/hl7TermMaintInfra"/><code value="preferredForLanguage"/></use><value value="Sortie avec programme de soins"/></designation></concept><concept><code value="B"/><display value="Départ vers MCO"/><definition value="Départ vers MCO"/><designation><use><system value="http://terminology.hl7.org/CodeSystem/hl7TermMaintInfra"/><code value="preferredForLanguage"/></use><value value="Départ vers MCO"/></designation></concept><concept><code value="REO"/><display value="Réorientation"/><definition value="Réorientation"/><designation><use><system value="http://terminology.hl7.org/CodeSystem/hl7TermMaintInfra"/><code value="preferredForLanguage"/></use><value value="Réorientation"/></designation></concept><concept><code value="PSA"/><display value="Patient parti sans attendre les soins"/><definition value="Patient parti sans attendre les soins"/><designation><use><system value="http://terminology.hl7.org/CodeSystem/hl7TermMaintInfra"/><code value="preferredForLanguage"/></use><value value="Patient parti sans attendre les soins"/></designation></concept></CodeSystem>