<?xml version="1.0" encoding="UTF-8"?><CodeSystem xmlns="http://hl7.org/fhir"><id value="fr-core-cs-method-collection"/><meta><profile value="http://hl7.org/fhir/StructureDefinition/shareablecodesystem"/></meta><text><status value="generated"/><div xmlns="http://www.w3.org/1999/xhtml"><p class="res-header-id"><b>Narratif généré : CodeSystem fr-core-cs-method-collection</b></p><a name="fr-core-cs-method-collection"> </a><a name="hcfr-core-cs-method-collection"> </a><div style="display: inline-block; background-color: #d9e0e7; padding: 6px; margin: 4px; border: 1px solid #8da1b4; border-radius: 5px; line-height: 60%"><p style="margin-bottom: 0px"/><p style="margin-bottom: 0px">Profil: <a href="http://hl7.org/fhir/R4/shareablecodesystem.html">Shareable CodeSystem</a></p></div><p>This case-sensitive code system <code>https://hl7.fr/ig/fhir/core/CodeSystem/fr-core-cs-method-collection</code> defines the following codes:</p><table class="codes"><tr><td style="white-space:nowrap"><b>Code</b></td><td><b>Affichage</b></td><td><b>Définition</b></td></tr><tr><td style="white-space:nowrap">SM<a name="fr-core-cs-method-collection-SM"> </a></td><td>Saisie manuelle</td><td>Saisie manuelle</td></tr><tr><td style="white-space:nowrap">CV<a name="fr-core-cs-method-collection-CV"> </a></td><td>Carte vitale</td><td>Carte vitale</td></tr><tr><td style="white-space:nowrap">INSI<a name="fr-core-cs-method-collection-INSI"> </a></td><td>Téléservice INSI</td><td>Téléservice INSI</td></tr><tr><td style="white-space:nowrap">CB<a name="fr-core-cs-method-collection-CB"> </a></td><td>Code à barre</td><td>Code à barre</td></tr><tr><td style="white-space:nowrap">RFID<a name="fr-core-cs-method-collection-RFID"> </a></td><td>Puce RFID</td><td>Puce RFID</td></tr></table></div></text><url value="https://hl7.fr/ig/fhir/core/CodeSystem/fr-core-cs-method-collection"/><version value="2.2.0-ballot"/><name value="FRCoreCodeSystemMethodCollection"/><title value="FR Core CodeSystem Mode Validation Identite"/><status value="active"/><experimental value="false"/><date value="2025-12-29T10:13:00+00:00"/><publisher value="Interop'Santé"/><contact><name value="Interop'Santé"/><telecom><system value="url"/><value value="http://interopsante.org/"/></telecom></contact><contact><name value="InteropSanté"/><telecom><system value="email"/><value value="fhir@interopsante.org"/><use value="work"/></telecom></contact><description value="Méthode de collection de l'identité"/><jurisdiction><coding><system value="urn:iso:std:iso:3166"/><code value="FR"/><display value="France"/></coding></jurisdiction><caseSensitive value="true"/><content value="complete"/><count value="5"/><concept><code value="SM"/><display value="Saisie manuelle"/><definition value="Saisie manuelle"/><designation><use><system value="http://terminology.hl7.org/CodeSystem/hl7TermMaintInfra"/><code value="preferredForLanguage"/></use><value value="Saisie manuelle"/></designation></concept><concept><code value="CV"/><display value="Carte vitale"/><definition value="Carte vitale"/><designation><use><system value="http://terminology.hl7.org/CodeSystem/hl7TermMaintInfra"/><code value="preferredForLanguage"/></use><value value="Carte vitale"/></designation></concept><concept><code value="INSI"/><display value="Téléservice INSI"/><definition value="Téléservice INSI"/><designation><use><system value="http://terminology.hl7.org/CodeSystem/hl7TermMaintInfra"/><code value="preferredForLanguage"/></use><value value="Téléservice INSI"/></designation></concept><concept><code value="CB"/><display value="Code à barre"/><definition value="Code à barre"/><designation><use><system value="http://terminology.hl7.org/CodeSystem/hl7TermMaintInfra"/><code value="preferredForLanguage"/></use><value value="Code à barre"/></designation></concept><concept><code value="RFID"/><display value="Puce RFID"/><definition value="Puce RFID"/><designation><use><system value="http://terminology.hl7.org/CodeSystem/hl7TermMaintInfra"/><code value="preferredForLanguage"/></use><value value="Puce RFID"/></designation></concept></CodeSystem>