<?xml version="1.0" encoding="UTF-8"?><ValueSet xmlns="http://hl7.org/fhir"><id value="fr-core-vs-bp-meas-body-location"/><meta><profile value="http://hl7.org/fhir/StructureDefinition/shareablevalueset"/></meta><text><status value="generated"/><div xmlns="http://www.w3.org/1999/xhtml"><p class="res-header-id"><b>Narratif généré : EnsembleValeurs fr-core-vs-bp-meas-body-location</b></p><a name="fr-core-vs-bp-meas-body-location"> </a><a name="hcfr-core-vs-bp-meas-body-location"> </a><div style="display: inline-block; background-color: #d9e0e7; padding: 6px; margin: 4px; border: 1px solid #8da1b4; border-radius: 5px; line-height: 60%"><p style="margin-bottom: 0px"/><p style="margin-bottom: 0px">Profil: <a href="http://hl7.org/fhir/R4/shareablevalueset.html">Shareable ValueSet</a></p></div><ul><li>Include ce(s) code(s) tel quil(s) est (sont) défini(s) dans <a href="http://www.snomed.org/"><code>http://snomed.info/sct</code></a><span title="La version nest pas explicitement indiquée. Aucun {0} correspondant trouvé"> version Non précisé (utilise la dernière version provenant du serveur de terminologie)</span><table class="none"><tr><td style="white-space:nowrap"><b>Code</b></td><td><b>Affichage</b></td></tr><tr><td><a href="http://snomed.info/id/49256001">49256001</a></td><td>Structure of dorsal digital artery of foot (body structure)</td></tr><tr><td><a href="http://snomed.info/id/368469003">368469003</a></td><td>Structure of proper volar digital arteries (body structure)</td></tr><tr><td><a href="http://snomed.info/id/17137000">17137000</a></td><td>Structure of brachial artery (body structure)</td></tr><tr><td><a href="http://snomed.info/id/723961002">723961002</a></td><td>Structure of left brachial artery (body structure)</td></tr><tr><td><a href="http://snomed.info/id/723962009">723962009</a></td><td>Structure of right brachial artery (body structure)</td></tr><tr><td><a href="http://snomed.info/id/7657000">7657000</a></td><td>Structure of femoral artery (body structure)</td></tr><tr><td><a href="http://snomed.info/id/113270003">113270003</a></td><td>Structure of left femoral artery (body structure)</td></tr><tr><td><a href="http://snomed.info/id/69833005">69833005</a></td><td>Structure of right femoral artery (body structure)</td></tr><tr><td><a href="http://snomed.info/id/45631007">45631007</a></td><td>Structure of radial artery (body structure)</td></tr><tr><td><a href="http://snomed.info/id/368504007">368504007</a></td><td>Structure of left radial artery (body structure)</td></tr><tr><td><a href="http://snomed.info/id/368503001">368503001</a></td><td>Structure of right radial artery (body structure)</td></tr><tr><td><a href="http://snomed.info/id/13363002">13363002</a></td><td>Structure of posterior tibial artery (body structure)</td></tr><tr><td><a href="http://snomed.info/id/214912001">214912001</a></td><td>Structure of left posterior tibial artery (body structure)</td></tr><tr><td><a href="http://snomed.info/id/214811007">214811007</a></td><td>Structure of right posterior tibial artery (body structure)</td></tr><tr><td><a href="http://snomed.info/id/54247002">54247002</a></td><td>Ascending aorta structure (body structure)</td></tr><tr><td><a href="http://snomed.info/id/281130003">281130003</a></td><td>Descending aorta structure (body structure)</td></tr><tr><td><a href="http://snomed.info/id/57034009">57034009</a></td><td>Aortic arch structure (body structure)</td></tr><tr><td><a href="http://snomed.info/id/7832008">7832008</a></td><td>Abdominal aorta structure (body structure)</td></tr></table></li></ul></div></text><url value="https://hl7.fr/ig/fhir/core/ValueSet/fr-core-vs-bp-meas-body-location"/><version value="2.2.0-ballot"/><name value="FRCoreValueSetBloodPressureMeasurementBodyLocation"/><title value="Blood Pressure Measurement Body Location Precoordinated value set"/><status value="active"/><experimental value="false"/><date value="2025-12-29T10:57:12+00:00"/><publisher value="Interop'Santé"/><contact><name value="Interop'Santé"/><telecom><system value="url"/><value value="http://interopsante.org/"/></telecom></contact><contact><name value="InteropSanté"/><telecom><system value="email"/><value value="fhir@interopsante.org"/><use value="work"/></telecom></contact><description value="SELECT SNOMED CT code system values that describe the location on the body where the blood pressure was measured."/><jurisdiction><coding><system value="urn:iso:std:iso:3166"/><code value="FR"/><display value="France"/></coding></jurisdiction><compose><include><system value="http://snomed.info/sct"/><concept><code value="49256001"/><display value="Structure of dorsal digital artery of foot (body structure)"/></concept><concept><code value="368469003"/><display value="Structure of proper volar digital arteries (body structure)"/></concept><concept><code value="17137000"/><display value="Structure of brachial artery (body structure)"/></concept><concept><code value="723961002"/><display value="Structure of left brachial artery (body structure)"/></concept><concept><code value="723962009"/><display value="Structure of right brachial artery (body structure)"/></concept><concept><code value="7657000"/><display value="Structure of femoral artery (body structure)"/></concept><concept><code value="113270003"/><display value="Structure of left femoral artery (body structure)"/></concept><concept><code value="69833005"/><display value="Structure of right femoral artery (body structure)"/></concept><concept><code value="45631007"/><display value="Structure of radial artery (body structure)"/></concept><concept><code value="368504007"/><display value="Structure of left radial artery (body structure)"/></concept><concept><code value="368503001"/><display value="Structure of right radial artery (body structure)"/></concept><concept><code value="13363002"/><display value="Structure of posterior tibial artery (body structure)"/></concept><concept><code value="214912001"/><display value="Structure of left posterior tibial artery (body structure)"/></concept><concept><code value="214811007"/><display value="Structure of right posterior tibial artery (body structure)"/></concept><concept><code value="54247002"/><display value="Ascending aorta structure (body structure)"/></concept><concept><code value="281130003"/><display value="Descending aorta structure (body structure)"/></concept><concept><code value="57034009"/><display value="Aortic arch structure (body structure)"/></concept><concept><code value="7832008"/><display value="Abdominal aorta structure (body structure)"/></concept></include></compose></ValueSet>