<?xml version="1.0" encoding="UTF-8"?><ValueSet xmlns="http://hl7.org/fhir"><id value="fr-core-vs-organization-type"/><meta><profile value="http://hl7.org/fhir/StructureDefinition/shareablevalueset"/></meta><text><status value="extensions"/><div xmlns="http://www.w3.org/1999/xhtml"><p class="res-header-id"><b>Narratif généré : EnsembleValeurs fr-core-vs-organization-type</b></p><a name="fr-core-vs-organization-type"> </a><a name="hcfr-core-vs-organization-type"> </a><div style="display: inline-block; background-color: #d9e0e7; padding: 6px; margin: 4px; border: 1px solid #8da1b4; border-radius: 5px; line-height: 60%"><p style="margin-bottom: 0px"/><p style="margin-bottom: 0px">Profil: <a href="http://hl7.org/fhir/R4/shareablevalueset.html">Shareable ValueSet</a></p></div><ul><li>Include ce(s) code(s) tel quil(s) est (sont) défini(s) dans <a href="CodeSystem-fr-core-cs-v2-3307.html"><code>https://hl7.fr/ig/fhir/core/CodeSystem/fr-core-cs-v2-3307</code></a><span title="La version nest pas explicitement indiquée, ce qui signifie quelle est fixée à la version fournie dans cette spécification"> version 📦2.2.0-ballot</span><table class="none"><tr><td style="white-space:nowrap"><b>Code</b></td><td><b>Affichage</b></td><td><b>Définition</b></td></tr><tr><td><a href="CodeSystem-fr-core-cs-v2-3307.html#fr-core-cs-v2-3307-GHT">GHT</a></td><td>Groupement hospitalier de territoire</td><td>Groupement hospitalier de territoire</td></tr><tr><td><a href="CodeSystem-fr-core-cs-v2-3307.html#fr-core-cs-v2-3307-LEGAL-ENTITY">LEGAL-ENTITY</a></td><td>Entité juridique</td><td>Entité légale</td></tr><tr><td><a href="CodeSystem-fr-core-cs-v2-3307.html#fr-core-cs-v2-3307-GEOGRAPHICAL-ENTITY">GEOGRAPHICAL-ENTITY</a></td><td>Entité géographique</td><td>Entité géographique</td></tr><tr><td><a href="CodeSystem-fr-core-cs-v2-3307.html#fr-core-cs-v2-3307-GROUP">GROUP</a></td><td>Groupe privé / hospitalier</td><td>Groupe privé/hospitalier</td></tr><tr><td><a href="CodeSystem-fr-core-cs-v2-3307.html#fr-core-cs-v2-3307-HEBERGEMENT">HEBERGEMENT</a></td><td>Hébergement</td><td>Hébergement</td></tr><tr><td><a href="CodeSystem-fr-core-cs-v2-3307.html#fr-core-cs-v2-3307-SOIN">SOIN</a></td><td>Soin</td><td>Soin</td></tr><tr><td><a href="CodeSystem-fr-core-cs-v2-3307.html#fr-core-cs-v2-3307-ADMINISTRATIF">ADMINISTRATIF</a></td><td>Administration</td><td>Administration</td></tr><tr><td><a href="CodeSystem-fr-core-cs-v2-3307.html#fr-core-cs-v2-3307-MEDICAL">MEDICAL</a></td><td>Médical</td><td>Médical</td></tr><tr><td><a href="CodeSystem-fr-core-cs-v2-3307.html#fr-core-cs-v2-3307-TECHNIQUE">TECHNIQUE</a></td><td>Technique</td><td>Technique</td></tr><tr><td><a href="CodeSystem-fr-core-cs-v2-3307.html#fr-core-cs-v2-3307-MEDICOTEC">MEDICOTEC</a></td><td>medico technique (radio, scanner …)</td><td>medico technique (radio, scanner …)</td></tr><tr><td><a href="CodeSystem-fr-core-cs-v2-3307.html#fr-core-cs-v2-3307-UF">UF</a></td><td>Unité fonctionnelle</td><td>Unité fonctionnelle</td></tr><tr><td><a href="CodeSystem-fr-core-cs-v2-3307.html#fr-core-cs-v2-3307-SERVICE">SERVICE</a></td><td>Service</td><td>Service</td></tr><tr><td><a href="CodeSystem-fr-core-cs-v2-3307.html#fr-core-cs-v2-3307-UM">UM</a></td><td>Unité médicale</td><td>Unité médicale</td></tr><tr><td><a href="CodeSystem-fr-core-cs-v2-3307.html#fr-core-cs-v2-3307-UAC">UAC</a></td><td>Unité d'activité</td><td>Unité d'activité</td></tr><tr><td><a href="CodeSystem-fr-core-cs-v2-3307.html#fr-core-cs-v2-3307-POLE">POLE</a></td><td>Pole</td><td>Pôle</td></tr><tr><td><a href="CodeSystem-fr-core-cs-v2-3307.html#fr-core-cs-v2-3307-CENTRE-RESP">CENTRE-RESP</a></td><td>Centre de responsabilité</td><td>Centre de responsabilité</td></tr><tr><td><a href="CodeSystem-fr-core-cs-v2-3307.html#fr-core-cs-v2-3307-CENTRE-ACTIVITE">CENTRE-ACTIVITE</a></td><td>Centre d'activité</td><td>Centre d'activité</td></tr></table></li></ul></div></text><url value="https://hl7.fr/ig/fhir/core/ValueSet/fr-core-vs-organization-type"/><version value="2.2.0-ballot"/><name value="FRCoreValueSetOrganizationType"/><title value="FR Core ValueSet Organization type"/><status value="active"/><experimental value="false"/><date value="2025-12-05T08:44:22+00:00"/><publisher value="Interop'Santé"/><contact><name value="Interop'Santé"/><telecom><system value="url"/><value value="http://interopsante.org/"/></telecom></contact><contact><name value="InteropSanté"/><telecom><system value="email"/><value value="fhir@interopsante.org"/><use value="work"/></telecom></contact><description value="Types de structures.&#xD;&#xA;Organization types"/><jurisdiction><coding><system value="urn:iso:std:iso:3166"/><code value="FR"/><display value="France"/></coding></jurisdiction><compose><include><system value="https://hl7.fr/ig/fhir/core/CodeSystem/fr-core-cs-v2-3307"/><concept><code value="GHT"/><display value="Groupement hospitalier de territoire"/></concept><concept><code value="LEGAL-ENTITY"/><display value="Entité juridique"/></concept><concept><code value="GEOGRAPHICAL-ENTITY"/><display value="Entité géographique"/></concept><concept><code value="GROUP"/><display value="Groupe privé / hospitalier"/></concept><concept><code value="HEBERGEMENT"/><display value="Hébergement"/></concept><concept><code value="SOIN"/><display value="Soin"/></concept><concept><code value="ADMINISTRATIF"/><display value="Administration"/></concept><concept><code value="MEDICAL"/><display value="Médical"/></concept><concept><code value="TECHNIQUE"/><display value="Technique"/></concept><concept><code value="MEDICOTEC"/><display value="medico technique (radio, scanner …)"/></concept><concept><code value="UF"/><display value="Unité fonctionnelle"/></concept><concept><code value="SERVICE"/><display value="Service"/></concept><concept><code value="UM"/><display value="Unité médicale"/></concept><concept><code value="UAC"/><display value="Unité d'activité"/></concept><concept><code value="POLE"/><display value="Pole"/></concept><concept><code value="CENTRE-RESP"/><display value="Centre de responsabilité"/></concept><concept><code value="CENTRE-ACTIVITE"/><display value="Centre d'activité"/></concept></include></compose></ValueSet>