{
  "resourceType" : "ValueSet",
  "id" : "fr-core-vs-organization-identifier-type",
  "meta" : {
    "profile" : ["http://hl7.org/fhir/StructureDefinition/shareablevalueset"]
  },
  "text" : {
    "status" : "extensions",
    "div" : "<div xmlns=\"http://www.w3.org/1999/xhtml\"><p class=\"res-header-id\"><b>Narratif généré : EnsembleValeurs fr-core-vs-organization-identifier-type</b></p><a name=\"fr-core-vs-organization-identifier-type\"> </a><a name=\"hcfr-core-vs-organization-identifier-type\"> </a><div style=\"display: inline-block; background-color: #d9e0e7; padding: 6px; margin: 4px; border: 1px solid #8da1b4; border-radius: 5px; line-height: 60%\"><p style=\"margin-bottom: 0px\"/><p style=\"margin-bottom: 0px\">Profil: <a href=\"http://hl7.org/fhir/R4/shareablevalueset.html\">Shareable ValueSet</a></p></div><ul><li>Include ce(s) code(s) tel quil(s) est (sont) défini(s) dans <a href=\"CodeSystem-fr-core-cs-v2-0203.html\"><code>https://hl7.fr/ig/fhir/core/CodeSystem/fr-core-cs-v2-0203</code></a><span title=\"Version is not explicitly stated, which means it is fixed to the version provided in this specification\"> version &#x1F4E6;2.2.0-ballot</span><table class=\"none\"><tr><td style=\"white-space:nowrap\"><b>Code</b></td><td><b>Display</b></td><td><b>Définition</b></td></tr><tr><td><a href=\"CodeSystem-fr-core-cs-v2-0203.html#fr-core-cs-v2-0203-FINEJ\">FINEJ</a></td><td>FINESS d'entité juridique</td><td>FINESS d'entité juridique</td></tr><tr><td><a href=\"CodeSystem-fr-core-cs-v2-0203.html#fr-core-cs-v2-0203-FINEG\">FINEG</a></td><td>FINESS d'entité géographique</td><td>FINESS d'entité géographique</td></tr><tr><td><a href=\"CodeSystem-fr-core-cs-v2-0203.html#fr-core-cs-v2-0203-SIREN\">SIREN</a></td><td>Identification de l'organisation au SIREN</td><td>Identification de l'organisation au SIREN</td></tr><tr><td><a href=\"CodeSystem-fr-core-cs-v2-0203.html#fr-core-cs-v2-0203-SIRET\">SIRET</a></td><td>Identification de l'organisation au SIRET</td><td>Identification de l'organisation au SIRET</td></tr><tr><td><a href=\"CodeSystem-fr-core-cs-v2-0203.html#fr-core-cs-v2-0203-IDNST\">IDNST</a></td><td>Identification nationale de structure définie par l’ASIP-SANTE dans le CI_SIS</td><td>Identification nationale de structure définie par l’ANS dans le CI_SIS</td></tr><tr><td><a href=\"CodeSystem-fr-core-cs-v2-0203.html#fr-core-cs-v2-0203-INTRN\">INTRN</a></td><td>Identifiant interne</td><td>Identifiant interne</td></tr><tr><td><a href=\"CodeSystem-fr-core-cs-v2-0203.html#fr-core-cs-v2-0203-EXTRN\">EXTRN</a></td><td>Identifiant externe</td><td>Identifiant externe</td></tr></table></li></ul></div>"
  },
  "extension" : [{
    "url" : "http://hl7.org/fhir/StructureDefinition/valueset-warning",
    "valueMarkdown" : "Types are for general categories of identifiers. See [the identifier registry](identifier-registry.h     tml) for a list of common identifier systems"
  }],
  "url" : "https://hl7.fr/ig/fhir/core/ValueSet/fr-core-vs-organization-identifier-type",
  "version" : "2.2.0-ballot",
  "name" : "FRCoreValueSetOrganizationIdentifierType",
  "title" : "FR Core ValueSet Organization identifier type",
  "status" : "active",
  "experimental" : false,
  "date" : "2025-11-14T07:22:57+00:00",
  "publisher" : "Interop'Santé",
  "contact" : [{
    "name" : "Interop'Santé",
    "telecom" : [{
      "system" : "url",
      "value" : "http://interopsante.org/"
    }]
  },
  {
    "name" : "InteropSanté",
    "telecom" : [{
      "system" : "email",
      "value" : "fhir@interopsante.org",
      "use" : "work"
    }]
  }],
  "description" : "A coded type for an identifier that can be used to determine which identifier to use for a specific purpose (Organizations).",
  "jurisdiction" : [{
    "coding" : [{
      "system" : "urn:iso:std:iso:3166",
      "code" : "FR",
      "display" : "France"
    }]
  }],
  "immutable" : true,
  "compose" : {
    "include" : [{
      "system" : "https://hl7.fr/ig/fhir/core/CodeSystem/fr-core-cs-v2-0203",
      "concept" : [{
        "code" : "FINEJ",
        "display" : "FINESS d'entité juridique"
      },
      {
        "code" : "FINEG",
        "display" : "FINESS d'entité géographique"
      },
      {
        "code" : "SIREN",
        "display" : "Identification de l'organisation au SIREN"
      },
      {
        "code" : "SIRET",
        "display" : "Identification de l'organisation au SIRET"
      },
      {
        "code" : "IDNST",
        "display" : "Identification nationale de structure définie par l’ASIP-SANTE dans le CI_SIS"
      },
      {
        "code" : "INTRN",
        "display" : "Identifiant interne"
      },
      {
        "code" : "EXTRN",
        "display" : "Identifiant externe"
      }]
    }]
  }
}