<?xml version="1.0" encoding="UTF-8"?>

<CodeSystem xmlns="http://hl7.org/fhir">
  <id value="fr-core-cs-type-admission"/>
  <meta>
    <profile value="http://hl7.org/fhir/StructureDefinition/shareablecodesystem|4.0.1"/>
  </meta>
  <text>
    <status value="generated"/><div xmlns="http://www.w3.org/1999/xhtml"><p class="res-header-id"><b>Narratif généré : CodeSystem fr-core-cs-type-admission</b></p><a name="fr-core-cs-type-admission"> </a><a name="hcfr-core-cs-type-admission"> </a><div style="display: inline-block; background-color: #d9e0e7; padding: 6px; margin: 4px; border: 1px solid #8da1b4; border-radius: 5px; line-height: 60%"><p style="margin-bottom: 0px"/><p style="margin-bottom: 0px">Profil: <a href="http://hl7.org/fhir/R4/shareablecodesystem.html">Shareable CodeSystemversion : null4.0.1)</a></p></div><p>This case-sensitive code system <code>https://hl7.fr/ig/fhir/core/CodeSystem/fr-core-cs-type-admission</code> defines the following codes:</p><table class="codes"><tr><td style="white-space:nowrap"><b>Code</b></td><td><b>Affichage</b></td><td><b>Définition</b></td></tr><tr><td style="white-space:nowrap">RM<a name="fr-core-cs-type-admission-RM"> </a></td><td>Rétrocession de médicament</td><td>Rétrocession de médicament</td></tr><tr><td style="white-space:nowrap">IE<a name="fr-core-cs-type-admission-IE"> </a></td><td>Prestation inter-établissements</td><td>Prestation inter-établissements</td></tr></table></div>
  </text>
  <url value="https://hl7.fr/ig/fhir/core/CodeSystem/fr-core-cs-type-admission"/>
  <version value="2.2.0-ballot"/>
  <name value="FRCoreCodeSystemTypeAdmission"/>
  <title value="FR Core CodeSystem Type Admission"/>
  <status value="draft"/>
  <experimental value="false"/>
  <date value="2026-01-12T09:16:56+00:00"/>
  <publisher value="Interop'Santé"/>
  <contact>
    <name value="Interop'Santé"/>
    <telecom>
      <system value="url"/>
      <value value="http://interopsante.org/"/>
    </telecom>
  </contact>
  <contact>
    <name value="InteropSanté"/>
    <telecom>
      <system value="email"/>
      <value value="fhir@interopsante.org"/>
      <use value="work"/>
    </telecom>
  </contact>
  <description value="Admission type"/>
  <jurisdiction>
    <coding>
      <system value="urn:iso:std:iso:3166"/>
      <code value="FR"/>
      <display value="France"/>
    </coding>
  </jurisdiction>
  <caseSensitive value="true"/>
  <content value="complete"/>
  <count value="2"/>
  <concept>
    <code value="RM"/>
    <display value="Rétrocession de médicament"/>
    <definition value="Rétrocession de médicament"/>
  </concept>
  <concept>
    <code value="IE"/>
    <display value="Prestation inter-établissements"/>
    <definition value="Prestation inter-établissements"/>
  </concept>
</CodeSystem>