{"resourceType":"CodeSystem","id":"fr-core-cs-v2-3311","meta":{"profile":["http://hl7.org/fhir/StructureDefinition/shareablecodesystem|4.0.1"]},"text":{"status":"generated","div":"<div xmlns=\"http://www.w3.org/1999/xhtml\"><p class=\"res-header-id\"><b>Narratif généré : CodeSystem fr-core-cs-v2-3311</b></p><a name=\"fr-core-cs-v2-3311\"> </a><a name=\"hcfr-core-cs-v2-3311\"> </a><div style=\"display: inline-block; background-color: #d9e0e7; padding: 6px; margin: 4px; border: 1px solid #8da1b4; border-radius: 5px; line-height: 60%\"><p style=\"margin-bottom: 0px\"/><p style=\"margin-bottom: 0px\">Profil: <a href=\"http://hl7.org/fhir/R4/shareablecodesystem.html\">Shareable CodeSystemversion: null4.0.1)</a></p></div><p>This case-sensitive code system <code>https://hl7.fr/ig/fhir/core/CodeSystem/fr-core-cs-v2-3311</code> defines the following codes:</p><table class=\"codes\"><tr><td style=\"white-space:nowrap\"><b>Code</b></td><td><b>Display</b></td><td><b>Définition</b></td></tr><tr><td style=\"white-space:nowrap\">MCO<a name=\"fr-core-cs-v2-3311-MCO\"> </a></td><td>MCO</td><td>Médecine, Chirurgie, Obstétrique</td></tr><tr><td style=\"white-space:nowrap\">SSR<a name=\"fr-core-cs-v2-3311-SSR\"> </a></td><td>SSR</td><td>Soins de Suite et de Réadaptation</td></tr><tr><td style=\"white-space:nowrap\">HD<a name=\"fr-core-cs-v2-3311-HD\"> </a></td><td>HAD</td><td>Hospitalisation À Domicile</td></tr><tr><td style=\"white-space:nowrap\">EHPD<a name=\"fr-core-cs-v2-3311-EHPD\"> </a></td><td>EHPAD</td><td>Établissement d’Hébergement pour Personnes Âgées Dépendantes</td></tr><tr><td style=\"white-space:nowrap\">LG_SJR<a name=\"fr-core-cs-v2-3311-LG_SJR\"> </a></td><td>Long séjour</td><td>Soins de Longue Durée - long séjour</td></tr><tr><td style=\"white-space:nowrap\">MSN_RTRT<a name=\"fr-core-cs-v2-3311-MSN_RTRT\"> </a></td><td>Maison de retraite</td><td>Maison de retraite</td></tr><tr><td style=\"white-space:nowrap\">PSY<a name=\"fr-core-cs-v2-3311-PSY\"> </a></td><td>Psy</td><td>Psychiatrie</td></tr><tr><td style=\"white-space:nowrap\">URG<a name=\"fr-core-cs-v2-3311-URG\"> </a></td><td>Urgence</td><td>Urgences</td></tr></table></div>"},"url":"https://hl7.fr/ig/fhir/core/CodeSystem/fr-core-cs-v2-3311","version":"2.2.0-ballot","name":"FRCoreCodeSystemv2_3311","title":"FR Core CodeSystem v2-3311","status":"draft","experimental":false,"date":"2025-11-18T17:20:39+00:00","publisher":"Interop'Santé","contact":[{"name":"Interop'Santé","telecom":[{"system":"url","value":"http://interopsante.org/"}]},{"name":"InteropSanté","telecom":[{"system":"email","value":"fhir@interopsante.org","use":"work"}]}],"description":"HL7 v2 - Table 3311","jurisdiction":[{"coding":[{"system":"urn:iso:std:iso:3166","code":"FR","display":"France"}]}],"caseSensitive":true,"content":"complete","count":8,"concept":[{"code":"MCO","display":"MCO","definition":"Médecine, Chirurgie, Obstétrique"},{"code":"SSR","display":"SSR","definition":"Soins de Suite et de Réadaptation"},{"code":"HD","display":"HAD","definition":"Hospitalisation À Domicile"},{"code":"EHPD","display":"EHPAD","definition":"Établissement d’Hébergement pour Personnes Âgées Dépendantes"},{"code":"LG_SJR","display":"Long séjour","definition":"Soins de Longue Durée - long séjour"},{"code":"MSN_RTRT","display":"Maison de retraite","definition":"Maison de retraite"},{"code":"PSY","display":"Psy","definition":"Psychiatrie"},{"code":"URG","display":"Urgence","definition":"Urgences"}]}