{"resourceType":"ValueSet","id":"fr-core-vs-availability-time-rule","meta":{"profile":["http://hl7.org/fhir/StructureDefinition/shareablevalueset|4.0.1"]},"text":{"status":"generated","div":"<div xmlns=\"http://www.w3.org/1999/xhtml\"><p class=\"res-header-id\"><b>Narratif généré : EnsembleValeurs fr-core-vs-availability-time-rule</b></p><a name=\"fr-core-vs-availability-time-rule\"> </a><a name=\"hcfr-core-vs-availability-time-rule\"> </a><div style=\"display: inline-block; background-color: #d9e0e7; padding: 6px; margin: 4px; border: 1px solid #8da1b4; border-radius: 5px; line-height: 60%\"><p style=\"margin-bottom: 0px\"/><p style=\"margin-bottom: 0px\">Profil: <a href=\"http://hl7.org/fhir/R4/shareablevalueset.html\">Shareable ValueSetversion: null4.0.1)</a></p></div><ul><li>Include ce(s) code(s) tel quil(s) est (sont) défini(s) dans <code>https://www.ietf.org/rfc/rfc2445</code><span title=\"Version is not explicity stated. No matching Code System found\"> version Not Stated (use latest from terminology server)</span><table class=\"none\"><tr><td style=\"white-space:nowrap\"><b>Code</b></td><td><b>Display</b></td></tr><tr><td>SECONDLY</td><td>Par seconde</td></tr><tr><td>MINUTELY</td><td>Par minute</td></tr><tr><td>HOURLY</td><td>Par heure</td></tr><tr><td>DAILY</td><td>Par jour</td></tr><tr><td>WEEKLY</td><td>Par semaine</td></tr><tr><td>MONTHLY</td><td>Par mois</td></tr><tr><td>YEARLY</td><td>Par an</td></tr></table></li></ul></div>"},"extension":[{"url":"http://hl7.org/fhir/StructureDefinition/valueset-warning","valueMarkdown":"Availability Time Rule"},{"url":"http://hl7.org/fhir/StructureDefinition/structuredefinition-standards-status","valueCode":"informative"},{"url":"http://hl7.org/fhir/StructureDefinition/structuredefinition-fmm","valueInteger":1},{"url":"http://hl7.org/fhir/StructureDefinition/structuredefinition-wg","valueCode":"fhir"}],"url":"https://hl7.fr/ig/fhir/core/ValueSet/fr-core-vs-availability-time-rule","version":"2.2.0-ballot","name":"FRCoreValueSetAvailabilityTimeRule","title":"FR Core ValueSet Availability Schedule","status":"active","experimental":false,"date":"2025-11-18T17:20:39+00:00","publisher":"Interop'Santé","contact":[{"name":"Interop'Santé","telecom":[{"system":"url","value":"http://interopsante.org/"}]},{"name":"InteropSanté","telecom":[{"system":"email","value":"fhir@interopsante.org","use":"work"}]}],"description":"Spécifications des périodes récurrentes.\r\nSpecification of the recurrent periods ","jurisdiction":[{"coding":[{"system":"urn:iso:std:iso:3166","code":"FR","display":"France"}]}],"compose":{"include":[{"system":"https://www.ietf.org/rfc/rfc2445","concept":[{"code":"SECONDLY","display":"Par seconde"},{"code":"MINUTELY","display":"Par minute"},{"code":"HOURLY","display":"Par heure"},{"code":"DAILY","display":"Par jour"},{"code":"WEEKLY","display":"Par semaine"},{"code":"MONTHLY","display":"Par mois"},{"code":"YEARLY","display":"Par an"}]}]}}