{"resourceType":"ValueSet","id":"fr-core-vsbody-temp-meas-body-location","meta":{"profile":["http://hl7.org/fhir/StructureDefinition/shareablevalueset|4.0.1"]},"text":{"status":"generated","div":"<div xmlns=\"http://www.w3.org/1999/xhtml\"><p class=\"res-header-id\"><b>Narratif généré : EnsembleValeurs fr-core-vsbody-temp-meas-body-location</b></p><a name=\"fr-core-vsbody-temp-meas-body-location\"> </a><a name=\"hcfr-core-vsbody-temp-meas-body-location\"> </a><div style=\"display: inline-block; background-color: #d9e0e7; padding: 6px; margin: 4px; border: 1px solid #8da1b4; border-radius: 5px; line-height: 60%\"><p style=\"margin-bottom: 0px\"/><p style=\"margin-bottom: 0px\">Profil: <a href=\"http://hl7.org/fhir/R4/shareablevalueset.html\">Shareable ValueSetversion: null4.0.1)</a></p></div><ul><li>Include ce(s) code(s) tel quil(s) est (sont) défini(s) dans <a href=\"http://www.snomed.org/\"><code>http://snomed.info/sct</code></a><span title=\"Version is not explicity stated. No matching Code System found\"> version Not Stated (use latest from terminology server)</span><table class=\"none\"><tr><td style=\"white-space:nowrap\"><b>Code</b></td><td><b>Display</b></td></tr><tr><td><a href=\"http://snomed.info/id/117590005\">117590005</a></td><td>Ear structure (body structure)</td></tr><tr><td><a href=\"http://snomed.info/id/7569003\">7569003</a></td><td>Finger structure (body structure)</td></tr><tr><td><a href=\"http://snomed.info/id/52795006\">52795006</a></td><td>Forehead structure (body structure)</td></tr><tr><td><a href=\"http://snomed.info/id/279549004\">279549004</a></td><td>Nasal cavity structure (body structure)</td></tr><tr><td><a href=\"http://snomed.info/id/71836000\">71836000</a></td><td>Nasopharyngeal structure (body structure)</td></tr><tr><td><a href=\"http://snomed.info/id/74262004\">74262004</a></td><td>Oral cavity structure (body structure)</td></tr><tr><td><a href=\"http://snomed.info/id/34402009\">34402009</a></td><td>Rectum structure (body structure)</td></tr><tr><td><a href=\"http://snomed.info/id/422543003\">422543003</a></td><td>Structure of axillary fossa (body structure)</td></tr><tr><td><a href=\"http://snomed.info/id/29707007\">29707007</a></td><td>Toe structure (body structure)</td></tr><tr><td><a href=\"http://snomed.info/id/42859004\">42859004</a></td><td>Tympanic membrane structure (body structure)</td></tr><tr><td><a href=\"http://snomed.info/id/89837001\">89837001</a></td><td>Urinary bladder structure (body structure)</td></tr></table></li></ul></div>"},"url":"https://hl7.fr/ig/fhir/core/ValueSet/fr-core-vsbody-temp-meas-body-location","version":"2.2.0-ballot","name":"FRCoreValueSetBodyTemperatureMeasurementBodyLocation","title":"Body Temperature Measurement Body Location value set","status":"active","experimental":false,"date":"2025-11-18T17:20:39+00:00","publisher":"Interop'Santé","contact":[{"name":"Interop'Santé","telecom":[{"system":"url","value":"http://interopsante.org/"}]},{"name":"InteropSanté","telecom":[{"system":"email","value":"fhir@interopsante.org","use":"work"}]}],"description":"SELECT SNOMED CT code system values that describe where on the body the temperature was measured.","jurisdiction":[{"coding":[{"system":"urn:iso:std:iso:3166","code":"FR","display":"France"}]}],"compose":{"include":[{"system":"http://snomed.info/sct","concept":[{"code":"117590005","display":"Ear structure (body structure)"},{"code":"7569003","display":"Finger structure (body structure)"},{"code":"52795006","display":"Forehead structure (body structure)"},{"code":"279549004","display":"Nasal cavity structure (body structure)"},{"code":"71836000","display":"Nasopharyngeal structure (body structure)"},{"code":"74262004","display":"Oral cavity structure (body structure)"},{"code":"34402009","display":"Rectum structure (body structure)"},{"code":"422543003","display":"Structure of axillary fossa (body structure)"},{"code":"29707007","display":"Toe structure (body structure)"},{"code":"42859004","display":"Tympanic membrane structure (body structure)"},{"code":"89837001","display":"Urinary bladder structure (body structure)"}]}]}}