{"resourceType":"CodeSystem","id":"fr-core-cs-circonstances-sortie","meta":{"profile":["http://hl7.org/fhir/StructureDefinition/shareablecodesystem"]},"text":{"status":"generated","div":"<div xmlns=\"http://www.w3.org/1999/xhtml\"><p class=\"res-header-id\"><b>Narratif généré : CodeSystem fr-core-cs-circonstances-sortie</b></p><a name=\"fr-core-cs-circonstances-sortie\"> </a><a name=\"hcfr-core-cs-circonstances-sortie\"> </a><div style=\"display: inline-block; background-color: #d9e0e7; padding: 6px; margin: 4px; border: 1px solid #8da1b4; border-radius: 5px; line-height: 60%\"><p style=\"margin-bottom: 0px\"/><p style=\"margin-bottom: 0px\">Profil: <a href=\"http://hl7.org/fhir/R4/shareablecodesystem.html\">Shareable CodeSystem</a></p></div><p>This case-sensitive code system <code>https://hl7.fr/ig/fhir/core/CodeSystem/fr-core-cs-circonstances-sortie</code> defines the following codes:</p><table class=\"codes\"><tr><td style=\"white-space:nowrap\"><b>Code</b></td><td><b>Affichage</b></td><td><b>Définition</b></td></tr><tr><td style=\"white-space:nowrap\">2<a name=\"fr-core-cs-circonstances-sortie-2\"> </a></td><td>Mesure disciplinaire</td><td>Mesure disciplinaire</td></tr><tr><td style=\"white-space:nowrap\">3<a name=\"fr-core-cs-circonstances-sortie-3\"> </a></td><td>Décision médicale</td><td>Décision médicale</td></tr><tr><td style=\"white-space:nowrap\">4<a name=\"fr-core-cs-circonstances-sortie-4\"> </a></td><td>Contre avis médical</td><td>Contre avis médical</td></tr><tr><td style=\"white-space:nowrap\">5<a name=\"fr-core-cs-circonstances-sortie-5\"> </a></td><td>en attente d'examen</td><td>en attente d'examen</td></tr><tr><td style=\"white-space:nowrap\">6<a name=\"fr-core-cs-circonstances-sortie-6\"> </a></td><td>Convenance personnelle</td><td>Convenance personnelle</td></tr><tr><td style=\"white-space:nowrap\">R<a name=\"fr-core-cs-circonstances-sortie-R\"> </a></td><td>Essai (contexte psychiatrique)</td><td>Essai (contexte psychiatrique)</td></tr><tr><td style=\"white-space:nowrap\">E<a name=\"fr-core-cs-circonstances-sortie-E\"> </a></td><td>Evasion</td><td>Evasion</td></tr><tr><td style=\"white-space:nowrap\">F<a name=\"fr-core-cs-circonstances-sortie-F\"> </a></td><td>Fugue</td><td>Fugue</td></tr><tr><td style=\"white-space:nowrap\">A<a name=\"fr-core-cs-circonstances-sortie-A\"> </a></td><td>Absence ( &lt; 12h)</td><td>Absence ( &lt; 12h)</td></tr><tr><td style=\"white-space:nowrap\">P<a name=\"fr-core-cs-circonstances-sortie-P\"> </a></td><td>Permission ( &lt;72h)</td><td>Permission ( &lt;72h)</td></tr><tr><td style=\"white-space:nowrap\">S<a name=\"fr-core-cs-circonstances-sortie-S\"> </a></td><td>Sortie avec programme de soins</td><td>Sortie avec programme de soins</td></tr><tr><td style=\"white-space:nowrap\">B<a name=\"fr-core-cs-circonstances-sortie-B\"> </a></td><td>Départ vers MCO</td><td>Départ vers MCO</td></tr><tr><td style=\"white-space:nowrap\">REO<a name=\"fr-core-cs-circonstances-sortie-REO\"> </a></td><td>Réorientation</td><td>Réorientation</td></tr><tr><td style=\"white-space:nowrap\">PSA<a name=\"fr-core-cs-circonstances-sortie-PSA\"> </a></td><td>Patient parti sans attendre les soins</td><td>Patient parti sans attendre les soins</td></tr></table></div>"},"url":"https://hl7.fr/ig/fhir/core/CodeSystem/fr-core-cs-circonstances-sortie","version":"2.2.0-ballot","name":"FRCoreCodeSystemCirconstancesSortie","title":"FR Core CodeSystem Circonstances Sortie","status":"draft","experimental":false,"date":"2025-12-29T09:56:40+00:00","publisher":"Interop'Santé","contact":[{"name":"Interop'Santé","telecom":[{"system":"url","value":"http://interopsante.org/"}]},{"name":"InteropSanté","telecom":[{"system":"email","value":"fhir@interopsante.org","use":"work"}]}],"description":"Discharge Disposition","jurisdiction":[{"coding":[{"system":"urn:iso:std:iso:3166","code":"FR","display":"France"}]}],"caseSensitive":true,"content":"complete","count":14,"concept":[{"code":"2","display":"Mesure disciplinaire","definition":"Mesure disciplinaire","designation":[{"use":{"system":"http://terminology.hl7.org/CodeSystem/hl7TermMaintInfra","code":"preferredForLanguage"},"value":"Mesure disciplinaire"}]},{"code":"3","display":"Décision médicale","definition":"Décision médicale","designation":[{"use":{"system":"http://terminology.hl7.org/CodeSystem/hl7TermMaintInfra","code":"preferredForLanguage"},"value":"Décision médicale"}]},{"code":"4","display":"Contre avis médical","definition":"Contre avis médical","designation":[{"use":{"system":"http://terminology.hl7.org/CodeSystem/hl7TermMaintInfra","code":"preferredForLanguage"},"value":"Contre avis médical"}]},{"code":"5","display":"en attente d'examen","definition":"en attente d'examen","designation":[{"use":{"system":"http://terminology.hl7.org/CodeSystem/hl7TermMaintInfra","code":"preferredForLanguage"},"value":"en attente d'examen"}]},{"code":"6","display":"Convenance personnelle","definition":"Convenance personnelle","designation":[{"use":{"system":"http://terminology.hl7.org/CodeSystem/hl7TermMaintInfra","code":"preferredForLanguage"},"value":"Convenance personnelle"}]},{"code":"R","display":"Essai (contexte psychiatrique)","definition":"Essai (contexte psychiatrique)","designation":[{"use":{"system":"http://terminology.hl7.org/CodeSystem/hl7TermMaintInfra","code":"preferredForLanguage"},"value":"Essai (contexte psychiatrique)"}]},{"code":"E","display":"Evasion","definition":"Evasion","designation":[{"use":{"system":"http://terminology.hl7.org/CodeSystem/hl7TermMaintInfra","code":"preferredForLanguage"},"value":"Evasion"}]},{"code":"F","display":"Fugue","definition":"Fugue","designation":[{"use":{"system":"http://terminology.hl7.org/CodeSystem/hl7TermMaintInfra","code":"preferredForLanguage"},"value":"Fugue"}]},{"code":"A","display":"Absence ( < 12h)","definition":"Absence ( < 12h)","designation":[{"use":{"system":"http://terminology.hl7.org/CodeSystem/hl7TermMaintInfra","code":"preferredForLanguage"},"value":"Absence ( < 12h)"}]},{"code":"P","display":"Permission ( <72h)","definition":"Permission ( <72h)","designation":[{"use":{"system":"http://terminology.hl7.org/CodeSystem/hl7TermMaintInfra","code":"preferredForLanguage"},"value":"Permission ( <72h)"}]},{"code":"S","display":"Sortie avec programme de soins","definition":"Sortie avec programme de soins","designation":[{"use":{"system":"http://terminology.hl7.org/CodeSystem/hl7TermMaintInfra","code":"preferredForLanguage"},"value":"Sortie avec programme de soins"}]},{"code":"B","display":"Départ vers MCO","definition":"Départ vers MCO","designation":[{"use":{"system":"http://terminology.hl7.org/CodeSystem/hl7TermMaintInfra","code":"preferredForLanguage"},"value":"Départ vers MCO"}]},{"code":"REO","display":"Réorientation","definition":"Réorientation","designation":[{"use":{"system":"http://terminology.hl7.org/CodeSystem/hl7TermMaintInfra","code":"preferredForLanguage"},"value":"Réorientation"}]},{"code":"PSA","display":"Patient parti sans attendre les soins","definition":"Patient parti sans attendre les soins","designation":[{"use":{"system":"http://terminology.hl7.org/CodeSystem/hl7TermMaintInfra","code":"preferredForLanguage"},"value":"Patient parti sans attendre les soins"}]}]}