{"resourceType":"ValueSet","id":"fr-core-vs-patient-contact-role","meta":{"profile":["http://hl7.org/fhir/StructureDefinition/shareablevalueset"]},"text":{"status":"extensions","div":"<div xmlns=\"http://www.w3.org/1999/xhtml\"><p class=\"res-header-id\"><b>Narratif généré : EnsembleValeurs fr-core-vs-patient-contact-role</b></p><a name=\"fr-core-vs-patient-contact-role\"> </a><a name=\"hcfr-core-vs-patient-contact-role\"> </a><div style=\"display: inline-block; background-color: #d9e0e7; padding: 6px; margin: 4px; border: 1px solid #8da1b4; border-radius: 5px; line-height: 60%\"><p style=\"margin-bottom: 0px\"/><p style=\"margin-bottom: 0px\">Profil: <a href=\"http://hl7.org/fhir/R4/shareablevalueset.html\">Shareable ValueSet</a></p></div><p>Ce jeu de valeur (ValueSet) inclut les codes selon les règles suivantes :</p><ul><li>Inclut tous les codes définis dans <a href=\"https://interop.esante.gouv.fr/terminologies/1.4.0/CodeSystem-TRE-R260-HL7RoleClass.html\"><code>https://mos.esante.gouv.fr/NOS/TRE_R260-HL7RoleClass/FHIR/TRE-R260-HL7RoleClass</code></a><span title=\"La version nest pas explicitement indiquée, ce qui signifie quelle est fixée à 20240426120000, la version trouvée via les références de package\"> version &#x1F4E6;20240426120000</span></li><li>Inclut tous les codes définis dans <a href=\"https://interop.esante.gouv.fr/terminologies/1.4.0/CodeSystem-TRE-R217-ProtectionJuridique.html\"><code>https://mos.esante.gouv.fr/NOS/TRE_R217-ProtectionJuridique/FHIR/TRE-R217-ProtectionJuridique</code></a><span title=\"La version nest pas explicitement indiquée, ce qui signifie quelle est fixée à 20231215120000, la version trouvée via les références de package\"> version &#x1F4E6;20231215120000</span></li><li>Inclut ce(s) code(s) tel quil(s) est (sont) défini(s) dans <a href=\"http://terminology.hl7.org/7.0.1/CodeSystem-v2-0131.html\"><code>http://terminology.hl7.org/CodeSystem/v2-0131</code></a><span title=\"La version nest pas explicitement indiquée, ce qui signifie quelle est fixée à 3.0.0, la version trouvée via les références de package\"> version &#x1F4E6;3.0.0</span><table class=\"none\"><tr><td style=\"white-space:nowrap\"><b>Code</b></td><td><b>Affichage</b></td><td><b>Définition</b></td></tr><tr><td><a href=\"http://terminology.hl7.org/7.0.1/CodeSystem-v2-0131.html#v2-0131-O\">O</a></td><td style=\"color: #cccccc\">Other</td><td>Other</td></tr><tr><td><a href=\"http://terminology.hl7.org/7.0.1/CodeSystem-v2-0131.html#v2-0131-U\">U</a></td><td style=\"color: #cccccc\">Unknown</td><td>Unknown</td></tr></table></li></ul></div>"},"extension":[{"url":"http://hl7.org/fhir/StructureDefinition/valueset-warning","valueMarkdown":"Types are for general categories of identifiers. See [the identifier registry](identifier-registry.html) for a list of common identifier systems"}],"url":"https://hl7.fr/ig/fhir/core/ValueSet/fr-core-vs-patient-contact-role","version":"2.2.0-ballot","name":"FRCoreValueSetPatientContactRole","title":"FR Core ValueSet Patient contact role","status":"active","experimental":false,"date":"2025-12-29T09:23:18+00:00","publisher":"Interop'Santé","contact":[{"name":"Interop'Santé","telecom":[{"system":"url","value":"http://interopsante.org/"}]},{"name":"InteropSanté","telecom":[{"system":"email","value":"fhir@interopsante.org","use":"work"}]}],"description":"ValueSet patient contact role","jurisdiction":[{"coding":[{"system":"urn:iso:std:iso:3166","code":"FR","display":"France"}]}],"compose":{"include":[{"system":"https://mos.esante.gouv.fr/NOS/TRE_R260-HL7RoleClass/FHIR/TRE-R260-HL7RoleClass"},{"system":"https://mos.esante.gouv.fr/NOS/TRE_R217-ProtectionJuridique/FHIR/TRE-R217-ProtectionJuridique"},{"system":"http://terminology.hl7.org/CodeSystem/v2-0131","concept":[{"code":"O"},{"code":"U"}]}]}}