{"resourceType":"ValueSet","id":"fr-core-vs-spo2-body-location","meta":{"profile":["http://hl7.org/fhir/StructureDefinition/shareablevalueset"]},"text":{"status":"generated","div":"<div xmlns=\"http://www.w3.org/1999/xhtml\"><p class=\"res-header-id\"><b>Narratif généré : EnsembleValeurs fr-core-vs-spo2-body-location</b></p><a name=\"fr-core-vs-spo2-body-location\"> </a><a name=\"hcfr-core-vs-spo2-body-location\"> </a><div style=\"display: inline-block; background-color: #d9e0e7; padding: 6px; margin: 4px; border: 1px solid #8da1b4; border-radius: 5px; line-height: 60%\"><p style=\"margin-bottom: 0px\"/><p style=\"margin-bottom: 0px\">Profil: <a href=\"http://hl7.org/fhir/R4/shareablevalueset.html\">Shareable ValueSet</a></p></div><ul><li>Include ce(s) code(s) tel quil(s) est (sont) défini(s) dans <a href=\"http://www.snomed.org/\"><code>http://snomed.info/sct</code></a><span title=\"La version nest pas explicitement indiquée. Aucun {0} correspondant trouvé\"> version Non précisé (utilise la dernière version provenant du serveur de terminologie)</span><table class=\"none\"><tr><td style=\"white-space:nowrap\"><b>Code</b></td><td><b>Affichage</b></td></tr><tr><td><a href=\"http://snomed.info/id/48800003\">48800003</a></td><td>Ear lobule structure (body structure)</td></tr><tr><td><a href=\"http://snomed.info/id/7569003\">7569003</a></td><td>Finger structure (body structure)</td></tr><tr><td><a href=\"http://snomed.info/id/52795006\">52795006</a></td><td>Forehead structure (body structure)</td></tr><tr><td><a href=\"http://snomed.info/id/29707007\">29707007</a></td><td>Toe structure (body structure)</td></tr></table></li></ul></div>"},"url":"https://hl7.fr/ig/fhir/core/ValueSet/fr-core-vs-spo2-body-location","version":"2.2.0-ballot","name":"FRCoreValueSetSPO2BodyLocation","title":"Oxygen Saturation Body Location value set","status":"active","experimental":false,"date":"2025-12-05T09:22:15+00:00","publisher":"Interop'Santé","contact":[{"name":"Interop'Santé","telecom":[{"system":"url","value":"http://interopsante.org/"}]},{"name":"InteropSanté","telecom":[{"system":"email","value":"fhir@interopsante.org","use":"work"}]}],"description":"Select SNOMED CT codes. An set of codes for the location at which oxygen saturation was assessed.","jurisdiction":[{"coding":[{"system":"urn:iso:std:iso:3166","code":"FR","display":"France"}]}],"compose":{"include":[{"system":"http://snomed.info/sct","concept":[{"code":"48800003","display":"Ear lobule structure (body structure)"},{"code":"7569003","display":"Finger structure (body structure)"},{"code":"52795006","display":"Forehead structure (body structure)"},{"code":"29707007","display":"Toe structure (body structure)"}]}]}}