{"resourceType":"ValueSet","id":"fr-core-vs-organization-uf-activity-field","meta":{"profile":["http://hl7.org/fhir/StructureDefinition/shareablevalueset"]},"text":{"status":"extensions","div":"<div xmlns=\"http://www.w3.org/1999/xhtml\"><p class=\"res-header-id\"><b>Narratif généré : EnsembleValeurs fr-core-vs-organization-uf-activity-field</b></p><a name=\"fr-core-vs-organization-uf-activity-field\"> </a><a name=\"hcfr-core-vs-organization-uf-activity-field\"> </a><div style=\"display: inline-block; background-color: #d9e0e7; padding: 6px; margin: 4px; border: 1px solid #8da1b4; border-radius: 5px; line-height: 60%\"><p style=\"margin-bottom: 0px\"/><p style=\"margin-bottom: 0px\">Profil: <a href=\"http://hl7.org/fhir/R4/shareablevalueset.html\">Shareable ValueSet</a></p></div><ul><li>Include ce(s) code(s) tel quil(s) est (sont) défini(s) dans <a href=\"CodeSystem-fr-core-cs-v2-3311.html\"><code>https://hl7.fr/ig/fhir/core/CodeSystem/fr-core-cs-v2-3311</code></a><span title=\"La version nest pas explicitement indiquée, ce qui signifie quelle est fixée à la version fournie dans cette spécification\"> version &#x1F4E6;2.2.0-ballot</span><table class=\"none\"><tr><td style=\"white-space:nowrap\"><b>Code</b></td><td><b>Affichage</b></td><td><b>Définition</b></td></tr><tr><td><a href=\"CodeSystem-fr-core-cs-v2-3311.html#fr-core-cs-v2-3311-MCO\">MCO</a></td><td>MCO</td><td>Médecine, Chirurgie, Obstétrique</td></tr><tr><td><a href=\"CodeSystem-fr-core-cs-v2-3311.html#fr-core-cs-v2-3311-SSR\">SSR</a></td><td>SSR</td><td>Soins de Suite et de Réadaptation</td></tr><tr><td><a href=\"CodeSystem-fr-core-cs-v2-3311.html#fr-core-cs-v2-3311-HD\">HD</a></td><td>HAD</td><td>Hospitalisation À Domicile</td></tr><tr><td><a href=\"CodeSystem-fr-core-cs-v2-3311.html#fr-core-cs-v2-3311-EHPD\">EHPD</a></td><td>EHPAD</td><td>Établissement d’Hébergement pour Personnes Âgées Dépendantes</td></tr><tr><td><a href=\"CodeSystem-fr-core-cs-v2-3311.html#fr-core-cs-v2-3311-LG_SJR\">LG_SJR</a></td><td>Long séjour</td><td>Soins de Longue Durée - long séjour</td></tr><tr><td><a href=\"CodeSystem-fr-core-cs-v2-3311.html#fr-core-cs-v2-3311-MSN_RTRT\">MSN_RTRT</a></td><td>Maison de retraite</td><td>Maison de retraite</td></tr><tr><td><a href=\"CodeSystem-fr-core-cs-v2-3311.html#fr-core-cs-v2-3311-PSY\">PSY</a></td><td>Psy</td><td>Psychiatrie</td></tr><tr><td><a href=\"CodeSystem-fr-core-cs-v2-3311.html#fr-core-cs-v2-3311-URG\">URG</a></td><td>Urgence</td><td>Urgences</td></tr></table></li></ul></div>"},"extension":[{"url":"http://hl7.org/fhir/StructureDefinition/valueset-warning","valueMarkdown":"Types are for general categories of identifiers. See [the identifier registry](identifier-registry.h     tml) for a list of common identifier systems"},{"url":"http://hl7.org/fhir/StructureDefinition/structuredefinition-standards-status","valueCode":"informative"},{"url":"http://hl7.org/fhir/StructureDefinition/structuredefinition-fmm","valueInteger":1},{"url":"http://hl7.org/fhir/StructureDefinition/structuredefinition-wg","valueCode":"fhir"}],"url":"https://hl7.fr/ig/fhir/core/ValueSet/fr-core-vs-organization-uf-activity-field","version":"2.2.0-ballot","name":"FRCoreValueSetOrganizationUFActivityField","title":"FR Core ValueSet Organization UF activity field","status":"draft","experimental":false,"date":"2025-12-05T09:22:15+00:00","publisher":"Interop'Santé","contact":[{"name":"Interop'Santé","telecom":[{"system":"url","value":"http://interopsante.org/"}]},{"name":"InteropSanté","telecom":[{"system":"email","value":"fhir@interopsante.org","use":"work"}]}],"description":"Champ d'activité des structures UF.\r\nOrganization UF activity field","jurisdiction":[{"coding":[{"system":"urn:iso:std:iso:3166","code":"FR","display":"France"}]}],"compose":{"include":[{"system":"https://hl7.fr/ig/fhir/core/CodeSystem/fr-core-cs-v2-3311","concept":[{"code":"MCO","display":"MCO"},{"code":"SSR","display":"SSR"},{"code":"HD","display":"HAD"},{"code":"EHPD","display":"EHPAD"},{"code":"LG_SJR","display":"Long séjour"},{"code":"MSN_RTRT","display":"Maison de retraite"},{"code":"PSY","display":"Psy"},{"code":"URG","display":"Urgence"}]}]}}