{"resourceType":"CodeSystem","id":"fr-core-cs-type-admission","meta":{"profile":["http://hl7.org/fhir/StructureDefinition/shareablecodesystem|4.0.1"]},"text":{"status":"generated","div":"<div xmlns=\"http://www.w3.org/1999/xhtml\"><p class=\"res-header-id\"><b>Narratif généré : CodeSystem fr-core-cs-type-admission</b></p><a name=\"fr-core-cs-type-admission\"> </a><a name=\"hcfr-core-cs-type-admission\"> </a><div style=\"display: inline-block; background-color: #d9e0e7; padding: 6px; margin: 4px; border: 1px solid #8da1b4; border-radius: 5px; line-height: 60%\"><p style=\"margin-bottom: 0px\"/><p style=\"margin-bottom: 0px\">Profil: <a href=\"http://hl7.org/fhir/R4/shareablecodesystem.html\">Shareable CodeSystemversion : null4.0.1)</a></p></div><p>This case-sensitive code system <code>https://hl7.fr/ig/fhir/core/CodeSystem/fr-core-cs-type-admission</code> defines the following codes:</p><table class=\"codes\"><tr><td style=\"white-space:nowrap\"><b>Code</b></td><td><b>Affichage</b></td><td><b>Définition</b></td></tr><tr><td style=\"white-space:nowrap\">RM<a name=\"fr-core-cs-type-admission-RM\"> </a></td><td>Rétrocession de médicament</td><td>Rétrocession de médicament</td></tr><tr><td style=\"white-space:nowrap\">IE<a name=\"fr-core-cs-type-admission-IE\"> </a></td><td>Prestation inter-établissements</td><td>Prestation inter-établissements</td></tr></table></div>"},"url":"https://hl7.fr/ig/fhir/core/CodeSystem/fr-core-cs-type-admission","version":"2.2.0-ballot","name":"FRCoreCodeSystemTypeAdmission","title":"FR Core CodeSystem Type Admission","status":"draft","experimental":false,"date":"2026-01-12T09:11:14+00:00","publisher":"Interop'Santé","contact":[{"name":"Interop'Santé","telecom":[{"system":"url","value":"http://interopsante.org/"}]},{"name":"InteropSanté","telecom":[{"system":"email","value":"fhir@interopsante.org","use":"work"}]}],"description":"Admission type","jurisdiction":[{"coding":[{"system":"urn:iso:std:iso:3166","code":"FR","display":"France"}]}],"caseSensitive":true,"content":"complete","count":2,"concept":[{"code":"RM","display":"Rétrocession de médicament","definition":"Rétrocession de médicament"},{"code":"IE","display":"Prestation inter-établissements","definition":"Prestation inter-établissements"}]}