{"resourceType":"CodeSystem","id":"fr-core-cs-location-position-room","meta":{"profile":["http://hl7.org/fhir/StructureDefinition/shareablecodesystem|4.0.1"]},"text":{"status":"generated","div":"<div xmlns=\"http://www.w3.org/1999/xhtml\"><p class=\"res-header-id\"><b>Narratif généré : CodeSystem fr-core-cs-location-position-room</b></p><a name=\"fr-core-cs-location-position-room\"> </a><a name=\"hcfr-core-cs-location-position-room\"> </a><div style=\"display: inline-block; background-color: #d9e0e7; padding: 6px; margin: 4px; border: 1px solid #8da1b4; border-radius: 5px; line-height: 60%\"><p style=\"margin-bottom: 0px\"/><p style=\"margin-bottom: 0px\">Profil: <a href=\"http://hl7.org/fhir/R4/shareablecodesystem.html\">Shareable CodeSystemversion : null4.0.1)</a></p></div><p>This case-sensitive code system <code>https://hl7.fr/ig/fhir/core/CodeSystem/fr-core-cs-location-position-room</code> defines the following codes:</p><table class=\"codes\"><tr><td style=\"white-space:nowrap\"><b>Code</b></td><td><b>Affichage</b></td><td><b>Définition</b></td></tr><tr><td style=\"white-space:nowrap\">FNTR<a name=\"fr-core-cs-location-position-room-FNTR\"> </a></td><td>Coté fenetre</td><td>Coté fenetre</td></tr><tr><td style=\"white-space:nowrap\">CLR<a name=\"fr-core-cs-location-position-room-CLR\"> </a></td><td>coté couloir</td><td>coté couloir</td></tr><tr><td style=\"white-space:nowrap\">ML<a name=\"fr-core-cs-location-position-room-ML\"> </a></td><td>au mileu de la chambre</td><td>au mileu de la chambre</td></tr></table></div>"},"url":"https://hl7.fr/ig/fhir/core/CodeSystem/fr-core-cs-location-position-room","version":"2.2.0-ballot","name":"FRCoreCodeSystemLocationPositionRoom","title":"FR Core CodeSystem Location Position Room","status":"draft","experimental":false,"date":"2026-01-12T10:00:46+00:00","publisher":"Interop'Santé","contact":[{"name":"Interop'Santé","telecom":[{"system":"url","value":"http://interopsante.org/"}]},{"name":"InteropSanté","telecom":[{"system":"email","value":"fhir@interopsante.org","use":"work"}]}],"description":"Location position room","jurisdiction":[{"coding":[{"system":"urn:iso:std:iso:3166","code":"FR","display":"France"}]}],"caseSensitive":true,"content":"complete","count":3,"concept":[{"code":"FNTR","display":"Coté fenetre","definition":"Coté fenetre","designation":[{"use":{"system":"http://terminology.hl7.org/CodeSystem/hl7TermMaintInfra","code":"preferredForLanguage"},"value":"Coté fenetre"}]},{"code":"CLR","display":"coté couloir","definition":"coté couloir","designation":[{"use":{"system":"http://terminology.hl7.org/CodeSystem/hl7TermMaintInfra","code":"preferredForLanguage"},"value":"coté couloir"}]},{"code":"ML","display":"au mileu de la chambre","definition":"au mileu de la chambre","designation":[{"use":{"system":"http://terminology.hl7.org/CodeSystem/hl7TermMaintInfra","code":"preferredForLanguage"},"value":"au mileu de la chambre"}]}]}