{"resourceType":"CodeSystem","id":"fr-core-cs-marital-status","meta":{"profile":["http://hl7.org/fhir/StructureDefinition/shareablecodesystem|4.0.1"]},"text":{"status":"generated","div":"<div xmlns=\"http://www.w3.org/1999/xhtml\"><p class=\"res-header-id\"><b>Narratif généré : CodeSystem fr-core-cs-marital-status</b></p><a name=\"fr-core-cs-marital-status\"> </a><a name=\"hcfr-core-cs-marital-status\"> </a><div style=\"display: inline-block; background-color: #d9e0e7; padding: 6px; margin: 4px; border: 1px solid #8da1b4; border-radius: 5px; line-height: 60%\"><p style=\"margin-bottom: 0px\"/><p style=\"margin-bottom: 0px\">Profil: <a href=\"http://hl7.org/fhir/R4/shareablecodesystem.html\">Shareable CodeSystemversion : null4.0.1)</a></p></div><p>This case-sensitive code system <code>https://hl7.fr/ig/fhir/core/CodeSystem/fr-core-cs-marital-status</code> defines the following code:</p><table class=\"codes\"><tr><td style=\"white-space:nowrap\"><b>Code</b></td><td><b>Définition</b></td></tr><tr><td style=\"white-space:nowrap\">PACS<a name=\"fr-core-cs-marital-status-PACS\"> </a></td><td>PACS</td></tr></table></div>"},"url":"https://hl7.fr/ig/fhir/core/CodeSystem/fr-core-cs-marital-status","version":"2.2.0-ballot","name":"FRCoreCodeSystemMaritalStatus","title":"FR Core CodeSystem Marital Status","status":"draft","experimental":false,"date":"2026-01-12T09:11:14+00:00","publisher":"Interop'Santé","contact":[{"name":"Interop'Santé","telecom":[{"system":"url","value":"http://interopsante.org/"}]},{"name":"InteropSanté","telecom":[{"system":"email","value":"fhir@interopsante.org","use":"work"}]}],"description":"Marital status","jurisdiction":[{"coding":[{"system":"urn:iso:std:iso:3166","code":"FR","display":"France"}]}],"caseSensitive":true,"content":"complete","count":1,"concept":[{"code":"PACS","display":"PACS","definition":"PACS","designation":[{"use":{"system":"http://terminology.hl7.org/CodeSystem/hl7TermMaintInfra","code":"preferredForLanguage"},"value":"PACS"}]}]}