{"resourceType":"ValueSet","id":"fr-core-vs-patient-gender","meta":{"profile":["http://hl7.org/fhir/StructureDefinition/shareablevalueset|4.0.1"]},"text":{"status":"extensions","div":"<div xmlns=\"http://www.w3.org/1999/xhtml\"><p class=\"res-header-id\"><b>Narratif généré : EnsembleValeurs fr-core-vs-patient-gender</b></p><a name=\"fr-core-vs-patient-gender\"> </a><a name=\"hcfr-core-vs-patient-gender\"> </a><div style=\"display: inline-block; background-color: #d9e0e7; padding: 6px; margin: 4px; border: 1px solid #8da1b4; border-radius: 5px; line-height: 60%\"><p style=\"margin-bottom: 0px\"/><p style=\"margin-bottom: 0px\">Profil: <a href=\"http://hl7.org/fhir/R4/shareablevalueset.html\">Shareable ValueSetversion : null4.0.1)</a></p></div><ul><li>Include ce(s) code(s) tel quil(s) est (sont) défini(s) dans <a href=\"http://hl7.org/fhir/R4/codesystem-administrative-gender.html\"><code>http://hl7.org/fhir/administrative-gender</code></a><span title=\"La version nest pas explicitement indiquée, ce qui signifie quelle est fixée à 4.0.1, la version trouvée via les références de package\"> version &#x1F4E6;4.0.1</span><table class=\"none\"><tr><td style=\"white-space:nowrap\"><b>Code</b></td><td><b>Affichage</b></td><td><b>Définition</b></td></tr><tr><td><a href=\"http://hl7.org/fhir/R4/codesystem-administrative-gender.html#administrative-gender-male\">male</a></td><td style=\"color: #cccccc\">Male</td><td>Male.</td></tr><tr><td><a href=\"http://hl7.org/fhir/R4/codesystem-administrative-gender.html#administrative-gender-female\">female</a></td><td style=\"color: #cccccc\">Female</td><td>Female.</td></tr><tr><td><a href=\"http://hl7.org/fhir/R4/codesystem-administrative-gender.html#administrative-gender-unknown\">unknown</a></td><td style=\"color: #cccccc\">Unknown</td><td>Unknown.</td></tr></table></li></ul></div>"},"url":"https://hl7.fr/ig/fhir/core/ValueSet/fr-core-vs-patient-gender","version":"2.2.0-ballot","name":"FRCoreValueSetPatientGender","title":"FR Core ValueSet Patient gender","status":"active","experimental":false,"date":"2025-12-29T14:07:05+00:00","publisher":"Interop'Santé","contact":[{"name":"Interop'Santé","telecom":[{"system":"url","value":"http://interopsante.org/"}]},{"name":"InteropSanté","telecom":[{"system":"email","value":"fhir@interopsante.org","use":"work"}]}],"description":"Genres autorisés dans le cadre du genre administratif du Patient en France. Pour partager des genres suplémentaires (ex. biologique), cf gender harmony implementation guide.\r\nPermitted genders for French Patient gender.","jurisdiction":[{"coding":[{"system":"urn:iso:std:iso:3166","code":"FR","display":"France"}]}],"compose":{"include":[{"system":"http://hl7.org/fhir/administrative-gender","concept":[{"code":"male"},{"code":"female"},{"code":"unknown"}]}]}}