{"resourceType":"ValueSet","id":"fr-core-vs-height-meas-method","meta":{"profile":["http://hl7.org/fhir/StructureDefinition/shareablevalueset|4.0.1"]},"text":{"status":"generated","div":"<div xmlns=\"http://www.w3.org/1999/xhtml\"><p class=\"res-header-id\"><b>Narratif généré : EnsembleValeurs fr-core-vs-height-meas-method</b></p><a name=\"fr-core-vs-height-meas-method\"> </a><a name=\"hcfr-core-vs-height-meas-method\"> </a><div style=\"display: inline-block; background-color: #d9e0e7; padding: 6px; margin: 4px; border: 1px solid #8da1b4; border-radius: 5px; line-height: 60%\"><p style=\"margin-bottom: 0px\"/><p style=\"margin-bottom: 0px\">Profil: <a href=\"http://hl7.org/fhir/R4/shareablevalueset.html\">Shareable ValueSetversion : null4.0.1)</a></p></div><ul><li>Include ce(s) code(s) tel quil(s) est (sont) défini(s) dans <a href=\"http://www.snomed.org/\"><code>http://snomed.info/sct</code></a><span title=\"La version nest pas explicitement indiquée. Aucun {0} correspondant trouvé\"> version Non précisé (utilise la dernière version provenant du serveur de terminologie)</span><table class=\"none\"><tr><td style=\"white-space:nowrap\"><b>Code</b></td><td><b>Affichage</b></td></tr><tr><td><a href=\"http://snomed.info/id/414135002\">414135002</a></td><td>Estimated (qualifier value)</td></tr><tr><td><a href=\"http://snomed.info/id/258104002\">258104002</a></td><td>Measured (qualifier value)</td></tr><tr><td><a href=\"http://snomed.info/id/733985002\">733985002</a></td><td>Reported (qualifier value)</td></tr></table></li></ul></div>"},"url":"https://hl7.fr/ig/fhir/core/ValueSet/fr-core-vs-height-meas-method","version":"2.2.0-ballot","name":"FRCoreValueSetHeightMeasurementMethod","title":"Height Length Measurement Method value set","status":"active","experimental":false,"date":"2025-12-29T13:55:09+00:00","publisher":"Interop'Santé","contact":[{"name":"Interop'Santé","telecom":[{"system":"url","value":"http://interopsante.org/"}]},{"name":"InteropSanté","telecom":[{"system":"email","value":"fhir@interopsante.org","use":"work"}]}],"description":"SELECT SNOMED CT code system values that describe how the height/length was measured.","jurisdiction":[{"coding":[{"system":"urn:iso:std:iso:3166","code":"FR","display":"France"}]}],"compose":{"include":[{"system":"http://snomed.info/sct","concept":[{"code":"414135002","display":"Estimated (qualifier value)"},{"code":"258104002","display":"Measured (qualifier value)"},{"code":"733985002","display":"Reported (qualifier value)"}]}]}}