<?xml version="1.0" encoding="UTF-8"?>

<CodeSystem xmlns="http://hl7.org/fhir">
  <id value="fr-core-cs-contact-relationship"/>
  <meta>
    <profile value="http://hl7.org/fhir/StructureDefinition/shareablecodesystem"/>
  </meta>
  <text>
    <status value="generated"/><div xmlns="http://www.w3.org/1999/xhtml"><p class="res-header-id"><b>Narratif généré : CodeSystem fr-core-cs-contact-relationship</b></p><a name="fr-core-cs-contact-relationship"> </a><a name="hcfr-core-cs-contact-relationship"> </a><div style="display: inline-block; background-color: #d9e0e7; padding: 6px; margin: 4px; border: 1px solid #8da1b4; border-radius: 5px; line-height: 60%"><p style="margin-bottom: 0px"/><p style="margin-bottom: 0px">Profil: <a href="http://hl7.org/fhir/R4/shareablecodesystem.html">Shareable CodeSystem</a></p></div><p>This case-sensitive code system <code>https://hl7.fr/ig/fhir/core/CodeSystem/fr-core-cs-contact-relationship</code> defines the following codes:</p><table class="codes"><tr><td style="white-space:nowrap"><b>Code</b></td><td><b>Affichage</b></td><td><b>Définition</b></td></tr><tr><td style="white-space:nowrap">WRD<a name="fr-core-cs-contact-relationship-WRD"> </a></td><td>Dépositaire de la tutelle judiciare</td><td>Dépositaire de la tutelle judiciare</td></tr><tr><td style="white-space:nowrap">GRD<a name="fr-core-cs-contact-relationship-GRD"> </a></td><td>Tuteur</td><td>Tuteur</td></tr><tr><td style="white-space:nowrap">CUR<a name="fr-core-cs-contact-relationship-CUR"> </a></td><td>Représentant légal</td><td>Représentant légal</td></tr><tr><td style="white-space:nowrap">CURTL<a name="fr-core-cs-contact-relationship-CURTL"> </a></td><td>Curatelle</td><td>Curatelle</td></tr><tr><td style="white-space:nowrap">EDUREF<a name="fr-core-cs-contact-relationship-EDUREF"> </a></td><td>Educateur référent</td><td>Educateur référent</td></tr><tr><td style="white-space:nowrap">SVG<a name="fr-core-cs-contact-relationship-SVG"> </a></td><td>Sauvegarde juridique</td><td>Sauvegarde juridique</td></tr><tr><td style="white-space:nowrap">K<a name="fr-core-cs-contact-relationship-K"> </a></td><td>Personne de confiance</td><td>Personne de confiance</td></tr><tr><td style="white-space:nowrap">P<a name="fr-core-cs-contact-relationship-P"> </a></td><td>Personne à ne pas prévenir</td><td>Personne à ne pas prévenir</td></tr><tr><td style="white-space:nowrap">FAMMEMB<a name="fr-core-cs-contact-relationship-FAMMEMB"> </a></td><td>family member</td><td>family member</td></tr><tr><td style="white-space:nowrap">CHILD<a name="fr-core-cs-contact-relationship-CHILD"> </a></td><td>child</td><td>child</td></tr><tr><td style="white-space:nowrap">CHLDADOPT<a name="fr-core-cs-contact-relationship-CHLDADOPT"> </a></td><td>adopted child</td><td>adopted child</td></tr><tr><td style="white-space:nowrap">DAUADOPT<a name="fr-core-cs-contact-relationship-DAUADOPT"> </a></td><td>adopted daughter</td><td>adopted daughter</td></tr><tr><td style="white-space:nowrap">SONADOPT<a name="fr-core-cs-contact-relationship-SONADOPT"> </a></td><td>adopted son</td><td>adopted son</td></tr><tr><td style="white-space:nowrap">CHLDFOST<a name="fr-core-cs-contact-relationship-CHLDFOST"> </a></td><td>foster child</td><td>foster child</td></tr><tr><td style="white-space:nowrap">SONFOST<a name="fr-core-cs-contact-relationship-SONFOST"> </a></td><td>foster son</td><td>foster son</td></tr><tr><td style="white-space:nowrap">DAUC<a name="fr-core-cs-contact-relationship-DAUC"> </a></td><td>daughter</td><td>daughter</td></tr><tr><td style="white-space:nowrap">STPDAU<a name="fr-core-cs-contact-relationship-STPDAU"> </a></td><td>stepdaughter</td><td>stepdaughter</td></tr><tr><td style="white-space:nowrap">SONC<a name="fr-core-cs-contact-relationship-SONC"> </a></td><td>son</td><td>son</td></tr><tr><td style="white-space:nowrap">STPSON<a name="fr-core-cs-contact-relationship-STPSON"> </a></td><td>stepson</td><td>stepson</td></tr><tr><td style="white-space:nowrap">STPCHLD<a name="fr-core-cs-contact-relationship-STPCHLD"> </a></td><td>step child</td><td>step child</td></tr><tr><td style="white-space:nowrap">EXT<a name="fr-core-cs-contact-relationship-EXT"> </a></td><td>extended family member</td><td>extended family member</td></tr><tr><td style="white-space:nowrap">AUNT<a name="fr-core-cs-contact-relationship-AUNT"> </a></td><td>aunt</td><td>aunt</td></tr><tr><td style="white-space:nowrap">COUSN<a name="fr-core-cs-contact-relationship-COUSN"> </a></td><td>cousin</td><td>cousin</td></tr><tr><td style="white-space:nowrap">GGRPRN<a name="fr-core-cs-contact-relationship-GGRPRN"> </a></td><td>great grandparent</td><td>great grandparent</td></tr><tr><td style="white-space:nowrap">GGRFTH<a name="fr-core-cs-contact-relationship-GGRFTH"> </a></td><td>great grandfather</td><td>great grandfather</td></tr><tr><td style="white-space:nowrap">GGRMTH<a name="fr-core-cs-contact-relationship-GGRMTH"> </a></td><td>great grandmather</td><td>great grandmather</td></tr><tr><td style="white-space:nowrap">GRNDCHILD<a name="fr-core-cs-contact-relationship-GRNDCHILD"> </a></td><td>grandchild</td><td>grandchild</td></tr><tr><td style="white-space:nowrap">GRNDDAU<a name="fr-core-cs-contact-relationship-GRNDDAU"> </a></td><td>granddaughter</td><td>granddaughter</td></tr><tr><td style="white-space:nowrap">GRNDSON<a name="fr-core-cs-contact-relationship-GRNDSON"> </a></td><td>grandson</td><td>grandson</td></tr><tr><td style="white-space:nowrap">GRPRN<a name="fr-core-cs-contact-relationship-GRPRN"> </a></td><td>grandparent</td><td>grandparent</td></tr><tr><td style="white-space:nowrap">GRFTH<a name="fr-core-cs-contact-relationship-GRFTH"> </a></td><td>grandfather</td><td>grandfather</td></tr><tr><td style="white-space:nowrap">GRMTH<a name="fr-core-cs-contact-relationship-GRMTH"> </a></td><td>grandmather</td><td>grandmather</td></tr><tr><td style="white-space:nowrap">CHLDINLAW<a name="fr-core-cs-contact-relationship-CHLDINLAW"> </a></td><td>child in-law</td><td>child in-law</td></tr><tr><td style="white-space:nowrap">DAUINLAW<a name="fr-core-cs-contact-relationship-DAUINLAW"> </a></td><td>daughter in-law</td><td>daughter in-law</td></tr><tr><td style="white-space:nowrap">PRNINLAW<a name="fr-core-cs-contact-relationship-PRNINLAW"> </a></td><td>parent in-law</td><td>parent in-law</td></tr><tr><td style="white-space:nowrap">FTHINLAW<a name="fr-core-cs-contact-relationship-FTHINLAW"> </a></td><td>father in-law</td><td>father in-law</td></tr><tr><td style="white-space:nowrap">MTHINLAW<a name="fr-core-cs-contact-relationship-MTHINLAW"> </a></td><td>mother in-law</td><td>mother in-law</td></tr><tr><td style="white-space:nowrap">SIBINLAW<a name="fr-core-cs-contact-relationship-SIBINLAW"> </a></td><td>sibbling in-law</td><td>sibbling in-law</td></tr><tr><td style="white-space:nowrap">BROINLAW<a name="fr-core-cs-contact-relationship-BROINLAW"> </a></td><td>brother in-law</td><td>brother in-law</td></tr><tr><td style="white-space:nowrap">SISINLAW<a name="fr-core-cs-contact-relationship-SISINLAW"> </a></td><td>sister in-law</td><td>sister in-law</td></tr><tr><td style="white-space:nowrap">NIENEPH<a name="fr-core-cs-contact-relationship-NIENEPH"> </a></td><td>niece/nephew</td><td>niece/nephew</td></tr><tr><td style="white-space:nowrap">NEPHEW<a name="fr-core-cs-contact-relationship-NEPHEW"> </a></td><td>nephew</td><td>nephew</td></tr><tr><td style="white-space:nowrap">NIECE<a name="fr-core-cs-contact-relationship-NIECE"> </a></td><td>niece</td><td>niece</td></tr><tr><td style="white-space:nowrap">UNCLE<a name="fr-core-cs-contact-relationship-UNCLE"> </a></td><td>uncle</td><td>uncle</td></tr><tr><td style="white-space:nowrap">PRN<a name="fr-core-cs-contact-relationship-PRN"> </a></td><td>parent</td><td>parent</td></tr><tr><td style="white-space:nowrap">ADOPTP<a name="fr-core-cs-contact-relationship-ADOPTP"> </a></td><td>adoptive parent</td><td>adoptive parent</td></tr><tr><td style="white-space:nowrap">ADOPTF<a name="fr-core-cs-contact-relationship-ADOPTF"> </a></td><td>adoptive father</td><td>adoptive father</td></tr><tr><td style="white-space:nowrap">ADOPTM<a name="fr-core-cs-contact-relationship-ADOPTM"> </a></td><td>adoptive mother</td><td>adoptive mother</td></tr><tr><td style="white-space:nowrap">FTH<a name="fr-core-cs-contact-relationship-FTH"> </a></td><td>father</td><td>father</td></tr><tr><td style="white-space:nowrap">FTHFOST<a name="fr-core-cs-contact-relationship-FTHFOST"> </a></td><td>foster father</td><td>foster father</td></tr><tr><td style="white-space:nowrap">NFTH<a name="fr-core-cs-contact-relationship-NFTH"> </a></td><td>natural father</td><td>natural father</td></tr><tr><td style="white-space:nowrap">STPFTH<a name="fr-core-cs-contact-relationship-STPFTH"> </a></td><td>step father</td><td>step father</td></tr><tr><td style="white-space:nowrap">MTH<a name="fr-core-cs-contact-relationship-MTH"> </a></td><td>mother</td><td>mother</td></tr><tr><td style="white-space:nowrap">MTHFOST<a name="fr-core-cs-contact-relationship-MTHFOST"> </a></td><td>foster mother</td><td>foster mother</td></tr><tr><td style="white-space:nowrap">GESTM<a name="fr-core-cs-contact-relationship-GESTM"> </a></td><td>gestational mother</td><td>gestational mother</td></tr><tr><td style="white-space:nowrap">NMTH<a name="fr-core-cs-contact-relationship-NMTH"> </a></td><td>natural mother</td><td>natural mother</td></tr><tr><td style="white-space:nowrap">STPMTH<a name="fr-core-cs-contact-relationship-STPMTH"> </a></td><td>stepmother</td><td>stepmother</td></tr><tr><td style="white-space:nowrap">NPRN<a name="fr-core-cs-contact-relationship-NPRN"> </a></td><td>natural parent</td><td>natural parent</td></tr><tr><td style="white-space:nowrap">STPPRN<a name="fr-core-cs-contact-relationship-STPPRN"> </a></td><td>step parent</td><td>step parent</td></tr><tr><td style="white-space:nowrap">SIB<a name="fr-core-cs-contact-relationship-SIB"> </a></td><td>sibling</td><td>sibling</td></tr><tr><td style="white-space:nowrap">BRO<a name="fr-core-cs-contact-relationship-BRO"> </a></td><td>brother</td><td>brother</td></tr><tr><td style="white-space:nowrap">HBRO<a name="fr-core-cs-contact-relationship-HBRO"> </a></td><td>half-brother</td><td>half-brother</td></tr><tr><td style="white-space:nowrap">NBRO<a name="fr-core-cs-contact-relationship-NBRO"> </a></td><td>natural brother</td><td>natural brother</td></tr><tr><td style="white-space:nowrap">TWINBRO<a name="fr-core-cs-contact-relationship-TWINBRO"> </a></td><td>twin brother</td><td>twin brother</td></tr><tr><td style="white-space:nowrap">STPBRO<a name="fr-core-cs-contact-relationship-STPBRO"> </a></td><td>stepbrother</td><td>stepbrother</td></tr><tr><td style="white-space:nowrap">HSIB<a name="fr-core-cs-contact-relationship-HSIB"> </a></td><td>half-sibling</td><td>half-sibling</td></tr><tr><td style="white-space:nowrap">HSIS<a name="fr-core-cs-contact-relationship-HSIS"> </a></td><td>half-sister</td><td>half-sister</td></tr><tr><td style="white-space:nowrap">NSIB<a name="fr-core-cs-contact-relationship-NSIB"> </a></td><td>natural sibling</td><td>natural sibling</td></tr><tr><td style="white-space:nowrap">NSIS<a name="fr-core-cs-contact-relationship-NSIS"> </a></td><td>natural sister</td><td>natural sister</td></tr><tr><td style="white-space:nowrap">TWINSIS<a name="fr-core-cs-contact-relationship-TWINSIS"> </a></td><td>twin sister</td><td>twin sister</td></tr><tr><td style="white-space:nowrap">TWIN<a name="fr-core-cs-contact-relationship-TWIN"> </a></td><td>twin</td><td>twin</td></tr><tr><td style="white-space:nowrap">SIS<a name="fr-core-cs-contact-relationship-SIS"> </a></td><td>sister</td><td>sister</td></tr><tr><td style="white-space:nowrap">STPSIS<a name="fr-core-cs-contact-relationship-STPSIS"> </a></td><td>stepsister</td><td>stepsister</td></tr><tr><td style="white-space:nowrap">STPSIB<a name="fr-core-cs-contact-relationship-STPSIB"> </a></td><td>step sibling</td><td>step sibling</td></tr><tr><td style="white-space:nowrap">SIGOTHR<a name="fr-core-cs-contact-relationship-SIGOTHR"> </a></td><td>significant other</td><td>significant other</td></tr><tr><td style="white-space:nowrap">DOMPART<a name="fr-core-cs-contact-relationship-DOMPART"> </a></td><td>domestic partner</td><td>domestic partner</td></tr><tr><td style="white-space:nowrap">SPS<a name="fr-core-cs-contact-relationship-SPS"> </a></td><td>spouse</td><td>spouse</td></tr><tr><td style="white-space:nowrap">HUSB<a name="fr-core-cs-contact-relationship-HUSB"> </a></td><td>husband</td><td>husband</td></tr><tr><td style="white-space:nowrap">WIFE<a name="fr-core-cs-contact-relationship-WIFE"> </a></td><td>wife</td><td>wife</td></tr><tr><td style="white-space:nowrap">FRND<a name="fr-core-cs-contact-relationship-FRND"> </a></td><td>unrelated friend</td><td>unrelated friend</td></tr><tr><td style="white-space:nowrap">NBOR<a name="fr-core-cs-contact-relationship-NBOR"> </a></td><td>neighbor</td><td>neighbor</td></tr></table></div>
  </text>
  <url value="https://hl7.fr/ig/fhir/core/CodeSystem/fr-core-cs-contact-relationship"/>
  <version value="2.2.0-ballot"/>
  <name value="FRCoreCodeSystemContactRelationship"/>
  <title value="FR Core CodeSystem Contact Relationship"/>
  <status value="draft"/>
  <experimental value="false"/>
  <date value="2025-12-02T20:49:48+00:00"/>
  <publisher value="Interop'Santé"/>
  <contact>
    <name value="Interop'Santé"/>
    <telecom>
      <system value="url"/>
      <value value="http://interopsante.org/"/>
    </telecom>
  </contact>
  <contact>
    <name value="InteropSanté"/>
    <telecom>
      <system value="email"/>
      <value value="fhir@interopsante.org"/>
      <use value="work"/>
    </telecom>
  </contact>
  <description value="Relationship type"/>
  <jurisdiction>
    <coding>
      <system value="urn:iso:std:iso:3166"/>
      <code value="FR"/>
      <display value="France"/>
    </coding>
  </jurisdiction>
  <caseSensitive value="true"/>
  <content value="complete"/>
  <count value="81"/>
  <concept>
    <code value="WRD"/>
    <display value="Dépositaire de la tutelle judiciare"/>
    <definition value="Dépositaire de la tutelle judiciare"/>
  </concept>
  <concept>
    <code value="GRD"/>
    <display value="Tuteur"/>
    <definition value="Tuteur"/>
  </concept>
  <concept>
    <code value="CUR"/>
    <display value="Représentant légal"/>
    <definition value="Représentant légal"/>
  </concept>
  <concept>
    <code value="CURTL"/>
    <display value="Curatelle"/>
    <definition value="Curatelle"/>
  </concept>
  <concept>
    <code value="EDUREF"/>
    <display value="Educateur référent"/>
    <definition value="Educateur référent"/>
  </concept>
  <concept>
    <code value="SVG"/>
    <display value="Sauvegarde juridique"/>
    <definition value="Sauvegarde juridique"/>
  </concept>
  <concept>
    <code value="K"/>
    <display value="Personne de confiance"/>
    <definition value="Personne de confiance"/>
  </concept>
  <concept>
    <code value="P"/>
    <display value="Personne à ne pas prévenir"/>
    <definition value="Personne à ne pas prévenir"/>
  </concept>
  <concept>
    <code value="FAMMEMB"/>
    <display value="family member"/>
    <definition value="family member"/>
  </concept>
  <concept>
    <code value="CHILD"/>
    <display value="child"/>
    <definition value="child"/>
  </concept>
  <concept>
    <code value="CHLDADOPT"/>
    <display value="adopted child"/>
    <definition value="adopted child"/>
  </concept>
  <concept>
    <code value="DAUADOPT"/>
    <display value="adopted daughter"/>
    <definition value="adopted daughter"/>
  </concept>
  <concept>
    <code value="SONADOPT"/>
    <display value="adopted son"/>
    <definition value="adopted son"/>
  </concept>
  <concept>
    <code value="CHLDFOST"/>
    <display value="foster child"/>
    <definition value="foster child"/>
  </concept>
  <concept>
    <code value="SONFOST"/>
    <display value="foster son"/>
    <definition value="foster son"/>
  </concept>
  <concept>
    <code value="DAUC"/>
    <display value="daughter"/>
    <definition value="daughter"/>
  </concept>
  <concept>
    <code value="STPDAU"/>
    <display value="stepdaughter"/>
    <definition value="stepdaughter"/>
  </concept>
  <concept>
    <code value="SONC"/>
    <display value="son"/>
    <definition value="son"/>
  </concept>
  <concept>
    <code value="STPSON"/>
    <display value="stepson"/>
    <definition value="stepson"/>
  </concept>
  <concept>
    <code value="STPCHLD"/>
    <display value="step child"/>
    <definition value="step child"/>
  </concept>
  <concept>
    <code value="EXT"/>
    <display value="extended family member"/>
    <definition value="extended family member"/>
  </concept>
  <concept>
    <code value="AUNT"/>
    <display value="aunt"/>
    <definition value="aunt"/>
  </concept>
  <concept>
    <code value="COUSN"/>
    <display value="cousin"/>
    <definition value="cousin"/>
  </concept>
  <concept>
    <code value="GGRPRN"/>
    <display value="great grandparent"/>
    <definition value="great grandparent"/>
  </concept>
  <concept>
    <code value="GGRFTH"/>
    <display value="great grandfather"/>
    <definition value="great grandfather"/>
  </concept>
  <concept>
    <code value="GGRMTH"/>
    <display value="great grandmather"/>
    <definition value="great grandmather"/>
  </concept>
  <concept>
    <code value="GRNDCHILD"/>
    <display value="grandchild"/>
    <definition value="grandchild"/>
  </concept>
  <concept>
    <code value="GRNDDAU"/>
    <display value="granddaughter"/>
    <definition value="granddaughter"/>
  </concept>
  <concept>
    <code value="GRNDSON"/>
    <display value="grandson"/>
    <definition value="grandson"/>
  </concept>
  <concept>
    <code value="GRPRN"/>
    <display value="grandparent"/>
    <definition value="grandparent"/>
  </concept>
  <concept>
    <code value="GRFTH"/>
    <display value="grandfather"/>
    <definition value="grandfather"/>
  </concept>
  <concept>
    <code value="GRMTH"/>
    <display value="grandmather"/>
    <definition value="grandmather"/>
  </concept>
  <concept>
    <code value="CHLDINLAW"/>
    <display value="child in-law"/>
    <definition value="child in-law"/>
  </concept>
  <concept>
    <code value="DAUINLAW"/>
    <display value="daughter in-law"/>
    <definition value="daughter in-law"/>
  </concept>
  <concept>
    <code value="PRNINLAW"/>
    <display value="parent in-law"/>
    <definition value="parent in-law"/>
  </concept>
  <concept>
    <code value="FTHINLAW"/>
    <display value="father in-law"/>
    <definition value="father in-law"/>
  </concept>
  <concept>
    <code value="MTHINLAW"/>
    <display value="mother in-law"/>
    <definition value="mother in-law"/>
  </concept>
  <concept>
    <code value="SIBINLAW"/>
    <display value="sibbling in-law"/>
    <definition value="sibbling in-law"/>
  </concept>
  <concept>
    <code value="BROINLAW"/>
    <display value="brother in-law"/>
    <definition value="brother in-law"/>
  </concept>
  <concept>
    <code value="SISINLAW"/>
    <display value="sister in-law"/>
    <definition value="sister in-law"/>
  </concept>
  <concept>
    <code value="NIENEPH"/>
    <display value="niece/nephew"/>
    <definition value="niece/nephew"/>
  </concept>
  <concept>
    <code value="NEPHEW"/>
    <display value="nephew"/>
    <definition value="nephew"/>
  </concept>
  <concept>
    <code value="NIECE"/>
    <display value="niece"/>
    <definition value="niece"/>
  </concept>
  <concept>
    <code value="UNCLE"/>
    <display value="uncle"/>
    <definition value="uncle"/>
  </concept>
  <concept>
    <code value="PRN"/>
    <display value="parent"/>
    <definition value="parent"/>
  </concept>
  <concept>
    <code value="ADOPTP"/>
    <display value="adoptive parent"/>
    <definition value="adoptive parent"/>
  </concept>
  <concept>
    <code value="ADOPTF"/>
    <display value="adoptive father"/>
    <definition value="adoptive father"/>
  </concept>
  <concept>
    <code value="ADOPTM"/>
    <display value="adoptive mother"/>
    <definition value="adoptive mother"/>
  </concept>
  <concept>
    <code value="FTH"/>
    <display value="father"/>
    <definition value="father"/>
  </concept>
  <concept>
    <code value="FTHFOST"/>
    <display value="foster father"/>
    <definition value="foster father"/>
  </concept>
  <concept>
    <code value="NFTH"/>
    <display value="natural father"/>
    <definition value="natural father"/>
  </concept>
  <concept>
    <code value="STPFTH"/>
    <display value="step father"/>
    <definition value="step father"/>
  </concept>
  <concept>
    <code value="MTH"/>
    <display value="mother"/>
    <definition value="mother"/>
  </concept>
  <concept>
    <code value="MTHFOST"/>
    <display value="foster mother"/>
    <definition value="foster mother"/>
  </concept>
  <concept>
    <code value="GESTM"/>
    <display value="gestational mother"/>
    <definition value="gestational mother"/>
  </concept>
  <concept>
    <code value="NMTH"/>
    <display value="natural mother"/>
    <definition value="natural mother"/>
  </concept>
  <concept>
    <code value="STPMTH"/>
    <display value="stepmother"/>
    <definition value="stepmother"/>
  </concept>
  <concept>
    <code value="NPRN"/>
    <display value="natural parent"/>
    <definition value="natural parent"/>
  </concept>
  <concept>
    <code value="STPPRN"/>
    <display value="step parent"/>
    <definition value="step parent"/>
  </concept>
  <concept>
    <code value="SIB"/>
    <display value="sibling"/>
    <definition value="sibling"/>
  </concept>
  <concept>
    <code value="BRO"/>
    <display value="brother"/>
    <definition value="brother"/>
  </concept>
  <concept>
    <code value="HBRO"/>
    <display value="half-brother"/>
    <definition value="half-brother"/>
  </concept>
  <concept>
    <code value="NBRO"/>
    <display value="natural brother"/>
    <definition value="natural brother"/>
  </concept>
  <concept>
    <code value="TWINBRO"/>
    <display value="twin brother"/>
    <definition value="twin brother"/>
  </concept>
  <concept>
    <code value="STPBRO"/>
    <display value="stepbrother"/>
    <definition value="stepbrother"/>
  </concept>
  <concept>
    <code value="HSIB"/>
    <display value="half-sibling"/>
    <definition value="half-sibling"/>
  </concept>
  <concept>
    <code value="HSIS"/>
    <display value="half-sister"/>
    <definition value="half-sister"/>
  </concept>
  <concept>
    <code value="NSIB"/>
    <display value="natural sibling"/>
    <definition value="natural sibling"/>
  </concept>
  <concept>
    <code value="NSIS"/>
    <display value="natural sister"/>
    <definition value="natural sister"/>
  </concept>
  <concept>
    <code value="TWINSIS"/>
    <display value="twin sister"/>
    <definition value="twin sister"/>
  </concept>
  <concept>
    <code value="TWIN"/>
    <display value="twin"/>
    <definition value="twin"/>
  </concept>
  <concept>
    <code value="SIS"/>
    <display value="sister"/>
    <definition value="sister"/>
  </concept>
  <concept>
    <code value="STPSIS"/>
    <display value="stepsister"/>
    <definition value="stepsister"/>
  </concept>
  <concept>
    <code value="STPSIB"/>
    <display value="step sibling"/>
    <definition value="step sibling"/>
  </concept>
  <concept>
    <code value="SIGOTHR"/>
    <display value="significant other"/>
    <definition value="significant other"/>
  </concept>
  <concept>
    <code value="DOMPART"/>
    <display value="domestic partner"/>
    <definition value="domestic partner"/>
  </concept>
  <concept>
    <code value="SPS"/>
    <display value="spouse"/>
    <definition value="spouse"/>
  </concept>
  <concept>
    <code value="HUSB"/>
    <display value="husband"/>
    <definition value="husband"/>
  </concept>
  <concept>
    <code value="WIFE"/>
    <display value="wife"/>
    <definition value="wife"/>
  </concept>
  <concept>
    <code value="FRND"/>
    <display value="unrelated friend"/>
    <definition value="unrelated friend"/>
  </concept>
  <concept>
    <code value="NBOR"/>
    <display value="neighbor"/>
    <definition value="neighbor"/>
  </concept>
</CodeSystem>