<?xml version="1.0" encoding="UTF-8"?>

<Organization xmlns="http://hl7.org/fhir">
  <id value="hopitaltest-service-11006-endocrino-diabo"/>
  <meta>
    <profile value="https://hl7.fr/ig/fhir/core/StructureDefinition/fr-core-organization"/>
  </meta>
  <text>
    <status value="generated"/><div xmlns="http://www.w3.org/1999/xhtml"><p class="res-header-id"><b>Narratif généré : Organisation hopitaltest-service-11006-endocrino-diabo</b></p><a name="hopitaltest-service-11006-endocrino-diabo"> </a><a name="hchopitaltest-service-11006-endocrino-diabo"> </a><div style="display: inline-block; background-color: #d9e0e7; padding: 6px; margin: 4px; border: 1px solid #8da1b4; border-radius: 5px; line-height: 60%"><p style="margin-bottom: 0px"/><p style="margin-bottom: 0px">Profil: <a href="StructureDefinition-fr-core-organization.html">FR Core Organization Profile</a></p></div><p><b>identifier</b>: <code>http://hopitalTest.fr/namingsystem/organization</code>/11006 (utilisation : official, )</p><p><b>type</b>: <span title="Codes :{https://hl7.fr/ig/fhir/core/CodeSystem/fr-core-cs-v2-3307 SERVICE}">SERVICE</span></p><p><b>name</b>: Service Endocrino Diabeto</p></div>
  </text>
  <identifier>
    <use value="official"/>
    <system value="http://hopitalTest.fr/namingsystem/organization"/>
    <value value="11006"/>
  </identifier>
  <type>
    <coding>
      <system value="https://hl7.fr/ig/fhir/core/CodeSystem/fr-core-cs-v2-3307"/>
      <code value="SERVICE"/>
      <display value="Service"/>
    </coding>
    <text value="SERVICE"/>
  </type>
  <name value="Service Endocrino Diabeto"/>
</Organization>