<?xml version="1.0" encoding="UTF-8"?>

<ValueSet xmlns="http://hl7.org/fhir">
  <id value="fr-core-vs-oragnization-code-tarif-tnjp"/>
  <meta>
    <profile value="http://hl7.org/fhir/StructureDefinition/shareablevalueset|4.0.1"/>
  </meta>
  <text>
    <status value="generated"/><div xmlns="http://www.w3.org/1999/xhtml"><p class="res-header-id"><b>Narratif généré : EnsembleValeurs fr-core-vs-oragnization-code-tarif-tnjp</b></p><a name="fr-core-vs-oragnization-code-tarif-tnjp"> </a><a name="hcfr-core-vs-oragnization-code-tarif-tnjp"> </a><div style="display: inline-block; background-color: #d9e0e7; padding: 6px; margin: 4px; border: 1px solid #8da1b4; border-radius: 5px; line-height: 60%"><p style="margin-bottom: 0px"/><p style="margin-bottom: 0px">Profil: <a href="http://hl7.org/fhir/R4/shareablevalueset.html">Shareable ValueSetversion : null4.0.1)</a></p></div><ul><li>Include tous les codes définis dans <a href="CodeSystem-fr-core-cs-code-tarif-tnjp.html"><code>https://hl7.fr/ig/fhir/core/CodeSystem/fr-core-cs-code-tarif-tnjp</code></a><span title="La version nest pas explicitement indiquée, ce qui signifie quelle est fixée à la version fournie dans cette spécification"> version &#x1F4E6;2.2.0-ballot</span></li></ul></div>
  </text>
  <url value="https://hl7.fr/ig/fhir/core/ValueSet/fr-core-vs-oragnization-code-tarif-tnjp"/>
  <version value="2.2.0-ballot"/>
  <name value="FRCoreValueSetOrganizationCodeTarifTNJP"/>
  <title value="FR Core ValueSet Codes Tarifs - nomenclature TNJP"/>
  <status value="active"/>
  <experimental value="false"/>
  <date value="2026-01-22T13:18:32+00:00"/>
  <publisher value="Interop'Santé"/>
  <contact>
    <name value="Interop'Santé"/>
    <telecom>
      <system value="url"/>
      <value value="http://interopsante.org/"/>
    </telecom>
  </contact>
  <contact>
    <name value="InteropSanté"/>
    <telecom>
      <system value="email"/>
      <value value="fhir@interopsante.org"/>
      <use value="work"/>
    </telecom>
  </contact>
  <description value="Valeurs permettant de coder les codes TNJP (Tarification nationale journalière des prestations)."/>
  <jurisdiction>
    <coding>
      <system value="urn:iso:std:iso:3166"/>
      <code value="FR"/>
      <display value="France"/>
    </coding>
  </jurisdiction>
  <compose>
    <include>
      <system value="https://hl7.fr/ig/fhir/core/CodeSystem/fr-core-cs-code-tarif-tnjp"/>
    </include>
  </compose>
</ValueSet>